-15.0068,-11.3892,-0.00173065,-0.00171615,-6.62029e-10,9.87524e-10
-15.4201,-6.94399,0.0977286,0.0917921,-1.06602,1.40462
-0.483444,0.665563,1.14058,1.12638,-4.26595,7.54313
12.2042,7.52251,2.57428,2.56291,-6.02692,11.0849
9.74757,2.40291,4.32141,4.31262,-5.76318,10.876
-1.55833,-6.96333,5.80612,5.79835,-5.91079,9.89471
-10.4,-10.9597,7.33722,7.32034,-7.61751,10.3929
-3.34423,-2.26334,8.8309,8.81774,-11.5683,13.842
1.32823,6.93537,10.5356,10.5254,-15.0498,17.1708
3.7632,8.11584,11.6995,11.6878,-15.9704,18.8148
5.32818,-0.314433,13.012,13.0042,-15.523,20.1698
4.33737,-0.586505,13.5587,13.5527,-16.5887,20.4022
3.32348,3.29565,13.7831,13.7787,-17.5521,20.4569
2.82812,6.875,13.6536,13.6516,-18.359,20.4272
4.74479,6.2691,13.1936,13.1936,-17.5046,20.2405
5.57143,4.71429,12.4291,12.4295,-16.3487,19.5794
4.37479,4.10733,11.4084,11.4099,-15.0455,18.2601
2.37031,4.02218,9.76673,9.77031,-13.1893,16.3053
1.58179,4.43508,8.20362,8.20639,-11.4625,14.8636
3.86589,3.45199,5.97236,5.97579,-8.7436,13.0994
5.25162,0.987013,4.04554,4.04998,-6.27837,10.9387
0.305466,1.14148,2.00406,2.00943,-4.11724,8.08177
3.1248,-0.0486224,-0.0744801,-0.0712492,-1.86778,5.97142
3.84152,0.573693,-2.14989,-2.14614,0.158532,3.60732
1.14921,0.62381,-5.12979,-5.1261,3.2149,-0.894013
-4.12928,-0.00155763,-6.97743,-6.97354,5.45633,-3.72315
-5.89815,-0.896605,-8.65966,-8.65603,7.45977,-5.60153
-4.18989,-0.882083,-10.1534,-10.1504,9.10819,-6.53731
0.158951,-0.584877,-11.4121,-11.4096,10.3962,-7.2767
-1.58359,-0.00303951,-12.4042,-12.4024,11.4027,-8.81771
-3.03035,0.0789074,-12.9569,-12.9554,12.0103,-9.75324
-3.12672,-0.879389,-13.4689,-13.4689,12.8036,-10.6153
-4.42791,-2.57669,-13.4814,-13.4817,13.2838,-10.9972
-6.03982,-5.47167,-13.176,-13.177,13.659,-10.9585
-5.48457,-9.94599,-12.3111,-12.3137,13.95,-9.94941
-5.06412,-15.1298,-11.56,-11.5626,13.5832,-9.10133
-4.69231,-10.9185,-10.0278,-10.0315,9.98382,-7.17352
-4.74923,0.418462,-8.5353,-8.53871,6.62571,-5.22211
-3.07378,3.88069,-6.40527,-6.40978,4.37145,-2.50235
0.446571,-3.04147,-4.53825,-4.54175,3.76597,-0.16869
0.095624,-7.80065,-2.56691,-2.56966,2.24958,1.62917
-3.31751,-4.97054,-0.531981,-0.535715,-0.83726,3.23622
-5.92659,1.70636,1.53344,1.53029,-4.25608,5.49661
-1.6932,4.30348,3.06408,3.06034,-6.21791,7.76257
-0.382208,3.01812,4.57876,4.57514,-7.39567,10.2479
2.12211,-0.610561,6.57465,6.5715,-8.67661,12.9248
4.16667,-2.38833,8.79052,8.78746,-10.6799,15.6446
3.16074,-0.50423,10.3005,10.2978,-12.9858,17.1672
4.08446,3.5777,11.544,11.5419,-15.2673,18.5717
4.20513,6.18974,12.4807,12.4792,-16.7217,19.5941
5.22165,5.57904,13.1869,13.1863,-17.24,20.3079
3.89081,4.08839,13.3544,13.3549,-17.2253,20.3296
3.82211,4.01036,13.2937,13.2949,-17.1657,20.2303
3.46404,5.04623,12.8336,12.8354,-16.862,19.9156
4.65986,5.01531,12.4479,12.4495,-16.4339,19.6111
4.32542,4.58644,11.1163,11.1196,-14.7875,18.2574
5.11664,3.52316,9.74742,9.75182,-13.1031,16.7428
2.60899,4.21797,8.14021,8.14534,-11.3998,14.9228
4.30885,3.16027,6.35363,6.35877,-9.36388,13.0404
1.49427,3.39935,4.83356,4.83842,-7.55993,11.2173
3.37541,1.84754,2.46311,2.46826,-4.87792,9.00357
6.07754,1.99354,-0.559677,-0.55427,-1.82042,5.94241
0.326019,2.09561,-2.90849,-2.90328,0.893465,2.29321
0.862776,-0.621451,-5.65321,-5.64868,4.30835,-1.21303
-0.923077,-2.29199,-7.62827,-7.62391,6.64571,-3.77517
-4.48372,-2.51628,-10.0952,-10.0917,9.2296,-7.41853
-4.73906,-1.90937,-11.0887,-11.0856,10.2043,-8.64389
-5.56037,-1.21362,-12.3513,-12.3494,11.4768,-10.0724
-4.90615,-1.18923,-12.8544,-12.8532,12.0719,-10.5375
-5.72171,-2.35015,-13.1727,-13.173,12.8489,-10.9086
-5.60429,-5.91104,-12.6936,-12.6947,13.6031,-10.4427
-5.70769,-10.8185,-12.3619,-12.3639,13.6675,-10.1143
-5.45216,-9.18364,-11.3437,-11.3453,12.1558,-8.86594
-4.9321,-7.99383,-10.2734,-10.2769,10.6057,-7.64529
-5.95981,-6.21329,-8.04944,-8.05418,7.72602,-5.35022
-4.27673,-3.15723,-6.07285,-6.07905,5.05921,-2.77311
-2.32692,-2.39423,-3.48498,-3.49067,2.12716,0.412842
-0.94281,-2.87092,-1.32502,-1.33131,-0.15701,2.81358
-2.5367,-1.40946,0.317994,0.311465,-2.05967,4.55301
-0.973554,-0.171901,2.61723,2.61111,-4.81345,7.42921
-0.210351,0.555927,4.29262,4.28621,-6.72413,9.50424
-1.45847,1.85382,6.40295,6.3971,-9.03243,12.0245
0.402318,1.99007,8.75762,8.75297,-11.4487,15.5941
8.21269,0.521441,10.3142,10.3106,-13.2162,18.153
10.1121,2.33448,11.2714,11.2684,-14.5364,19.2344
3.62331,4.23142,12.0118,12.0094,-15.7646,18.8386
2.93368,4.726,12.4874,12.4856,-16.4613,18.9146
4.51761,4.88908,12.6849,12.6834,-16.8521,19.1398
2.68467,6.16028,12.4497,12.4495,-16.8588,18.6614
0.924658,7.10274,11.9719,11.9729,-16.3328,18.3088
1.83953,6.90878,10.9839,10.9852,-15.0495,18.0553
7.44073,4.82638,9.67312,9.67498,-13.2085,17.6797
9.78763,3.27592,8.0599,8.06256,-11.2061,16.1351
4.81157,3.58017,6.20612,6.21019,-9.23113,13.2396
2.98689,2.98361,3.98826,3.9935,-6.81486,10.3799
2.14263,3.80227,1.61459,1.61977,-4.39351,7.82059
2.84945,2.53724,-0.766753,-0.762178,-1.6362,5.19304
4.062,0.332273,-2.54847,-2.54308,0.548147,3.10205
1.70317,-0.769841,-5.38569,-5.38135,3.82972,-0.956756
-4.28393,-0.472699,-7.91423,-7.91078,6.61429,-5.0161
-5.48438,-1.3125,-10.003,-10.0002,8.83944,-7.6499
-5.21118,-0.774845,-11.8399,-11.8383,10.7448,-9.58137
-6.46615,-0.387692,-12.6493,-12.648,11.6751,-10.5993
-6.31595,-1.38037,-13.0978,-13.0972,12.402,-10.9308
-6.3858,-4.41821,-13.0144,-13.0143,13.2055,-10.802
-5.79102,-8.72446,-12.6415,-12.6426,13.5086,-10.447
-5.59538,-13.4062,-11.4628,-11.4641,13.2034,-9.18603
-5.61838,-11.595,-10.0927,-10.0948,11.0596,-7.69431
-5.69767,-8.26822,-8.86524,-8.86702,8.91974,-6.22799
-6.89812,-3.80408,-6.4407,-6.44301,5.52129,-3.57234
-2.45208,-2.42013,-4.28133,-4.28389,3.0258,-0.389175
-0.298046,-2.90554,-1.4742,-1.47717,0.141521,2.92311
-0.965517,-3.34483,0.811589,0.808231,-2.37428,5.12235
-1.31333,0.706667,3.08991,3.08644,-5.52704,7.64314
-0.787879,1.64478,5.80065,5.79809,-8.54642,10.7999
-0.221843,1.04096,7.74754,7.74473,-10.5217,13.3079
0.347315,2.95973,9.4771,9.47363,-12.6635,15.9175
4.35544,3.69048,11.1982,11.1956,-14.6524,18.8542
9.52218,3.21502,12.1962,12.1943,-15.7952,20.3266
6.61395,4.26531,12.9468,12.946,-16.9879,20.0653
1.91141,5.9506,13.1441,13.1444,-17.6082,19.7058
3.20696,7.04,12.9188,12.9197,-17.422,19.9635
8.37436,6.07692,12.0728,12.0755,-16.2777,20.0375
7.843,5.03242,10.6696,10.6723,-14.5524,18.0108
1.98157,5.72697,9.22719,9.23066,-12.9417,15.8337
3.6932,4.18076,7.20101,7.20527,-10.4499,14.0336
4.40625,3.37171,3.95928,3.96264,-6.78544,11.0808
4.5696,2.3776,1.94388,1.94828,-4.4177,8.70432
3.28571,1.33175,0.36503,0.369312,-2.54025,6.58123
1.68075,1.88889,-1.78911,-1.78591,-0.269917,3.89245
0.317263,1.50544,-2.92832,-2.92547,0.79623,2.60342
2.67987,-0.348653,-5.63477,-5.63202,4.08694,-0.5547
1.3577,-1.0311,-8.08346,-8.08097,6.87225,-4.07196
-5.27093,-1.00913,-9.74925,-9.74696,8.64911,-7.00616
-5.25352,-1.26448,-10.4713,-10.4687,9.38608,-8.00114
-4.58869,-0.80581,-11.892,-11.8949,10.8757,-9.32855
-4.83717,-0.995392,-12.5879,-12.5905,11.7774,-10.1594
-6.27957,-3.6129,-12.8358,-12.8381,12.7741,-10.7153
-7.59724,-7.05054,-12.3596,-12.3626,13.3647,-10.4289
-6.20092,-12.1626,-11.5496,-11.5533,13.2722,-9.25357
-5.34977,-12.98,-10.1015,-10.1048,11.4158,-7.54472
-6.04859,-7.85423,-8.19888,-8.20402,8.33629,-5.72517
-5.96703,-4.40031,-5.79441,-5.79872,4.84493,-2.82064
-6.38389,-2.59084,-3.68335,-3.68844,2.39852,-0.279653
0.268293,-2.40976,0.158018,0.153768,-1.64705,5.17395
0.679339,-2.22149,2.32269,2.31786,-4.00005,7.50565
-1.43021,0.417077,5.45662,5.45189,-8.13483,10.5981
-0.109983,1.50085,6.91997,6.91541,-9.9273,12.5156
2.18601,3.29693,8.7115,8.70727,-12.0318,15.0116
2.62649,3.48557,9.88993,9.88619,-13.2241,16.4773
2.46271,2.70847,11.5063,11.5035,-14.7005,18.413
6.88144,2.43643,12.6079,12.6062,-16.046,20.1321
7.66205,3.81976,13.2199,13.2188,-17.3829,20.4736
3.79897,7.30584,13.2192,13.219,-17.8148,20.1678
2.51871,6.97619,12.7518,12.7533,-17.1404,19.6772
4.72743,6.06644,11.7083,11.7105,-15.6719,19.3893
10.3532,4.56997,10.5104,10.5137,-14.2305,18.6185
3.3245,4.60762,8.6309,8.63497,-12.0897,15.1087
0.895973,4.82718,5.96258,5.96765,-9.23235,12.2489
3.66557,3.3229,4.04008,4.04564,-6.72544,10.7282
5.54281,0.710824,2.04256,2.04891,-4.2633,8.7336
3.1952,1.1728,-1.02409,-1.01831,-1.15927,4.70879
1.2717,0.549839,-3.07661,-3.07153,1.14694,1.73931
-0.551887,-0.209119,-4.61899,-4.61428,2.91683,-0.375239
-2.60972,-0.568966,-6.60788,-6.60318,5.11481,-2.83438
-2.27786,-0.623234,-8.00241,-7.998,6.68453,-4.29134
-3.03533,-0.545315,-9.66083,-9.65687,8.49429,-5.97879
-2.67073,-0.265244,-10.7254,-10.7222,9.59317,-7.0539
-2.99699,0.173193,-12.0295,-12.0274,11.0279,-8.52079
-3.24508,-0.66112,-12.6437,-12.6427,11.8963,-9.43368
-3.87062,-3.04414,-12.8671,-12.8674,12.8562,-10.3149
-8.16539,-9.2879,-12.3109,-12.3131,13.5193,-10.6659
-8.73148,-13.3673,-11.2121,-11.2157,12.9663,-9.52479
-7.29734,-14.8419,-9.62058,-9.6249,10.5116,-7.25794
-5.32182,-3.57457,-7.97435,-7.9789,6.77016,-4.92005
-3.56495,-1.09077,-5.04356,-5.04772,3.71284,-1.38421
-3.64791,-5.32315,-2.39321,-2.39804,1.67037,1.40086
-3.77147,-7.03566,0.885977,0.880251,-1.86023,4.94481
-1.25207,-2.25705,1.95788,1.9522,-3.68798,6.42092
0.234899,4.02349,4.65511,4.6502,-8.00306,9.95992
-0.860697,5.5141,5.68974,5.685,-9.2426,11.0611
-0.0415282,0.880399,8.93811,8.93464,-11.1629,15.5599
5.25932,-1.38136,10.7782,10.7755,-13.4352,18.7225
10.3874,1.9215,11.6522,11.6499,-15.2001,19.8191
7.82474,6.689,12.5303,12.5285,-17.0725,19.8693
0.817241,7.67069,13.0759,13.0749,-17.6746,19.0848
1.76655,5.47561,12.9997,13.0003,-17.0558,19.752
4.71945,4.80379,12.7318,12.7327,-16.64,19.9821
7.25297,5.8455,11.7375,11.7398,-15.8322,19.6017
7.27104,6.24411,10.6083,10.6123,-14.6064,18.208
3.51765,5.88571,8.75312,8.75899,-12.2619,15.578
3.33221,3.33054,6.43229,6.43859,-9.23783,13.2234
3.67769,2.11901,4.91389,4.92087,-7.48666,11.6368
0.222581,2.43065,2.28521,2.29251,-4.67078,8.49986
5.32689,2.19807,-0.00881815,-0.0133123,-2.39713,6.50937
1.83617,2.79289,-1.69677,-1.69067,-0.517667,4.72
1.78638,-0.566563,-4.97517,-4.96943,3.69225,0.503205
3.11654,-2.63622,-7.01374,-7.00901,6.06735,-2.37168
-2.17997,-2.82629,-8.40125,-8.39714,7.49457,-4.94739
-5.06604,-2.17453,-10.0166,-10.0131,9.06691,-7.62303
-6.6935,-1.47523,-11.318,-11.3153,10.3525,-9.17401
-5.29521,-1.12519,-12.5873,-12.5857,11.7899,-10.1896
-5.25039,-1.6306,-12.9166,-12.9158,12.3321,-10.5324
-6.09524,-3.61598,-12.9563,-12.9562,12.9154,-10.7161
-5.85145,-6.97856,-12.7511,-12.751,13.2675,-10.4918
-5.31595,-11.0215,-11.8476,-11.8486,13.1356,-9.43725
-3.83876,-9.10388,-10.313,-10.3142,10.5477,-7.76622
-4.80997,-5.05919,-9.13685,-9.13842,8.67959,-6.69926
