24208526.000000,1,0.000,0.000,0.000,0.000,0.000,0.000000
24209879.000000,1,108.000,106.000,91.000,95.000,75.000,475.000000
24211242.000000,1,106.000,95.000,93.000,89.000,73.000,456.000000
24212722.000000,1,114.000,114.000,94.000,106.000,81.000,509.000000
24214092.000000,1,110.000,121.000,96.000,111.000,83.000,521.000000
24215480.000000,1,106.000,125.000,93.000,125.000,86.000,535.000000
24216870.000000,1,105.000,118.000,92.000,114.000,81.000,510.000000
24218283.000000,1,106.000,125.000,99.000,107.000,77.000,514.000000
24219680.000000,1,108.000,123.000,103.000,107.000,78.000,519.000000
24221076.000000,1,128.000,124.000,103.000,119.000,73.000,547.000000
24222502.000000,1,128.000,125.000,102.000,125.000,73.000,553.000000
24223910.000000,1,122.000,124.000,103.000,109.000,72.000,530.000000
24225288.000000,1,124.000,124.000,114.000,106.000,70.000,538.000000
24226642.000000,1,117.000,108.000,101.000,106.000,77.000,509.000000
24228020.000000,1,125.000,114.000,107.000,106.000,74.000,526.000000
24229384.000000,1,123.000,121.000,105.000,113.000,75.000,537.000000
24230784.000000,1,119.000,112.000,103.000,106.000,76.000,516.000000
24232170.000000,1,107.000,114.000,98.000,104.000,77.000,500.000000
24233596.000000,1,102.000,114.000,93.000,101.000,77.000,487.000000
24234952.000000,1,117.000,124.000,103.000,108.000,71.000,523.000000
24236335.000000,1,124.000,118.000,100.000,115.000,70.000,527.000000
24237704.000000,1,114.000,108.000,96.000,103.000,75.000,496.000000
24239058.000000,1,96.000,109.000,88.000,97.000,81.000,471.000000
24240436.000000,1,122.000,117.000,102.000,108.000,67.000,516.000000
24241810.000000,1,117.000,124.000,105.000,122.000,73.000,541.000000
24243148.000000,1,99.000,111.000,93.000,101.000,76.000,480.000000
24244537.000000,1,113.000,118.000,99.000,110.000,77.000,517.000000
24245938.000000,1,109.000,125.000,101.000,112.000,76.000,523.000000
24247316.000000,1,122.000,109.000,103.000,103.000,67.000,504.000000
24248701.000000,1,115.000,106.000,97.000,100.000,65.000,483.000000
24250075.000000,1,106.000,111.000,104.000,87.000,73.000,481.000000
24251467.000000,1,107.000,99.000,102.000,91.000,72.000,471.000000
24252843.000000,1,98.000,100.000,93.000,99.000,69.000,459.000000
24254225.000000,1,105.000,99.000,101.000,85.000,80.000,470.000000
24255607.000000,1,100.000,93.000,92.000,82.000,71.000,438.000000
24256990.000000,1,112.000,101.000,102.000,82.000,70.000,467.000000
24258361.000000,1,111.000,95.000,98.000,79.000,69.000,452.000000
24259746.000000,1,110.000,107.000,102.000,80.000,73.000,472.000000
24261126.000000,1,99.000,88.000,94.000,77.000,69.000,427.000000
24262525.000000,1,119.000,101.000,103.000,83.000,69.000,475.000000
24263898.000000,1,108.000,102.000,97.000,83.000,69.000,459.000000
24265301.000000,1,105.000,93.000,105.000,81.000,63.000,447.000000
24266676.000000,1,105.000,93.000,103.000,84.000,71.000,456.000000
24268064.000000,1,104.000,100.000,101.000,83.000,72.000,460.000000
24269435.000000,1,103.000,101.000,99.000,85.000,68.000,456.000000
24270801.000000,1,106.000,99.000,107.000,87.000,72.000,471.000000
24272177.000000,1,105.000,100.000,100.000,73.000,78.000,456.000000
24273533.000000,1,115.000,103.000,103.000,84.000,65.000,470.000000
24274915.000000,1,100.000,98.000,91.000,94.000,60.000,443.000000
24276293.000000,1,102.000,93.000,104.000,89.000,69.000,457.000000
24277690.000000,1,104.000,99.000,95.000,87.000,70.000,455.000000
24279075.000000,1,104.000,111.000,93.000,86.000,68.000,462.000000
24280463.000000,1,102.000,95.000,93.000,84.000,68.000,442.000000
24281822.000000,1,103.000,94.000,102.000,83.000,65.000,447.000000
24283227.000000,1,102.000,93.000,109.000,80.000,68.000,452.000000
24284613.000000,1,105.000,93.000,101.000,83.000,68.000,450.000000
24286037.000000,1,106.000,104.000,96.000,87.000,68.000,461.000000
24287420.000000,1,103.000,93.000,102.000,84.000,66.000,448.000000
24288846.000000,1,105.000,97.000,93.000,76.000,63.000,434.000000
24290242.000000,1,105.000,93.000,96.000,73.000,63.000,430.000000
24291617.000000,1,105.000,109.000,95.000,75.000,62.000,446.000000
24292976.000000,1,105.000,106.000,96.000,75.000,62.000,444.000000
24294384.000000,1,116.000,102.000,104.000,76.000,68.000,466.000000
24295754.000000,1,125.000,99.000,102.000,78.000,66.000,470.000000
24297162.000000,1,117.000,93.000,103.000,74.000,66.000,453.000000
24298514.000000,1,104.000,92.000,94.000,72.000,65.000,427.000000
24299888.000000,1,104.000,94.000,94.000,73.000,64.000,429.000000
24301267.000000,1,112.000,95.000,95.000,79.000,65.000,446.000000
24302644.000000,1,112.000,99.000,95.000,79.000,68.000,453.000000
24304013.000000,1,105.000,99.000,92.000,70.000,68.000,434.000000
24305385.000000,1,118.000,101.000,103.000,82.000,67.000,471.000000
24306790.000000,1,114.000,101.000,97.000,79.000,64.000,455.000000
24308188.000000,1,106.000,97.000,99.000,80.000,66.000,448.000000
24309558.000000,1,106.000,95.000,109.000,80.000,64.000,454.000000
24310928.000000,1,124.000,104.000,106.000,78.000,65.000,477.000000
24312327.000000,1,117.000,94.000,105.000,74.000,66.000,456.000000
24313704.000000,1,109.000,97.000,102.000,76.000,73.000,457.000000
24315071.000000,1,112.000,106.000,93.000,72.000,72.000,455.000000
24316446.000000,1,116.000,101.000,105.000,79.000,68.000,469.000000
24317828.000000,1,113.000,96.000,104.000,75.000,68.000,456.000000
24319182.000000,1,108.000,96.000,104.000,76.000,69.000,453.000000
24320608.000000,1,110.000,108.000,102.000,78.000,70.000,468.000000
24322014.000000,1,113.000,109.000,106.000,78.000,72.000,478.000000
24323444.000000,1,116.000,101.000,103.000,78.000,73.000,471.000000
24324855.000000,1,115.000,101.000,105.000,81.000,72.000,474.000000
24326275.000000,1,120.000,94.000,106.000,79.000,73.000,472.000000
24327652.000000,1,106.000,92.000,101.000,75.000,69.000,443.000000
24329043.000000,2,26.000,23.000,26.000,18.000,17.000,110.000000
24330400.000000,2,0.000,0.000,0.000,0.000,0.000,0.000000
24331771.000000,2,27.000,12.000,0.000,0.000,0.000,39.000000
24333152.000000,2,35.000,16.000,0.000,0.000,0.000,51.000000
24334555.000000,2,26.000,0.000,0.000,0.000,0.000,26.000000
24335952.000000,2,57.000,6.000,0.000,0.000,0.000,63.000000
24337329.000000,2,0.000,0.000,0.000,0.000,0.000,0.000000
24338709.000000,2,0.000,0.000,0.000,0.000,0.000,0.000000
24340085.000000,2,19.000,0.000,0.000,0.000,0.000,19.000000
24341476.000000,2,64.000,30.000,2.000,0.000,0.000,96.000000
24342848.000000,2,73.000,4.000,3.000,0.000,0.000,80.000000
24344258.000000,2,29.000,0.000,0.000,0.000,0.000,29.000000
24345666.000000,2,0.000,0.000,0.000,0.000,0.000,0.000000
24347061.000000,2,2.000,0.000,0.000,0.000,0.000,2.000000
24348452.000000,2,0.000,0.000,0.000,0.000,0.000,0.000000
24349836.000000,2,32.000,3.000,0.000,0.000,0.000,35.000000
24351213.000000,2,0.000,0.000,0.000,0.000,0.000,0.000000
24352567.000000,2,0.000,0.000,0.000,0.000,0.000,0.000000
24353927.000000,2,0.000,0.000,0.000,0.000,0.000,0.000000
24355311.000000,2,0.000,0.000,0.000,0.000,0.000,0.000000
24356701.000000,2,5.000,0.000,0.000,0.000,0.000,5.000000
24358078.000000,2,27.000,7.000,0.000,0.000,0.000,34.000000
24359462.000000,2,30.000,2.000,0.000,0.000,0.000,32.000000
24360872.000000,2,0.000,0.000,0.000,0.000,0.000,0.000000
24362234.000000,2,5.000,0.000,0.000,0.000,0.000,5.000000
24363629.000000,2,0.000,0.000,0.000,0.000,0.000,0.000000
24365016.000000,2,0.000,0.000,0.000,0.000,0.000,0.000000
24366374.000000,2,11.000,0.000,0.000,0.000,0.000,11.000000
24367745.000000,2,0.000,0.000,0.000,0.000,0.000,0.000000
24369104.000000,2,0.000,0.000,0.000,0.000,0.000,0.000000
24370470.000000,2,34.000,0.000,0.000,0.000,0.000,34.000000
24371849.000000,2,45.000,3.000,0.000,0.000,0.000,48.000000
24373203.000000,2,23.000,0.000,0.000,0.000,0.000,23.000000
24374602.000000,2,49.000,0.000,0.000,0.000,0.000,49.000000
24375985.000000,2,47.000,3.000,0.000,0.000,0.000,50.000000
24377369.000000,2,44.000,0.000,0.000,0.000,0.000,44.000000
24378775.000000,2,21.000,0.000,0.000,0.000,0.000,21.000000
24380165.000000,2,77.000,7.000,0.000,0.000,0.000,84.000000
24381565.000000,2,2.000,0.000,0.000,0.000,0.000,2.000000
24382917.000000,2,36.000,0.000,0.000,0.000,0.000,36.000000
24384283.000000,2,64.000,0.000,0.000,0.000,0.000,64.000000
24385640.000000,2,71.000,0.000,0.000,0.000,0.000,71.000000
24387047.000000,2,71.000,0.000,0.000,0.000,0.000,71.000000
24388413.000000,2,66.000,9.000,0.000,0.000,0.000,75.000000
24389794.000000,2,15.000,0.000,0.000,0.000,0.000,15.000000
24391199.000000,2,8.000,0.000,0.000,0.000,0.000,8.000000
24392601.000000,2,22.000,0.000,0.000,0.000,0.000,22.000000
24393983.000000,2,41.000,0.000,0.000,0.000,0.000,41.000000
24395369.000000,2,20.000,0.000,0.000,0.000,0.000,20.000000
24396740.000000,2,53.000,4.000,0.000,0.000,0.000,57.000000
24398135.000000,2,35.000,0.000,0.000,0.000,0.000,35.000000
24399560.000000,2,63.000,0.000,0.000,0.000,0.000,63.000000
24400934.000000,2,46.000,0.000,0.000,0.000,0.000,46.000000
24402318.000000,2,0.000,0.000,0.000,0.000,0.000,0.000000
24403686.000000,2,3.000,0.000,0.000,0.000,0.000,3.000000
24405104.000000,2,51.000,0.000,0.000,0.000,0.000,51.000000
24406474.000000,2,3.000,0.000,0.000,0.000,0.000,3.000000
24407879.000000,2,59.000,11.000,0.000,0.000,0.000,70.000000
24409279.000000,2,69.000,0.000,0.000,0.000,0.000,69.000000
24410666.000000,2,67.000,0.000,0.000,0.000,0.000,67.000000
24412100.000000,2,51.000,0.000,0.000,0.000,0.000,51.000000
24413519.000000,2,16.000,0.000,0.000,0.000,0.000,16.000000
24414928.000000,2,25.000,0.000,0.000,0.000,0.000,25.000000
24416356.000000,2,43.000,14.000,0.000,0.000,0.000,57.000000
24420375.000000,2,43.000,4.000,0.000,0.000,0.000,47.000000
24421786.000000,2,39.000,7.000,0.000,0.000,0.000,46.000000
24423218.000000,2,49.000,14.000,0.000,0.000,0.000,63.000000
24424622.000000,2,28.000,0.000,0.000,0.000,0.000,28.000000
24426049.000000,2,0.000,0.000,0.000,0.000,0.000,0.000000
24427474.000000,2,0.000,0.000,0.000,0.000,0.000,0.000000
24428895.000000,2,10.000,0.000,0.000,0.000,0.000,10.000000
24430330.000000,2,5.000,0.000,0.000,0.000,0.000,5.000000
24431757.000000,2,17.000,0.000,0.000,0.000,0.000,17.000000
24433170.000000,2,39.000,0.000,0.000,0.000,0.000,39.000000
24434593.000000,2,36.000,4.000,0.000,0.000,0.000,40.000000
24436000.000000,2,42.000,0.000,0.000,0.000,0.000,42.000000
24437428.000000,2,52.000,17.000,0.000,0.000,0.000,69.000000
24438836.000000,2,48.000,18.000,0.000,0.000,0.000,66.000000
24440246.000000,2,44.000,17.000,3.000,0.000,0.000,64.000000
24441686.000000,2,46.000,10.000,0.000,0.000,0.000,56.000000
24443128.000000,2,43.000,0.000,0.000,0.000,0.000,43.000000
24444545.000000,2,29.000,3.000,0.000,0.000,0.000,32.000000
24445954.000000,2,13.000,0.000,0.000,0.000,0.000,13.000000
24447360.000000,2,0.000,0.000,0.000,0.000,0.000,0.000000
24448777.000000,2,9.000,0.000,0.000,0.000,0.000,9.000000
24450170.000000,2,4.000,0.000,0.000,0.000,0.000,4.000000
24451584.000000,3,71.000,10.000,0.000,0.000,0.000,81.000000
24452982.000000,3,74.000,89.000,0.000,0.000,0.000,163.000000
24454377.000000,3,80.000,70.000,0.000,0.000,0.000,150.000000
24455799.000000,3,108.000,0.000,0.000,0.000,0.000,108.000000
24457221.000000,3,99.000,0.000,0.000,0.000,0.000,99.000000
24458612.000000,3,91.000,0.000,0.000,0.000,0.000,91.000000
24460045.000000,3,55.000,22.000,0.000,0.000,0.000,77.000000
24461460.000000,3,70.000,74.000,0.000,0.000,0.000,144.000000
24462882.000000,3,87.000,0.000,0.000,0.000,0.000,87.000000
24464283.000000,3,94.000,0.000,0.000,0.000,0.000,94.000000
24465704.000000,3,92.000,0.000,0.000,0.000,0.000,92.000000
24467096.000000,3,95.000,8.000,0.000,0.000,0.000,103.000000
24468503.000000,3,86.000,17.000,0.000,0.000,0.000,103.000000
24469917.000000,3,80.000,39.000,0.000,0.000,0.000,119.000000
24471338.000000,3,69.000,80.000,9.000,0.000,0.000,158.000000
24472767.000000,3,95.000,0.000,0.000,0.000,0.000,95.000000
24474161.000000,3,69.000,0.000,0.000,0.000,0.000,69.000000
24475570.000000,3,10.000,11.000,0.000,0.000,0.000,21.000000
24476988.000000,3,85.000,35.000,0.000,0.000,0.000,120.000000
24478414.000000,3,89.000,11.000,0.000,0.000,0.000,100.000000
24479802.000000,3,105.000,0.000,0.000,0.000,0.000,105.000000
24481208.000000,3,103.000,0.000,0.000,0.000,0.000,103.000000
24482631.000000,3,105.000,0.000,0.000,0.000,0.000,105.000000
24484022.000000,3,82.000,15.000,0.000,0.000,0.000,97.000000
24485430.000000,3,93.000,20.000,0.000,0.000,0.000,113.000000
24486854.000000,3,95.000,0.000,0.000,0.000,0.000,95.000000
24488279.000000,3,95.000,0.000,0.000,0.000,0.000,95.000000
24489685.000000,3,93.000,0.000,0.000,0.000,0.000,93.000000
24491094.000000,3,86.000,0.000,0.000,0.000,0.000,86.000000
24492496.000000,3,93.000,0.000,0.000,0.000,0.000,93.000000
24493924.000000,3,118.000,0.000,0.000,0.000,0.000,118.000000
24495345.000000,3,109.000,0.000,0.000,0.000,0.000,109.000000
24496758.000000,3,110.000,0.000,0.000,0.000,0.000,110.000000
24498176.000000,3,121.000,0.000,0.000,0.000,0.000,121.000000
24499564.000000,3,105.000,0.000,0.000,0.000,0.000,105.000000
24500951.000000,3,88.000,0.000,0.000,0.000,0.000,88.000000
24502374.000000,3,66.000,12.000,0.000,0.000,0.000,78.000000
24503779.000000,3,105.000,0.000,0.000,0.000,0.000,105.000000
24505172.000000,3,107.000,0.000,0.000,0.000,0.000,107.000000
24506597.000000,3,102.000,9.000,0.000,0.000,0.000,111.000000
24508018.000000,3,117.000,0.000,0.000,0.000,0.000,117.000000
24509430.000000,3,105.000,52.000,0.000,0.000,0.000,157.000000
24510844.000000,3,90.000,44.000,0.000,0.000,0.000,134.000000
24512233.000000,3,105.000,0.000,0.000,0.000,0.000,105.000000
24513660.000000,3,105.000,0.000,0.000,0.000,0.000,105.000000
24515061.000000,3,27.000,0.000,0.000,0.000,0.000,27.000000
24516468.000000,3,82.000,33.000,0.000,0.000,0.000,115.000000
24517877.000000,3,101.000,0.000,0.000,0.000,0.000,101.000000
24519276.000000,3,103.000,0.000,0.000,0.000,0.000,103.000000
24520695.000000,3,106.000,0.000,0.000,0.000,0.000,106.000000
24522084.000000,3,111.000,0.000,0.000,0.000,0.000,111.000000
24523482.000000,3,112.000,0.000,0.000,0.000,0.000,112.000000
24524870.000000,3,102.000,8.000,0.000,0.000,0.000,110.000000
24526290.000000,3,103.000,0.000,0.000,0.000,0.000,103.000000
24527699.000000,3,108.000,0.000,0.000,0.000,0.000,108.000000
24529102.000000,3,97.000,0.000,0.000,0.000,0.000,97.000000
24530520.000000,3,116.000,0.000,0.000,0.000,0.000,116.000000
24531939.000000,3,107.000,0.000,0.000,0.000,0.000,107.000000
24533346.000000,3,104.000,0.000,0.000,0.000,0.000,104.000000
24534756.000000,3,101.000,3.000,0.000,0.000,0.000,104.000000
24536174.000000,3,108.000,0.000,0.000,0.000,0.000,108.000000
24537611.000000,3,88.000,41.000,0.000,0.000,0.000,129.000000
24539019.000000,3,94.000,34.000,0.000,0.000,0.000,128.000000
24540427.000000,3,112.000,5.000,0.000,0.000,0.000,117.000000
24541859.000000,3,114.000,0.000,0.000,0.000,0.000,114.000000
24543270.000000,3,101.000,0.000,0.000,0.000,0.000,101.000000
24544704.000000,3,88.000,18.000,0.000,0.000,0.000,106.000000
24546133.000000,3,102.000,0.000,0.000,0.000,0.000,102.000000
24547540.000000,3,115.000,0.000,0.000,0.000,0.000,115.000000
24548951.000000,3,117.000,0.000,0.000,0.000,0.000,117.000000
24550354.000000,3,105.000,0.000,0.000,0.000,0.000,105.000000
24551792.000000,3,117.000,3.000,0.000,0.000,0.000,120.000000
24553185.000000,3,81.000,83.000,0.000,0.000,0.000,164.000000
24554621.000000,3,103.000,61.000,0.000,0.000,0.000,164.000000
24556043.000000,3,76.000,98.000,0.000,0.000,0.000,174.000000
24557454.000000,3,112.000,58.000,0.000,0.000,0.000,170.000000
24558862.000000,3,79.000,72.000,0.000,0.000,0.000,151.000000
24560289.000000,3,78.000,83.000,0.000,0.000,0.000,161.000000
24561731.000000,3,105.000,25.000,0.000,0.000,0.000,130.000000
24563177.000000,3,110.000,0.000,0.000,0.000,0.000,110.000000
24564613.000000,3,108.000,0.000,0.000,0.000,0.000,108.000000
24566038.000000,3,104.000,0.000,0.000,0.000,0.000,104.000000
24567479.000000,3,104.000,0.000,0.000,0.000,0.000,104.000000
24568885.000000,3,106.000,0.000,0.000,0.000,0.000,106.000000
24570293.000000,3,109.000,0.000,0.000,0.000,0.000,109.000000
24571708.000000,3,124.000,0.000,0.000,0.000,0.000,124.000000
24573131.000000,3,106.000,0.000,0.000,0.000,0.000,106.000000
24574566.000000,3,102.000,0.000,0.000,0.000,0.000,102.000000
24575974.000000,3,117.000,0.000,0.000,0.000,0.000,117.000000
24577390.000000,3,105.000,0.000,0.000,0.000,0.000,105.000000
24578799.000000,4,119.000,11.000,0.000,0.000,0.000,130.000000
24580225.000000,4,106.000,51.000,0.000,0.000,0.000,157.000000
24581647.000000,4,106.000,37.000,0.000,0.000,0.000,143.000000
24583060.000000,4,106.000,0.000,0.000,0.000,0.000,106.000000
24584501.000000,4,105.000,0.000,0.000,0.000,0.000,105.000000
24585918.000000,4,105.000,31.000,0.000,0.000,0.000,136.000000
24587332.000000,4,107.000,56.000,0.000,0.000,0.000,163.000000
24588737.000000,4,103.000,19.000,0.000,0.000,0.000,122.000000
24590152.000000,4,104.000,0.000,0.000,0.000,0.000,104.000000
24591568.000000,4,100.000,0.000,0.000,0.000,0.000,100.000000
24592991.000000,4,103.000,6.000,0.000,0.000,0.000,109.000000
24594421.000000,4,106.000,53.000,51.000,0.000,0.000,210.000000
24595863.000000,4,104.000,32.000,0.000,0.000,0.000,136.000000
24597296.000000,4,105.000,49.000,0.000,0.000,0.000,154.000000
24598695.000000,4,116.000,0.000,0.000,0.000,0.000,116.000000
24600119.000000,4,108.000,0.000,0.000,0.000,0.000,108.000000
24601547.000000,4,104.000,0.000,0.000,0.000,0.000,104.000000
24602963.000000,4,100.000,38.000,7.000,0.000,0.000,145.000000
24604375.000000,4,105.000,25.000,11.000,0.000,0.000,141.000000
24605794.000000,4,103.000,20.000,0.000,0.000,0.000,123.000000
24607230.000000,4,105.000,0.000,0.000,0.000,0.000,105.000000
24608661.000000,4,106.000,21.000,4.000,0.000,0.000,131.000000
24610069.000000,4,105.000,56.000,48.000,0.000,0.000,209.000000
24611489.000000,4,106.000,15.000,14.000,0.000,0.000,135.000000
24612899.000000,4,106.000,0.000,0.000,0.000,0.000,106.000000
24614330.000000,4,106.000,9.000,0.000,0.000,0.000,115.000000
24615759.000000,4,104.000,42.000,0.000,0.000,0.000,146.000000
24617198.000000,4,103.000,43.000,0.000,0.000,0.000,146.000000
24618613.000000,4,105.000,5.000,0.000,0.000,0.000,110.000000
24620047.000000,4,105.000,8.000,0.000,0.000,0.000,113.000000
24621471.000000,4,100.000,58.000,0.000,0.000,0.000,158.000000
24622876.000000,4,106.000,54.000,21.000,5.000,0.000,186.000000
24624295.000000,4,106.000,61.000,50.000,24.000,0.000,241.000000
24625703.000000,4,103.000,60.000,51.000,0.000,0.000,214.000000
24627131.000000,4,94.000,12.000,7.000,0.000,0.000,113.000000
24628553.000000,4,104.000,28.000,0.000,0.000,0.000,132.000000
24629981.000000,4,98.000,0.000,0.000,0.000,0.000,98.000000
24631404.000000,4,105.000,10.000,0.000,0.000,0.000,115.000000
24632807.000000,4,102.000,30.000,0.000,0.000,0.000,132.000000
24634212.000000,4,98.000,42.000,0.000,0.000,0.000,140.000000
24635625.000000,4,102.000,12.000,0.000,0.000,0.000,114.000000
24637059.000000,4,107.000,16.000,0.000,0.000,0.000,123.000000
24638458.000000,4,109.000,29.000,0.000,0.000,0.000,138.000000
24639865.000000,4,98.000,21.000,0.000,0.000,0.000,119.000000
24641264.000000,4,102.000,13.000,0.000,0.000,0.000,115.000000
24642679.000000,4,108.000,0.000,0.000,0.000,0.000,108.000000
24644086.000000,4,105.000,47.000,0.000,0.000,0.000,152.000000
24645508.000000,4,104.000,50.000,0.000,0.000,0.000,154.000000
24646933.000000,4,105.000,43.000,0.000,0.000,0.000,148.000000
24648337.000000,4,99.000,4.000,0.000,0.000,0.000,103.000000
24649753.000000,4,102.000,45.000,0.000,0.000,0.000,147.000000
24651165.000000,4,102.000,28.000,0.000,0.000,0.000,130.000000
24652601.000000,4,96.000,39.000,0.000,0.000,0.000,135.000000
24654029.000000,4,101.000,57.000,3.000,0.000,0.000,161.000000
24655455.000000,4,103.000,56.000,50.000,0.000,0.000,209.000000
24656855.000000,4,107.000,56.000,50.000,0.000,0.000,213.000000
24658280.000000,4,103.000,59.000,29.000,0.000,0.000,191.000000
24659709.000000,4,104.000,59.000,48.000,0.000,0.000,211.000000
24661135.000000,4,103.000,60.000,48.000,0.000,0.000,211.000000
24662559.000000,4,102.000,57.000,40.000,0.000,0.000,199.000000
24663976.000000,4,104.000,34.000,25.000,0.000,0.000,163.000000
24665394.000000,4,105.000,0.000,0.000,0.000,0.000,105.000000
24666823.000000,4,101.000,9.000,0.000,0.000,0.000,110.000000
24668256.000000,4,103.000,0.000,0.000,0.000,0.000,103.000000
24669678.000000,4,98.000,0.000,0.000,0.000,0.000,98.000000
24671102.000000,4,96.000,0.000,0.000,0.000,0.000,96.000000
24672514.000000,4,103.000,0.000,0.000,0.000,0.000,103.000000
24673943.000000,4,93.000,0.000,0.000,0.000,0.000,93.000000
24675355.000000,4,76.000,0.000,0.000,0.000,0.000,76.000000
24676761.000000,4,105.000,16.000,0.000,0.000,0.000,121.000000
24678166.000000,4,102.000,0.000,0.000,0.000,0.000,102.000000
24679565.000000,4,106.000,0.000,0.000,0.000,0.000,106.000000
24680989.000000,4,99.000,0.000,0.000,0.000,0.000,99.000000
24682409.000000,4,91.000,7.000,0.000,0.000,0.000,98.000000
24683823.000000,4,102.000,0.000,0.000,0.000,0.000,102.000000
24685220.000000,4,93.000,0.000,0.000,0.000,0.000,93.000000
24686636.000000,4,102.000,0.000,0.000,0.000,0.000,102.000000
24688059.000000,4,106.000,0.000,0.000,0.000,0.000,106.000000
24689477.000000,4,95.000,0.000,0.000,0.000,0.000,95.000000
24690886.000000,4,93.000,0.000,0.000,0.000,0.000,93.000000
24692303.000000,4,94.000,0.000,0.000,0.000,0.000,94.000000
24693714.000000,4,106.000,0.000,0.000,0.000,0.000,106.000000
24695129.000000,4,98.000,0.000,0.000,0.000,0.000,98.000000
24696542.000000,4,94.000,11.000,0.000,0.000,0.000,105.000000
24697978.000000,4,95.000,0.000,0.000,0.000,0.000,95.000000
24699407.000000,4,115.000,0.000,0.000,0.000,0.000,115.000000
24700831.000000,4,118.000,0.000,0.000,0.000,0.000,118.000000
24702242.000000,4,91.000,13.000,0.000,0.000,0.000,104.000000
24703651.000000,4,91.000,0.000,0.000,0.000,0.000,91.000000
24705081.000000,4,113.000,0.000,0.000,0.000,0.000,113.000000
24706528.000000,4,106.000,0.000,0.000,0.000,0.000,106.000000
24707958.000000,4,93.000,0.000,0.000,0.000,0.000,93.000000
24709365.000000,4,101.000,0.000,0.000,0.000,0.000,101.000000
24710795.000000,5,108.000,26.000,18.000,0.000,0.000,152.000000
24712200.000000,5,122.000,116.000,85.000,0.000,0.000,323.000000
24713624.000000,5,125.000,111.000,77.000,0.000,0.000,313.000000
24715046.000000,5,124.000,125.000,78.000,0.000,0.000,327.000000
24716475.000000,5,125.000,125.000,75.000,11.000,0.000,336.000000
24718015.000000,5,113.000,111.000,81.000,21.000,0.000,326.000000
24719429.000000,5,117.000,103.000,85.000,0.000,0.000,305.000000
24720855.000000,5,114.000,105.000,90.000,0.000,0.000,309.000000
24722253.000000,5,107.000,110.000,83.000,0.000,0.000,300.000000
24723635.000000,5,107.000,122.000,79.000,0.000,0.000,308.000000
24725044.000000,5,117.000,111.000,85.000,0.000,0.000,313.000000
24726408.000000,5,124.000,124.000,84.000,2.000,0.000,334.000000
24727798.000000,5,109.000,125.000,90.000,0.000,0.000,324.000000
24729168.000000,5,113.000,125.000,88.000,0.000,0.000,326.000000
24730530.000000,5,125.000,125.000,78.000,0.000,0.000,328.000000
24731891.000000,5,125.000,125.000,78.000,0.000,0.000,328.000000
24733268.000000,5,119.000,125.000,79.000,0.000,0.000,323.000000
24734656.000000,5,106.000,125.000,84.000,10.000,0.000,325.000000
24736033.000000,5,108.000,119.000,60.000,59.000,0.000,346.000000
24737411.000000,5,106.000,125.000,85.000,0.000,0.000,316.000000
24738791.000000,5,106.000,105.000,81.000,0.000,0.000,292.000000
24740148.000000,5,108.000,118.000,82.000,0.000,0.000,308.000000
24741539.000000,5,105.000,125.000,86.000,0.000,0.000,316.000000
24742921.000000,5,105.000,125.000,89.000,0.000,0.000,319.000000
24744298.000000,5,106.000,125.000,84.000,0.000,0.000,315.000000
24745645.000000,5,114.000,125.000,78.000,0.000,0.000,317.000000
24747010.000000,5,125.000,125.000,77.000,0.000,0.000,327.000000
24748379.000000,5,114.000,109.000,79.000,9.000,0.000,311.000000
24749739.000000,5,102.000,107.000,78.000,0.000,0.000,287.000000
24751135.000000,5,111.000,95.000,91.000,0.000,0.000,297.000000
24752530.000000,5,121.000,89.000,92.000,0.000,0.000,302.000000
24753909.000000,5,100.000,108.000,101.000,0.000,0.000,309.000000
24755266.000000,5,125.000,101.000,91.000,0.000,0.000,317.000000
24756658.000000,5,105.000,114.000,87.000,0.000,0.000,306.000000
24758041.000000,5,125.000,94.000,88.000,0.000,0.000,307.000000
24759423.000000,5,124.000,94.000,90.000,0.000,0.000,308.000000
24760787.000000,5,113.000,93.000,84.000,0.000,0.000,290.000000
24762194.000000,5,114.000,90.000,84.000,2.000,0.000,290.000000
24763574.000000,5,94.000,104.000,93.000,0.000,0.000,291.000000
24764965.000000,5,113.000,93.000,86.000,0.000,0.000,292.000000
24766358.000000,5,110.000,89.000,85.000,0.000,0.000,284.000000
24767746.000000,5,118.000,103.000,87.000,0.000,0.000,308.000000
24769089.000000,5,111.000,91.000,86.000,0.000,0.000,288.000000
24770456.000000,5,109.000,90.000,82.000,0.000,0.000,281.000000
24771809.000000,5,105.000,87.000,82.000,0.000,0.000,274.000000
24773211.000000,5,99.000,103.000,84.000,0.000,0.000,286.000000
24774587.000000,5,116.000,114.000,81.000,0.000,0.000,311.000000
24775953.000000,5,108.000,100.000,84.000,0.000,0.000,292.000000
24777311.000000,5,110.000,106.000,84.000,0.000,0.000,300.000000
24778666.000000,5,125.000,98.000,82.000,0.000,0.000,305.000000
24780045.000000,5,120.000,97.000,85.000,0.000,0.000,302.000000
24781425.000000,5,112.000,90.000,82.000,0.000,0.000,284.000000
24782778.000000,5,119.000,102.000,84.000,0.000,0.000,305.000000
24784133.000000,5,124.000,101.000,84.000,0.000,0.000,309.000000
24785516.000000,5,98.000,102.000,83.000,0.000,0.000,283.000000
24786888.000000,5,116.000,99.000,84.000,0.000,0.000,299.000000
24788266.000000,5,102.000,108.000,70.000,26.000,0.000,306.000000
24789644.000000,5,109.000,92.000,85.000,0.000,0.000,286.000000
24791062.000000,5,103.000,103.000,81.000,0.000,0.000,287.000000
24792463.000000,5,107.000,83.000,84.000,1.000,0.000,275.000000
24793848.000000,5,104.000,91.000,73.000,12.000,0.000,280.000000
24795215.000000,5,104.000,81.000,79.000,8.000,0.000,272.000000
24796595.000000,5,105.000,88.000,74.000,22.000,0.000,289.000000
24797980.000000,5,90.000,97.000,70.000,8.000,0.000,265.000000
24799374.000000,5,100.000,97.000,68.000,0.000,0.000,265.000000
24800729.000000,5,113.000,95.000,72.000,1.000,0.000,281.000000
24802108.000000,5,117.000,87.000,75.000,0.000,0.000,279.000000
24803483.000000,5,104.000,86.000,76.000,0.000,0.000,266.000000
24804881.000000,5,86.000,103.000,71.000,4.000,0.000,264.000000
24806311.000000,5,107.000,92.000,68.000,0.000,0.000,267.000000
24807753.000000,5,106.000,90.000,70.000,0.000,0.000,266.000000
24809184.000000,5,107.000,85.000,75.000,9.000,0.000,276.000000
24810594.000000,5,105.000,85.000,75.000,13.000,0.000,278.000000
24811980.000000,5,106.000,83.000,77.000,12.000,0.000,278.000000
24813377.000000,5,104.000,87.000,72.000,0.000,0.000,263.000000
24814777.000000,5,106.000,93.000,69.000,0.000,0.000,268.000000
24816183.000000,5,103.000,82.000,71.000,0.000,0.000,256.000000
24817591.000000,5,104.000,85.000,74.000,0.000,0.000,263.000000
24818967.000000,5,106.000,87.000,75.000,0.000,0.000,268.000000
24820384.000000,5,106.000,89.000,79.000,0.000,0.000,274.000000
24821790.000000,5,104.000,86.000,77.000,0.000,0.000,267.000000
24823207.000000,5,96.000,97.000,73.000,0.000,0.000,266.000000
24824609.000000,5,104.000,99.000,73.000,0.000,0.000,276.000000
24826015.000000,5,121.000,98.000,85.000,0.000,0.000,304.000000
24827407.000000,5,113.000,92.000,81.000,0.000,0.000,286.000000
24828806.000000,6,108.000,90.000,38.000,0.000,0.000,236.000000
24830214.000000,6,112.000,84.000,0.000,0.000,0.000,196.000000
24831600.000000,6,116.000,88.000,0.000,0.000,0.000,204.000000
24832992.000000,6,106.000,94.000,0.000,0.000,0.000,200.000000
24834396.000000,6,106.000,96.000,0.000,0.000,0.000,202.000000
24835797.000000,6,123.000,83.000,0.000,0.000,0.000,206.000000
24837201.000000,6,125.000,82.000,0.000,0.000,0.000,207.000000
24838618.000000,6,113.000,89.000,0.000,0.000,0.000,202.000000
24840051.000000,6,125.000,84.000,5.000,0.000,0.000,214.000000
24841451.000000,6,107.000,91.000,15.000,0.000,0.000,213.000000
24842850.000000,6,104.000,53.000,86.000,0.000,0.000,243.000000
24844261.000000,6,106.000,57.000,70.000,0.000,0.000,233.000000
24845653.000000,6,123.000,87.000,0.000,0.000,0.000,210.000000
24847059.000000,6,125.000,82.000,11.000,0.000,0.000,218.000000
24848447.000000,6,125.000,77.000,40.000,3.000,0.000,245.000000
24849860.000000,6,113.000,91.000,7.000,0.000,0.000,211.000000
24851270.000000,6,118.000,85.000,0.000,0.000,0.000,203.000000
24852666.000000,6,125.000,84.000,0.000,0.000,0.000,209.000000
24854055.000000,6,108.000,88.000,0.000,0.000,0.000,196.000000
24855461.000000,6,106.000,99.000,0.000,0.000,0.000,205.000000
24856866.000000,6,119.000,91.000,0.000,0.000,0.000,210.000000
24858251.000000,6,125.000,79.000,0.000,0.000,0.000,204.000000
24859652.000000,6,125.000,84.000,0.000,0.000,0.000,209.000000
24861053.000000,6,125.000,83.000,0.000,0.000,0.000,208.000000
24862435.000000,6,115.000,84.000,0.000,0.000,0.000,199.000000
24863826.000000,6,106.000,86.000,0.000,0.000,0.000,192.000000
24865223.000000,6,105.000,88.000,8.000,0.000,0.000,201.000000
24866631.000000,6,107.000,53.000,0.000,0.000,0.000,160.000000
24868001.000000,6,105.000,93.000,0.000,0.000,0.000,198.000000
24869382.000000,6,119.000,71.000,82.000,0.000,0.000,272.000000
24870804.000000,6,103.000,72.000,125.000,0.000,0.000,300.000000
24872204.000000,6,125.000,110.000,27.000,0.000,0.000,262.000000
24873619.000000,6,125.000,124.000,0.000,0.000,0.000,249.000000
24875014.000000,6,107.000,118.000,0.000,0.000,0.000,225.000000
24876419.000000,6,105.000,123.000,0.000,0.000,0.000,228.000000
24877826.000000,6,106.000,108.000,0.000,0.000,0.000,214.000000
24879223.000000,6,105.000,117.000,0.000,0.000,0.000,222.000000
24880621.000000,6,105.000,111.000,0.000,0.000,0.000,216.000000
24882008.000000,6,109.000,122.000,0.000,0.000,0.000,231.000000
24883385.000000,6,99.000,125.000,0.000,0.000,0.000,224.000000
24884795.000000,6,104.000,112.000,34.000,0.000,0.000,250.000000
24886189.000000,6,110.000,113.000,7.000,0.000,0.000,230.000000
24887595.000000,6,104.000,105.000,0.000,0.000,0.000,209.000000
24888996.000000,6,103.000,106.000,0.000,0.000,0.000,209.000000
24890406.000000,6,104.000,107.000,0.000,0.000,0.000,211.000000
24891824.000000,6,103.000,105.000,0.000,0.000,0.000,208.000000
24893235.000000,6,113.000,102.000,7.000,0.000,0.000,222.000000
24894649.000000,6,104.000,106.000,0.000,0.000,0.000,210.000000
24896076.000000,6,105.000,116.000,3.000,0.000,0.000,224.000000
24897492.000000,6,106.000,107.000,0.000,0.000,0.000,213.000000
24898894.000000,6,101.000,106.000,0.000,0.000,0.000,207.000000
24900294.000000,6,106.000,117.000,0.000,0.000,0.000,223.000000
24901705.000000,6,107.000,124.000,0.000,0.000,0.000,231.000000
24903123.000000,6,106.000,115.000,0.000,0.000,0.000,221.000000
24904548.000000,6,113.000,120.000,0.000,0.000,0.000,233.000000
24905959.000000,6,108.000,114.000,0.000,0.000,0.000,222.000000
24907348.000000,6,105.000,105.000,0.000,0.000,0.000,210.000000
24908775.000000,6,104.000,104.000,0.000,0.000,0.000,208.000000
24910167.000000,6,107.000,104.000,0.000,0.000,0.000,211.000000
24911578.000000,6,107.000,94.000,0.000,0.000,0.000,201.000000
24912987.000000,6,107.000,105.000,0.000,0.000,0.000,212.000000
24914381.000000,6,106.000,118.000,0.000,0.000,0.000,224.000000
24915791.000000,6,110.000,96.000,0.000,0.000,0.000,206.000000
24917184.000000,6,105.000,102.000,0.000,0.000,0.000,207.000000
24918592.000000,6,110.000,105.000,0.000,0.000,0.000,215.000000
24919997.000000,6,100.000,103.000,0.000,0.000,0.000,203.000000
24921401.000000,6,105.000,99.000,0.000,0.000,0.000,204.000000
24922807.000000,6,107.000,94.000,0.000,0.000,0.000,201.000000
24924203.000000,6,103.000,105.000,0.000,0.000,0.000,208.000000
24925598.000000,6,105.000,95.000,0.000,0.000,0.000,200.000000
24926990.000000,6,110.000,85.000,0.000,0.000,0.000,195.000000
24928353.000000,6,103.000,99.000,7.000,0.000,0.000,209.000000
24931339.000000,6,105.000,93.000,0.000,0.000,0.000,198.000000
24943618.000000,6,115.000,92.000,0.000,0.000,0.000,207.000000
24948432.000000,6,104.000,99.000,0.000,0.000,0.000,203.000000
24949804.000000,6,102.000,105.000,0.000,0.000,0.000,207.000000
24959839.000000,6,106.000,102.000,0.000,0.000,0.000,208.000000
24969939.000000,6,94.000,105.000,0.000,0.000,0.000,199.000000
24980050.000000,6,104.000,103.000,0.000,0.000,0.000,207.000000
24990151.000000,6,108.000,104.000,0.000,0.000,0.000,212.000000
25000270.000000,6,107.000,94.000,0.000,0.000,0.000,201.000000
25010330.000000,6,100.000,99.000,0.000,0.000,0.000,199.000000
25020409.000000,6,99.000,106.000,0.000,0.000,0.000,205.000000
25030490.000000,6,107.000,98.000,0.000,0.000,0.000,205.000000
25040560.000000,6,100.000,86.000,0.000,0.000,0.000,186.000000
25050650.000000,6,104.000,100.000,0.000,0.000,0.000,204.000000
25060761.000000,6,100.000,109.000,0.000,0.000,0.000,209.000000
