23496789.000000,1,0.000,0.000,0.000,0.000,0.000,0.000000
23498151.000000,1,79.000,75.000,72.000,72.000,57.000,355.000000
23499499.000000,1,77.000,71.000,70.000,70.000,57.000,345.000000
23500831.000000,1,79.000,78.000,70.000,75.000,63.000,365.000000
23502171.000000,1,75.000,80.000,70.000,80.000,67.000,372.000000
23503509.000000,1,75.000,79.000,70.000,75.000,65.000,364.000000
23504859.000000,1,75.000,75.000,70.000,75.000,65.000,360.000000
23506179.000000,1,74.000,81.000,70.000,75.000,60.000,360.000000
23507514.000000,1,77.000,80.000,74.000,78.000,60.000,369.000000
23508856.000000,1,82.000,79.000,75.000,77.000,55.000,368.000000
23510206.000000,1,84.000,76.000,71.000,78.000,56.000,365.000000
23511541.000000,1,84.000,78.000,75.000,77.000,52.000,366.000000
23512882.000000,1,86.000,80.000,75.000,75.000,52.000,368.000000
23514220.000000,1,75.000,78.000,70.000,75.000,62.000,360.000000
23515566.000000,1,84.000,77.000,75.000,76.000,57.000,369.000000
23516898.000000,1,83.000,77.000,76.000,74.000,56.000,366.000000
23518224.000000,1,75.000,77.000,70.000,75.000,58.000,355.000000
23519588.000000,1,75.000,77.000,70.000,75.000,59.000,356.000000
23520925.000000,1,74.000,75.000,70.000,73.000,58.000,350.000000
23522278.000000,1,79.000,80.000,74.000,75.000,53.000,361.000000
23523659.000000,1,84.000,75.000,71.000,76.000,52.000,358.000000
23525018.000000,1,75.000,75.000,70.000,72.000,57.000,349.000000
23526390.000000,1,70.000,77.000,70.000,74.000,61.000,352.000000
23527752.000000,1,82.000,78.000,74.000,74.000,52.000,360.000000
23529085.000000,1,79.000,77.000,72.000,76.000,55.000,359.000000
23530459.000000,1,73.000,77.000,69.000,70.000,59.000,348.000000
23531807.000000,1,78.000,78.000,74.000,75.000,61.000,366.000000
23533150.000000,1,75.000,80.000,71.000,79.000,59.000,364.000000
23534478.000000,1,79.000,76.000,75.000,74.000,52.000,356.000000
23535835.000000,1,75.000,73.000,70.000,72.000,49.000,339.000000
23537164.000000,1,75.000,73.000,73.000,65.000,56.000,342.000000
23538484.000000,1,78.000,70.000,71.000,70.000,54.000,343.000000
23539819.000000,1,73.000,75.000,71.000,72.000,52.000,343.000000
23541168.000000,1,75.000,70.000,70.000,65.000,63.000,343.000000
23542512.000000,1,70.000,70.000,70.000,65.000,54.000,329.000000
23543861.000000,1,76.000,74.000,75.000,64.000,55.000,344.000000
23545206.000000,1,77.000,71.000,70.000,62.000,52.000,332.000000
23546544.000000,1,77.000,70.000,75.000,64.000,55.000,341.000000
23547894.000000,1,70.000,69.000,70.000,58.000,52.000,319.000000
23549240.000000,1,78.000,71.000,75.000,65.000,52.000,341.000000
23550568.000000,1,74.000,71.000,70.000,64.000,52.000,331.000000
23551914.000000,1,74.000,71.000,75.000,61.000,49.000,330.000000
23553283.000000,1,74.000,72.000,70.000,65.000,54.000,335.000000
23554633.000000,1,75.000,71.000,74.000,65.000,53.000,338.000000
23555989.000000,1,75.000,70.000,71.000,65.000,52.000,333.000000
23557338.000000,1,75.000,70.000,74.000,67.000,55.000,341.000000
23558691.000000,1,75.000,70.000,72.000,56.000,59.000,332.000000
23560047.000000,1,76.000,74.000,75.000,65.000,48.000,338.000000
23561400.000000,1,73.000,71.000,68.000,70.000,48.000,330.000000
23562733.000000,1,75.000,70.000,71.000,67.000,55.000,338.000000
23564059.000000,1,75.000,73.000,70.000,68.000,53.000,339.000000
23565422.000000,1,75.000,72.000,70.000,65.000,51.000,333.000000
23566744.000000,1,70.000,70.000,70.000,65.000,49.000,324.000000
23568062.000000,1,75.000,70.000,73.000,65.000,52.000,335.000000
23569418.000000,1,75.000,70.000,72.000,65.000,52.000,334.000000
23570753.000000,1,75.000,70.000,70.000,63.000,52.000,330.000000
23572115.000000,1,75.000,73.000,72.000,68.000,52.000,340.000000
23573478.000000,1,75.000,69.000,73.000,67.000,48.000,332.000000
23574854.000000,1,74.000,72.000,70.000,56.000,51.000,323.000000
23576206.000000,1,76.000,71.000,70.000,55.000,49.000,321.000000
23577550.000000,1,75.000,70.000,70.000,54.000,48.000,317.000000
23578902.000000,1,75.000,70.000,70.000,59.000,48.000,322.000000
23580250.000000,1,78.000,72.000,75.000,59.000,52.000,336.000000
23581601.000000,1,77.000,73.000,75.000,59.000,52.000,336.000000
23582951.000000,1,75.000,70.000,70.000,57.000,52.000,324.000000
23584282.000000,1,75.000,70.000,71.000,52.000,48.000,316.000000
23585629.000000,1,75.000,70.000,72.000,57.000,50.000,324.000000
23586969.000000,1,75.000,70.000,71.000,60.000,50.000,326.000000
23588312.000000,1,75.000,70.000,70.000,59.000,53.000,327.000000
23589658.000000,1,75.000,73.000,70.000,52.000,52.000,322.000000
23590997.000000,1,80.000,72.000,70.000,63.000,51.000,336.000000
23592350.000000,1,75.000,70.000,72.000,61.000,49.000,327.000000
23593710.000000,1,75.000,73.000,73.000,61.000,52.000,334.000000
23595054.000000,1,79.000,72.000,70.000,63.000,48.000,332.000000
23596388.000000,1,76.000,70.000,76.000,60.000,52.000,334.000000
23597744.000000,1,77.000,70.000,75.000,57.000,48.000,327.000000
23599083.000000,1,78.000,71.000,73.000,58.000,57.000,337.000000
23600401.000000,1,75.000,74.000,70.000,54.000,53.000,326.000000
23601764.000000,1,78.000,71.000,75.000,64.000,52.000,340.000000
23603145.000000,1,77.000,70.000,75.000,56.000,53.000,331.000000
23604497.000000,1,75.000,70.000,74.000,56.000,52.000,327.000000
23605862.000000,1,79.000,73.000,71.000,62.000,55.000,340.000000
23607209.000000,1,76.000,72.000,74.000,62.000,52.000,336.000000
23608551.000000,1,76.000,70.000,71.000,61.000,55.000,333.000000
23609913.000000,1,79.000,74.000,75.000,64.000,53.000,345.000000
23611259.000000,1,75.000,70.000,75.000,60.000,55.000,335.000000
23612612.000000,1,75.000,68.000,70.000,59.000,53.000,325.000000
23613962.000000,2,20.000,18.000,19.000,14.000,12.000,83.000000
23615320.000000,2,0.000,0.000,0.000,0.000,0.000,0.000000
23616657.000000,2,25.000,13.000,0.000,0.000,0.000,38.000000
23618010.000000,2,27.000,12.000,0.000,0.000,0.000,39.000000
23619367.000000,2,22.000,0.000,0.000,0.000,0.000,22.000000
23620687.000000,2,44.000,7.000,0.000,0.000,0.000,51.000000
23622029.000000,2,0.000,0.000,0.000,0.000,0.000,0.000000
23623360.000000,2,0.000,0.000,0.000,0.000,0.000,0.000000
23624702.000000,2,17.000,0.000,0.000,0.000,0.000,17.000000
23626044.000000,2,51.000,26.000,4.000,0.000,0.000,81.000000
23627352.000000,2,53.000,2.000,5.000,0.000,0.000,60.000000
23628710.000000,2,21.000,0.000,0.000,0.000,0.000,21.000000
23630080.000000,2,0.000,0.000,0.000,0.000,0.000,0.000000
23631408.000000,2,5.000,0.000,0.000,0.000,0.000,5.000000
23632740.000000,2,0.000,0.000,0.000,0.000,0.000,0.000000
23634073.000000,2,28.000,6.000,0.000,0.000,0.000,34.000000
23635419.000000,2,0.000,0.000,0.000,0.000,0.000,0.000000
23636757.000000,2,0.000,0.000,0.000,0.000,0.000,0.000000
23638104.000000,2,0.000,0.000,0.000,0.000,0.000,0.000000
23639430.000000,2,0.000,0.000,0.000,0.000,0.000,0.000000
23640772.000000,2,7.000,0.000,0.000,0.000,0.000,7.000000
23642133.000000,2,23.000,9.000,0.000,0.000,0.000,32.000000
23643459.000000,2,24.000,0.000,0.000,0.000,0.000,24.000000
23644808.000000,2,0.000,0.000,0.000,0.000,0.000,0.000000
23646136.000000,2,7.000,0.000,0.000,0.000,0.000,7.000000
23647477.000000,2,0.000,0.000,0.000,0.000,0.000,0.000000
23648810.000000,2,0.000,0.000,0.000,0.000,0.000,0.000000
23650158.000000,2,11.000,0.000,0.000,0.000,0.000,11.000000
23651491.000000,2,0.000,0.000,0.000,0.000,0.000,0.000000
23652827.000000,2,0.000,0.000,0.000,0.000,0.000,0.000000
23654164.000000,2,28.000,0.000,0.000,0.000,0.000,28.000000
23655500.000000,2,35.000,6.000,0.000,0.000,0.000,41.000000
23656831.000000,2,22.000,0.000,0.000,0.000,0.000,22.000000
23658160.000000,2,41.000,0.000,0.000,0.000,0.000,41.000000
23659514.000000,2,39.000,6.000,0.000,0.000,0.000,45.000000
23660856.000000,2,32.000,0.000,0.000,0.000,0.000,32.000000
23662177.000000,2,19.000,0.000,0.000,0.000,0.000,19.000000
23663495.000000,2,59.000,8.000,0.000,0.000,0.000,67.000000
23664845.000000,2,0.000,0.000,0.000,0.000,0.000,0.000000
23666208.000000,2,31.000,0.000,0.000,0.000,0.000,31.000000
23667557.000000,2,50.000,0.000,0.000,0.000,0.000,50.000000
23668926.000000,2,54.000,0.000,0.000,0.000,0.000,54.000000
23670281.000000,2,54.000,0.000,0.000,0.000,0.000,54.000000
23671645.000000,2,48.000,9.000,0.000,0.000,0.000,57.000000
23673003.000000,2,12.000,0.000,0.000,0.000,0.000,12.000000
23674359.000000,2,10.000,0.000,0.000,0.000,0.000,10.000000
23675720.000000,2,21.000,0.000,0.000,0.000,0.000,21.000000
23677052.000000,2,29.000,0.000,0.000,0.000,0.000,29.000000
23678384.000000,2,18.000,0.000,0.000,0.000,0.000,18.000000
23679737.000000,2,44.000,6.000,0.000,0.000,0.000,50.000000
23681070.000000,2,30.000,0.000,0.000,0.000,0.000,30.000000
23682412.000000,2,56.000,0.000,0.000,0.000,0.000,56.000000
23683718.000000,2,35.000,0.000,0.000,0.000,0.000,35.000000
23685039.000000,2,0.000,0.000,0.000,0.000,0.000,0.000000
23686345.000000,2,6.000,0.000,0.000,0.000,0.000,6.000000
23687681.000000,2,43.000,0.000,0.000,0.000,0.000,43.000000
23689013.000000,2,0.000,0.000,0.000,0.000,0.000,0.000000
23690370.000000,2,46.000,10.000,0.000,0.000,0.000,56.000000
23691714.000000,2,54.000,0.000,0.000,0.000,0.000,54.000000
23693029.000000,2,52.000,0.000,0.000,0.000,0.000,52.000000
23694371.000000,2,38.000,0.000,0.000,0.000,0.000,38.000000
23695730.000000,2,15.000,0.000,0.000,0.000,0.000,15.000000
23697095.000000,2,22.000,0.000,0.000,0.000,0.000,22.000000
23698437.000000,2,37.000,14.000,0.000,0.000,0.000,51.000000
23699797.000000,2,35.000,4.000,0.000,0.000,0.000,39.000000
23701124.000000,2,35.000,8.000,0.000,0.000,0.000,43.000000
23702494.000000,2,41.000,14.000,0.000,0.000,0.000,55.000000
23703861.000000,2,24.000,0.000,0.000,0.000,0.000,24.000000
23705171.000000,2,0.000,0.000,0.000,0.000,0.000,0.000000
23706480.000000,2,0.000,0.000,0.000,0.000,0.000,0.000000
23707797.000000,2,12.000,0.000,0.000,0.000,0.000,12.000000
23709160.000000,2,7.000,0.000,0.000,0.000,0.000,7.000000
23710501.000000,2,21.000,0.000,0.000,0.000,0.000,21.000000
23711838.000000,2,35.000,0.000,0.000,0.000,0.000,35.000000
23713189.000000,2,31.000,6.000,0.000,0.000,0.000,37.000000
23714550.000000,2,36.000,0.000,0.000,0.000,0.000,36.000000
23715898.000000,2,42.000,16.000,0.000,0.000,0.000,58.000000
23717251.000000,2,40.000,16.000,0.000,0.000,0.000,56.000000
23718578.000000,2,37.000,17.000,6.000,0.000,0.000,60.000000
23719939.000000,2,36.000,12.000,0.000,0.000,0.000,48.000000
23721283.000000,2,39.000,0.000,0.000,0.000,0.000,39.000000
23722632.000000,2,27.000,5.000,0.000,0.000,0.000,32.000000
23723977.000000,2,13.000,0.000,0.000,0.000,0.000,13.000000
23725313.000000,2,0.000,0.000,0.000,0.000,0.000,0.000000
23726679.000000,2,10.000,0.000,0.000,0.000,0.000,10.000000
23728044.000000,2,5.000,0.000,0.000,0.000,0.000,5.000000
23729385.000000,3,52.000,8.000,0.000,0.000,0.000,60.000000
23730729.000000,3,56.000,70.000,0.000,0.000,0.000,126.000000
23732081.000000,3,61.000,50.000,0.000,0.000,0.000,111.000000
23733428.000000,3,70.000,0.000,0.000,0.000,0.000,70.000000
23734787.000000,3,70.000,0.000,0.000,0.000,0.000,70.000000
23736148.000000,3,70.000,0.000,0.000,0.000,0.000,70.000000
23737530.000000,3,45.000,21.000,0.000,0.000,0.000,66.000000
23738885.000000,3,54.000,58.000,0.000,0.000,0.000,112.000000
23740228.000000,3,67.000,0.000,0.000,0.000,0.000,67.000000
23741558.000000,3,70.000,0.000,0.000,0.000,0.000,70.000000
23742912.000000,3,71.000,0.000,0.000,0.000,0.000,71.000000
23744260.000000,3,73.000,7.000,0.000,0.000,0.000,80.000000
23745608.000000,3,64.000,18.000,0.000,0.000,0.000,82.000000
23746978.000000,3,61.000,36.000,0.000,0.000,0.000,97.000000
23748342.000000,3,55.000,59.000,11.000,0.000,0.000,125.000000
23749693.000000,3,70.000,0.000,0.000,0.000,0.000,70.000000
23751030.000000,3,55.000,0.000,0.000,0.000,0.000,55.000000
23752386.000000,3,11.000,12.000,0.000,0.000,0.000,23.000000
23753746.000000,3,66.000,31.000,0.000,0.000,0.000,97.000000
23755110.000000,3,66.000,14.000,0.000,0.000,0.000,80.000000
23756443.000000,3,71.000,0.000,0.000,0.000,0.000,71.000000
23757789.000000,3,72.000,0.000,0.000,0.000,0.000,72.000000
23759154.000000,3,73.000,0.000,0.000,0.000,0.000,73.000000
23760515.000000,3,63.000,15.000,0.000,0.000,0.000,78.000000
23761855.000000,3,67.000,13.000,0.000,0.000,0.000,80.000000
23763195.000000,3,74.000,0.000,0.000,0.000,0.000,74.000000
23764539.000000,3,71.000,0.000,0.000,0.000,0.000,71.000000
23765893.000000,3,69.000,0.000,0.000,0.000,0.000,69.000000
23767253.000000,3,66.000,0.000,0.000,0.000,0.000,66.000000
23768611.000000,3,70.000,0.000,0.000,0.000,0.000,70.000000
23769978.000000,3,75.000,0.000,0.000,0.000,0.000,75.000000
23771315.000000,3,75.000,0.000,0.000,0.000,0.000,75.000000
23772650.000000,3,78.000,0.000,0.000,0.000,0.000,78.000000
23773990.000000,3,77.000,0.000,0.000,0.000,0.000,77.000000
23775345.000000,3,75.000,0.000,0.000,0.000,0.000,75.000000
23776716.000000,3,60.000,0.000,0.000,0.000,0.000,60.000000
23778080.000000,3,50.000,13.000,0.000,0.000,0.000,63.000000
23779430.000000,3,77.000,0.000,0.000,0.000,0.000,77.000000
23780773.000000,3,70.000,0.000,0.000,0.000,0.000,70.000000
23782138.000000,3,75.000,15.000,0.000,0.000,0.000,90.000000
23783468.000000,3,76.000,0.000,0.000,0.000,0.000,76.000000
23784824.000000,3,68.000,40.000,0.000,0.000,0.000,108.000000
23786189.000000,3,69.000,28.000,0.000,0.000,0.000,97.000000
23787533.000000,3,70.000,0.000,0.000,0.000,0.000,70.000000
23788891.000000,3,75.000,0.000,0.000,0.000,0.000,75.000000
23790270.000000,3,23.000,0.000,0.000,0.000,0.000,23.000000
23791643.000000,3,63.000,28.000,0.000,0.000,0.000,91.000000
23792995.000000,3,71.000,0.000,0.000,0.000,0.000,71.000000
23794352.000000,3,74.000,0.000,0.000,0.000,0.000,74.000000
23795683.000000,3,76.000,0.000,0.000,0.000,0.000,76.000000
23797032.000000,3,80.000,0.000,0.000,0.000,0.000,80.000000
23798386.000000,3,76.000,0.000,0.000,0.000,0.000,76.000000
23799749.000000,3,71.000,8.000,0.000,0.000,0.000,79.000000
23801113.000000,3,75.000,0.000,0.000,0.000,0.000,75.000000
23802443.000000,3,75.000,0.000,0.000,0.000,0.000,75.000000
23803804.000000,3,70.000,0.000,0.000,0.000,0.000,70.000000
23805171.000000,3,75.000,0.000,0.000,0.000,0.000,75.000000
23806493.000000,3,77.000,0.000,0.000,0.000,0.000,77.000000
23807820.000000,3,75.000,0.000,0.000,0.000,0.000,75.000000
23809167.000000,3,74.000,5.000,0.000,0.000,0.000,79.000000
23810515.000000,3,72.000,0.000,0.000,0.000,0.000,72.000000
23811869.000000,3,62.000,35.000,0.000,0.000,0.000,97.000000
23813220.000000,3,70.000,23.000,0.000,0.000,0.000,93.000000
23814552.000000,3,79.000,8.000,0.000,0.000,0.000,87.000000
23815884.000000,3,75.000,0.000,0.000,0.000,0.000,75.000000
23817223.000000,3,75.000,0.000,0.000,0.000,0.000,75.000000
23818564.000000,3,68.000,19.000,0.000,0.000,0.000,87.000000
23819888.000000,3,70.000,0.000,0.000,0.000,0.000,70.000000
23821227.000000,3,79.000,0.000,0.000,0.000,0.000,79.000000
23822552.000000,3,77.000,0.000,0.000,0.000,0.000,77.000000
23823896.000000,3,75.000,0.000,0.000,0.000,0.000,75.000000
23825226.000000,3,75.000,5.000,0.000,0.000,0.000,80.000000
23826572.000000,3,62.000,60.000,0.000,0.000,0.000,122.000000
23827908.000000,3,72.000,48.000,0.000,0.000,0.000,120.000000
23829279.000000,3,56.000,70.000,0.000,0.000,0.000,126.000000
23830635.000000,3,79.000,44.000,0.000,0.000,0.000,123.000000
23832001.000000,3,59.000,56.000,0.000,0.000,0.000,115.000000
23833360.000000,3,59.000,62.000,0.000,0.000,0.000,121.000000
23834692.000000,3,75.000,20.000,0.000,0.000,0.000,95.000000
23836015.000000,3,79.000,0.000,0.000,0.000,0.000,79.000000
23837347.000000,3,72.000,0.000,0.000,0.000,0.000,72.000000
23838675.000000,3,75.000,0.000,0.000,0.000,0.000,75.000000
23840022.000000,3,75.000,0.000,0.000,0.000,0.000,75.000000
23841367.000000,3,75.000,0.000,0.000,0.000,0.000,75.000000
23842690.000000,3,75.000,0.000,0.000,0.000,0.000,75.000000
23844022.000000,3,77.000,0.000,0.000,0.000,0.000,77.000000
23845366.000000,3,73.000,0.000,0.000,0.000,0.000,73.000000
23846710.000000,3,75.000,0.000,0.000,0.000,0.000,75.000000
23848052.000000,3,75.000,0.000,0.000,0.000,0.000,75.000000
23849367.000000,3,76.000,0.000,0.000,0.000,0.000,76.000000
23850703.000000,4,79.000,12.000,0.000,0.000,0.000,91.000000
23852042.000000,4,75.000,41.000,0.000,0.000,0.000,116.000000
23853387.000000,4,75.000,32.000,0.000,0.000,0.000,107.000000
23854724.000000,4,75.000,0.000,0.000,0.000,0.000,75.000000
23856057.000000,4,76.000,0.000,0.000,0.000,0.000,76.000000
23857373.000000,4,76.000,28.000,0.000,0.000,0.000,104.000000
23858714.000000,4,78.000,45.000,0.000,0.000,0.000,123.000000
23860055.000000,4,74.000,16.000,0.000,0.000,0.000,90.000000
23861380.000000,4,71.000,0.000,0.000,0.000,0.000,71.000000
23862731.000000,4,74.000,0.000,0.000,0.000,0.000,74.000000
23864076.000000,4,74.000,8.000,0.000,0.000,0.000,82.000000
23865431.000000,4,77.000,41.000,44.000,0.000,0.000,162.000000
23866770.000000,4,74.000,31.000,0.000,0.000,0.000,105.000000
23868110.000000,4,76.000,42.000,0.000,0.000,0.000,118.000000
23869435.000000,4,75.000,0.000,0.000,0.000,0.000,75.000000
23870779.000000,4,75.000,0.000,0.000,0.000,0.000,75.000000
23872128.000000,4,75.000,0.000,0.000,0.000,0.000,75.000000
23873477.000000,4,73.000,34.000,9.000,0.000,0.000,116.000000
23874822.000000,4,74.000,25.000,8.000,0.000,0.000,107.000000
23876164.000000,4,74.000,18.000,0.000,0.000,0.000,92.000000
23877522.000000,4,75.000,0.000,0.000,0.000,0.000,75.000000
23878854.000000,4,75.000,20.000,5.000,0.000,0.000,100.000000
23880192.000000,4,75.000,45.000,41.000,0.000,0.000,161.000000
23881542.000000,4,77.000,12.000,12.000,0.000,0.000,101.000000
23882872.000000,4,75.000,0.000,0.000,0.000,0.000,75.000000
23884198.000000,4,73.000,16.000,0.000,0.000,0.000,89.000000
23885558.000000,4,75.000,35.000,0.000,0.000,0.000,110.000000
23886898.000000,4,75.000,41.000,0.000,0.000,0.000,116.000000
23888253.000000,4,75.000,4.000,0.000,0.000,0.000,79.000000
23889575.000000,4,75.000,9.000,0.000,0.000,0.000,84.000000
23890901.000000,4,75.000,46.000,0.000,0.000,0.000,121.000000
23892251.000000,4,74.000,46.000,17.000,5.000,0.000,142.000000
23893588.000000,4,75.000,48.000,44.000,22.000,0.000,189.000000
23894906.000000,4,71.000,48.000,40.000,0.000,0.000,159.000000
23896266.000000,4,72.000,8.000,8.000,0.000,0.000,88.000000
23897616.000000,4,73.000,25.000,0.000,0.000,0.000,98.000000
23898938.000000,4,70.000,0.000,0.000,0.000,0.000,70.000000
23900248.000000,4,75.000,9.000,0.000,0.000,0.000,84.000000
23901606.000000,4,70.000,30.000,0.000,0.000,0.000,100.000000
23902940.000000,4,74.000,33.000,0.000,0.000,0.000,107.000000
23904261.000000,4,71.000,12.000,0.000,0.000,0.000,83.000000
23905598.000000,4,70.000,16.000,0.000,0.000,0.000,86.000000
23906944.000000,4,75.000,25.000,0.000,0.000,0.000,100.000000
23908292.000000,4,70.000,16.000,0.000,0.000,0.000,86.000000
23909658.000000,4,74.000,13.000,0.000,0.000,0.000,87.000000
23910990.000000,4,71.000,0.000,0.000,0.000,0.000,71.000000
23912339.000000,4,75.000,41.000,0.000,0.000,0.000,116.000000
23913678.000000,4,74.000,40.000,0.000,0.000,0.000,114.000000
23915011.000000,4,71.000,37.000,0.000,0.000,0.000,108.000000
23916342.000000,4,70.000,5.000,0.000,0.000,0.000,75.000000
23917685.000000,4,74.000,41.000,0.000,0.000,0.000,115.000000
23919011.000000,4,71.000,25.000,0.000,0.000,0.000,96.000000
23920321.000000,4,70.000,33.000,0.000,0.000,0.000,103.000000
23921656.000000,4,73.000,47.000,5.000,0.000,0.000,125.000000
23922989.000000,4,74.000,44.000,40.000,0.000,0.000,158.000000
23924316.000000,4,73.000,48.000,44.000,0.000,0.000,165.000000
23925660.000000,4,74.000,44.000,25.000,0.000,0.000,143.000000
23926998.000000,4,71.000,48.000,42.000,0.000,0.000,161.000000
23928328.000000,4,74.000,48.000,41.000,0.000,0.000,163.000000
23929667.000000,4,72.000,44.000,33.000,0.000,0.000,149.000000
23931019.000000,4,74.000,28.000,25.000,0.000,0.000,127.000000
23932353.000000,4,75.000,0.000,0.000,0.000,0.000,75.000000
23933713.000000,4,74.000,12.000,0.000,0.000,0.000,86.000000
23935061.000000,4,71.000,0.000,0.000,0.000,0.000,71.000000
23936388.000000,4,72.000,0.000,0.000,0.000,0.000,72.000000
23937716.000000,4,72.000,0.000,0.000,0.000,0.000,72.000000
23939026.000000,4,72.000,0.000,0.000,0.000,0.000,72.000000
23940354.000000,4,67.000,0.000,0.000,0.000,0.000,67.000000
23941687.000000,4,61.000,0.000,0.000,0.000,0.000,61.000000
23943012.000000,4,75.000,14.000,0.000,0.000,0.000,89.000000
23944348.000000,4,72.000,0.000,0.000,0.000,0.000,72.000000
23945673.000000,4,75.000,0.000,0.000,0.000,0.000,75.000000
23947005.000000,4,71.000,0.000,0.000,0.000,0.000,71.000000
23948345.000000,4,69.000,9.000,0.000,0.000,0.000,78.000000
23949672.000000,4,75.000,0.000,0.000,0.000,0.000,75.000000
23951012.000000,4,70.000,0.000,0.000,0.000,0.000,70.000000
23952329.000000,4,73.000,0.000,0.000,0.000,0.000,73.000000
23953678.000000,4,72.000,0.000,0.000,0.000,0.000,72.000000
23954999.000000,4,70.000,0.000,0.000,0.000,0.000,70.000000
23956322.000000,4,70.000,0.000,0.000,0.000,0.000,70.000000
23957670.000000,4,70.000,0.000,0.000,0.000,0.000,70.000000
23958995.000000,4,76.000,0.000,0.000,0.000,0.000,76.000000
23960325.000000,4,73.000,0.000,0.000,0.000,0.000,73.000000
23961640.000000,4,67.000,12.000,0.000,0.000,0.000,79.000000
23962979.000000,4,72.000,0.000,0.000,0.000,0.000,72.000000
23964331.000000,4,77.000,0.000,0.000,0.000,0.000,77.000000
23965654.000000,4,76.000,0.000,0.000,0.000,0.000,76.000000
23967009.000000,4,69.000,12.000,0.000,0.000,0.000,81.000000
23968382.000000,4,68.000,0.000,0.000,0.000,0.000,68.000000
23969712.000000,4,77.000,0.000,0.000,0.000,0.000,77.000000
23971030.000000,4,75.000,0.000,0.000,0.000,0.000,75.000000
23972367.000000,4,70.000,0.000,0.000,0.000,0.000,70.000000
23973711.000000,4,70.000,0.000,0.000,0.000,0.000,70.000000
23975076.000000,5,78.000,22.000,17.000,0.000,0.000,117.000000
23976436.000000,5,79.000,79.000,65.000,0.000,0.000,223.000000
23977771.000000,5,84.000,77.000,60.000,0.000,0.000,221.000000
23979115.000000,5,82.000,79.000,64.000,0.000,0.000,225.000000
23980460.000000,5,85.000,83.000,58.000,12.000,0.000,238.000000
23981822.000000,5,78.000,75.000,62.000,15.000,0.000,230.000000
23983147.000000,5,76.000,75.000,67.000,0.000,0.000,218.000000
23984488.000000,5,78.000,74.000,68.000,0.000,0.000,220.000000
23985821.000000,5,77.000,76.000,65.000,0.000,0.000,218.000000
23987158.000000,5,75.000,76.000,64.000,0.000,0.000,215.000000
23988488.000000,5,82.000,79.000,66.000,0.000,0.000,227.000000
23989813.000000,5,79.000,77.000,65.000,5.000,0.000,226.000000
23991145.000000,5,75.000,79.000,66.000,0.000,0.000,220.000000
23992488.000000,5,80.000,78.000,69.000,0.000,0.000,227.000000
23993851.000000,5,75.000,80.000,60.000,0.000,0.000,215.000000
23995180.000000,5,78.000,77.000,60.000,0.000,0.000,215.000000
23996506.000000,5,77.000,82.000,61.000,0.000,0.000,220.000000
23997864.000000,5,75.000,77.000,66.000,12.000,0.000,230.000000
23999204.000000,5,75.000,78.000,50.000,45.000,0.000,248.000000
24000546.000000,5,76.000,77.000,66.000,0.000,0.000,219.000000
24001888.000000,5,74.000,75.000,65.000,0.000,0.000,214.000000
24003232.000000,5,75.000,78.000,64.000,0.000,0.000,217.000000
24004564.000000,5,75.000,77.000,66.000,0.000,0.000,218.000000
24005897.000000,5,75.000,79.000,68.000,0.000,0.000,222.000000
24007228.000000,5,75.000,76.000,67.000,0.000,0.000,218.000000
24008556.000000,5,75.000,80.000,58.000,0.000,0.000,213.000000
24009884.000000,5,79.000,80.000,59.000,0.000,0.000,218.000000
24011223.000000,5,78.000,75.000,64.000,10.000,0.000,227.000000
24012570.000000,5,71.000,75.000,59.000,0.000,0.000,205.000000
24013906.000000,5,79.000,70.000,69.000,0.000,0.000,218.000000
24015244.000000,5,75.000,70.000,70.000,0.000,0.000,215.000000
24016575.000000,5,71.000,74.000,72.000,0.000,0.000,217.000000
24017897.000000,5,80.000,73.000,68.000,0.000,0.000,221.000000
24019235.000000,5,73.000,74.000,69.000,0.000,0.000,216.000000
24020550.000000,5,78.000,70.000,66.000,0.000,0.000,214.000000
24021896.000000,5,79.000,70.000,70.000,0.000,0.000,219.000000
24023249.000000,5,76.000,70.000,64.000,0.000,0.000,210.000000
24024582.000000,5,77.000,69.000,65.000,4.000,0.000,215.000000
24025922.000000,5,70.000,72.000,69.000,0.000,0.000,211.000000
24027268.000000,5,76.000,70.000,66.000,0.000,0.000,212.000000
24028603.000000,5,75.000,70.000,65.000,0.000,0.000,210.000000
24029957.000000,5,74.000,70.000,65.000,0.000,0.000,209.000000
24031298.000000,5,79.000,69.000,68.000,0.000,0.000,216.000000
24032634.000000,5,76.000,70.000,62.000,0.000,0.000,208.000000
24033984.000000,5,75.000,65.000,65.000,0.000,0.000,205.000000
24035320.000000,5,75.000,73.000,65.000,0.000,0.000,213.000000
24036663.000000,5,77.000,75.000,65.000,0.000,0.000,217.000000
24038010.000000,5,74.000,74.000,65.000,0.000,0.000,213.000000
24039340.000000,5,75.000,70.000,65.000,0.000,0.000,210.000000
24040686.000000,5,75.000,74.000,65.000,0.000,0.000,214.000000
24042018.000000,5,80.000,71.000,65.000,0.000,0.000,216.000000
24043355.000000,5,75.000,68.000,65.000,0.000,0.000,208.000000
24044681.000000,5,77.000,72.000,65.000,0.000,0.000,214.000000
24046027.000000,5,77.000,70.000,65.000,0.000,0.000,212.000000
24047362.000000,5,74.000,75.000,65.000,0.000,0.000,214.000000
24048720.000000,5,77.000,73.000,65.000,0.000,0.000,215.000000
24050055.000000,5,74.000,72.000,59.000,22.000,0.000,227.000000
24051395.000000,5,76.000,70.000,64.000,0.000,0.000,210.000000
24052760.000000,5,73.000,75.000,63.000,0.000,0.000,211.000000
24054135.000000,5,75.000,61.000,63.000,4.000,0.000,203.000000
24055495.000000,5,71.000,69.000,56.000,14.000,0.000,210.000000
24056834.000000,5,75.000,64.000,59.000,4.000,0.000,202.000000
24058174.000000,5,75.000,68.000,56.000,20.000,0.000,219.000000
24059494.000000,5,69.000,70.000,52.000,8.000,0.000,199.000000
24060848.000000,5,74.000,74.000,52.000,0.000,0.000,200.000000
24062174.000000,5,76.000,70.000,54.000,4.000,0.000,204.000000
24063503.000000,5,75.000,65.000,57.000,0.000,0.000,197.000000
24064852.000000,5,75.000,67.000,59.000,0.000,0.000,201.000000
24066181.000000,5,66.000,73.000,53.000,6.000,0.000,198.000000
24067514.000000,5,79.000,70.000,52.000,0.000,0.000,201.000000
24068832.000000,5,75.000,70.000,55.000,0.000,0.000,200.000000
24070197.000000,5,75.000,65.000,55.000,10.000,0.000,205.000000
24071526.000000,5,75.000,66.000,56.000,18.000,0.000,215.000000
24072870.000000,5,75.000,63.000,59.000,8.000,0.000,205.000000
24074211.000000,5,75.000,65.000,52.000,0.000,0.000,192.000000
24075543.000000,5,75.000,70.000,52.000,0.000,0.000,197.000000
24076858.000000,5,75.000,65.000,54.000,0.000,0.000,194.000000
24078204.000000,5,72.000,64.000,56.000,0.000,0.000,192.000000
24079532.000000,5,72.000,66.000,60.000,0.000,0.000,198.000000
24080865.000000,5,75.000,69.000,60.000,0.000,0.000,204.000000
24082199.000000,5,75.000,67.000,61.000,0.000,0.000,203.000000
24083536.000000,5,70.000,68.000,56.000,0.000,0.000,194.000000
24084875.000000,5,75.000,75.000,55.000,0.000,0.000,205.000000
24086238.000000,5,76.000,70.000,65.000,0.000,0.000,211.000000
24087568.000000,5,78.000,70.000,63.000,0.000,0.000,211.000000
24088917.000000,6,76.000,69.000,30.000,0.000,0.000,175.000000
24090261.000000,6,75.000,65.000,0.000,0.000,0.000,140.000000
24091603.000000,6,79.000,66.000,0.000,0.000,0.000,145.000000
24092936.000000,6,73.000,71.000,0.000,0.000,0.000,144.000000
24094288.000000,6,76.000,71.000,0.000,0.000,0.000,147.000000
24095606.000000,6,80.000,63.000,0.000,0.000,0.000,143.000000
24096932.000000,6,81.000,65.000,0.000,0.000,0.000,146.000000
24098274.000000,6,80.000,68.000,0.000,0.000,0.000,148.000000
24099607.000000,6,77.000,64.000,7.000,0.000,0.000,148.000000
24100922.000000,6,75.000,68.000,20.000,0.000,0.000,163.000000
24102269.000000,6,75.000,43.000,68.000,0.000,0.000,186.000000
24103651.000000,6,75.000,49.000,55.000,0.000,0.000,179.000000
24104996.000000,6,80.000,67.000,0.000,0.000,0.000,147.000000
24106326.000000,6,80.000,64.000,12.000,0.000,0.000,156.000000
24107634.000000,6,77.000,57.000,38.000,7.000,0.000,179.000000
24108964.000000,6,75.000,69.000,5.000,0.000,0.000,149.000000
24110283.000000,6,80.000,67.000,0.000,0.000,0.000,147.000000
24111619.000000,6,75.000,67.000,0.000,0.000,0.000,142.000000
24112960.000000,6,75.000,66.000,0.000,0.000,0.000,141.000000
24114289.000000,6,75.000,70.000,0.000,0.000,0.000,145.000000
24115623.000000,6,78.000,70.000,0.000,0.000,0.000,148.000000
24116947.000000,6,76.000,62.000,0.000,0.000,0.000,138.000000
24118281.000000,6,78.000,66.000,0.000,0.000,0.000,144.000000
24119617.000000,6,77.000,65.000,0.000,0.000,0.000,142.000000
24120941.000000,6,75.000,65.000,0.000,0.000,0.000,140.000000
24122258.000000,6,77.000,65.000,0.000,0.000,0.000,142.000000
24123583.000000,6,73.000,69.000,9.000,0.000,0.000,151.000000
24124900.000000,6,79.000,43.000,0.000,0.000,0.000,122.000000
24126222.000000,6,76.000,70.000,0.000,0.000,0.000,146.000000
24127549.000000,6,75.000,53.000,54.000,0.000,0.000,182.000000
24128882.000000,6,70.000,54.000,80.000,0.000,0.000,204.000000
24130225.000000,6,82.000,77.000,18.000,0.000,0.000,177.000000
24131529.000000,6,82.000,77.000,0.000,0.000,0.000,159.000000
24132865.000000,6,73.000,77.000,0.000,0.000,0.000,150.000000
24134185.000000,6,75.000,78.000,0.000,0.000,0.000,153.000000
24135533.000000,6,75.000,75.000,0.000,0.000,0.000,150.000000
24136861.000000,6,75.000,77.000,0.000,0.000,0.000,152.000000
24138178.000000,6,75.000,75.000,0.000,0.000,0.000,150.000000
24139520.000000,6,78.000,81.000,0.000,0.000,0.000,159.000000
24140853.000000,6,72.000,79.000,0.000,0.000,0.000,151.000000
24142220.000000,6,75.000,70.000,30.000,0.000,0.000,175.000000
24143538.000000,6,75.000,76.000,4.000,0.000,0.000,155.000000
24144858.000000,6,76.000,78.000,0.000,0.000,0.000,154.000000
24146179.000000,6,76.000,75.000,0.000,0.000,0.000,151.000000
24147495.000000,6,73.000,76.000,0.000,0.000,0.000,149.000000
24148841.000000,6,75.000,75.000,0.000,0.000,0.000,150.000000
24150182.000000,6,76.000,74.000,8.000,0.000,0.000,158.000000
24151515.000000,6,76.000,75.000,0.000,0.000,0.000,151.000000
24152843.000000,6,77.000,78.000,5.000,0.000,0.000,160.000000
24154169.000000,6,76.000,77.000,0.000,0.000,0.000,153.000000
24155528.000000,6,75.000,75.000,0.000,0.000,0.000,150.000000
24156880.000000,6,73.000,75.000,0.000,0.000,0.000,148.000000
24158242.000000,6,77.000,80.000,0.000,0.000,0.000,157.000000
24159560.000000,6,75.000,75.000,0.000,0.000,0.000,150.000000
24160930.000000,6,75.000,75.000,0.000,0.000,0.000,150.000000
24162275.000000,6,75.000,75.000,0.000,0.000,0.000,150.000000
24163602.000000,6,73.000,78.000,0.000,0.000,0.000,151.000000
24164945.000000,6,72.000,77.000,0.000,0.000,0.000,149.000000
24166270.000000,6,75.000,75.000,0.000,0.000,0.000,150.000000
24167595.000000,6,75.000,70.000,0.000,0.000,0.000,145.000000
24168926.000000,6,80.000,72.000,0.000,0.000,0.000,152.000000
24170263.000000,6,75.000,78.000,0.000,0.000,0.000,153.000000
24171601.000000,6,75.000,69.000,0.000,0.000,0.000,144.000000
24172943.000000,6,75.000,73.000,0.000,0.000,0.000,148.000000
24174298.000000,6,75.000,74.000,0.000,0.000,0.000,149.000000
24175670.000000,6,70.000,71.000,0.000,0.000,0.000,141.000000
24177000.000000,6,75.000,75.000,0.000,0.000,0.000,150.000000
24178333.000000,6,74.000,70.000,0.000,0.000,0.000,144.000000
24179671.000000,6,75.000,75.000,0.000,0.000,0.000,150.000000
24181028.000000,6,75.000,70.000,0.000,0.000,0.000,145.000000
24182372.000000,6,75.000,65.000,0.000,0.000,0.000,140.000000
24183696.000000,6,74.000,71.000,7.000,0.000,0.000,152.000000
24185035.000000,6,71.000,70.000,0.000,0.000,0.000,141.000000
24186367.000000,6,77.000,67.000,0.000,0.000,0.000,144.000000
24187712.000000,6,75.000,73.000,0.000,0.000,0.000,148.000000
24189047.000000,6,75.000,74.000,0.000,0.000,0.000,149.000000
24190397.000000,6,74.000,71.000,0.000,0.000,0.000,145.000000
24191720.000000,6,71.000,75.000,0.000,0.000,0.000,146.000000
24193053.000000,6,75.000,75.000,0.000,0.000,0.000,150.000000
24194377.000000,6,70.000,75.000,0.000,0.000,0.000,145.000000
24195713.000000,6,75.000,70.000,0.000,0.000,0.000,145.000000
24197040.000000,6,75.000,73.000,0.000,0.000,0.000,148.000000
24198352.000000,6,70.000,75.000,0.000,0.000,0.000,145.000000
24199692.000000,6,75.000,72.000,0.000,0.000,0.000,147.000000
24201024.000000,6,75.000,64.000,0.000,0.000,0.000,139.000000
24202379.000000,6,74.000,73.000,0.000,0.000,0.000,147.000000
24203718.000000,6,71.000,71.000,0.000,0.000,0.000,142.000000
