11638266.000000,1,0.000,0.000,0.000,0.000,0.000,0.000000
11639612.000000,1,63.000,26.000,45.000,74.000,54.000,262.000000
11640973.000000,1,61.000,62.000,7.000,71.000,54.000,255.000000
11642314.000000,1,66.000,0.000,70.000,76.000,58.000,270.000000
11643670.000000,1,66.000,0.000,36.000,73.000,67.000,242.000000
11645011.000000,1,54.000,15.000,0.000,71.000,73.000,213.000000
11646381.000000,1,61.000,0.000,0.000,68.000,71.000,200.000000
11647766.000000,1,64.000,0.000,0.000,69.000,71.000,204.000000
11649128.000000,1,67.000,0.000,30.000,74.000,65.000,236.000000
11650520.000000,1,48.000,23.000,74.000,79.000,53.000,277.000000
11651905.000000,1,62.000,7.000,73.000,77.000,71.000,290.000000
11653284.000000,1,67.000,27.000,48.000,77.000,55.000,274.000000
11654667.000000,1,70.000,29.000,52.000,77.000,51.000,279.000000
11656055.000000,1,65.000,66.000,35.000,72.000,54.000,292.000000
11657432.000000,1,66.000,0.000,71.000,76.000,59.000,272.000000
11658822.000000,1,69.000,0.000,73.000,77.000,73.000,292.000000
11660191.000000,1,67.000,0.000,67.000,77.000,70.000,281.000000
11661554.000000,1,63.000,0.000,33.000,70.000,69.000,235.000000
11662920.000000,1,64.000,0.000,67.000,72.000,56.000,259.000000
11664284.000000,1,68.000,0.000,74.000,76.000,59.000,277.000000
11665643.000000,1,68.000,41.000,35.000,77.000,61.000,282.000000
11667030.000000,1,63.000,6.000,65.000,74.000,62.000,270.000000
11668358.000000,1,61.000,0.000,65.000,70.000,55.000,251.000000
11669728.000000,1,53.000,21.000,69.000,75.000,65.000,283.000000
11671119.000000,1,68.000,0.000,74.000,77.000,66.000,285.000000
11672477.000000,1,62.000,0.000,65.000,71.000,66.000,264.000000
11673831.000000,1,65.000,0.000,54.000,74.000,70.000,263.000000
11675203.000000,1,66.000,0.000,35.000,74.000,72.000,247.000000
11676589.000000,1,67.000,0.000,71.000,76.000,67.000,281.000000
11677981.000000,1,64.000,31.000,54.000,70.000,57.000,276.000000
11679348.000000,1,62.000,66.000,71.000,66.000,55.000,320.000000
11680707.000000,1,61.000,64.000,60.000,67.000,52.000,304.000000
11682099.000000,1,58.000,12.000,58.000,71.000,50.000,249.000000
11683481.000000,1,61.000,66.000,66.000,66.000,55.000,314.000000
11684866.000000,1,57.000,62.000,67.000,63.000,51.000,300.000000
11686241.000000,1,57.000,66.000,69.000,67.000,51.000,310.000000
11687605.000000,1,57.000,65.000,71.000,67.000,50.000,310.000000
11688985.000000,1,56.000,65.000,61.000,68.000,52.000,302.000000
11690396.000000,1,54.000,61.000,66.000,63.000,50.000,294.000000
11691758.000000,1,59.000,67.000,71.000,69.000,51.000,317.000000
11693170.000000,1,57.000,65.000,69.000,66.000,50.000,307.000000
11694549.000000,1,55.000,65.000,21.000,69.000,48.000,258.000000
11695943.000000,1,57.000,66.000,62.000,66.000,50.000,301.000000
11697330.000000,1,57.000,66.000,70.000,66.000,52.000,311.000000
11698710.000000,1,59.000,65.000,27.000,70.000,50.000,271.000000
11700085.000000,1,61.000,67.000,44.000,68.000,50.000,290.000000
11701462.000000,1,58.000,63.000,68.000,66.000,48.000,303.000000
11702867.000000,1,58.000,66.000,64.000,70.000,49.000,307.000000
11704243.000000,1,59.000,27.000,55.000,68.000,45.000,254.000000
11705635.000000,1,61.000,66.000,50.000,68.000,50.000,295.000000
11707012.000000,1,63.000,65.000,68.000,66.000,52.000,314.000000
11708390.000000,1,62.000,67.000,71.000,67.000,51.000,318.000000
11709776.000000,1,58.000,62.000,66.000,65.000,49.000,300.000000
11711164.000000,1,58.000,64.000,69.000,66.000,48.000,305.000000
11712533.000000,1,58.000,67.000,71.000,66.000,48.000,310.000000
11713912.000000,1,56.000,46.000,58.000,69.000,49.000,278.000000
11715296.000000,1,59.000,67.000,64.000,67.000,49.000,306.000000
11716677.000000,1,58.000,62.000,46.000,66.000,49.000,281.000000
11718054.000000,1,55.000,64.000,62.000,67.000,48.000,296.000000
11719413.000000,1,52.000,62.000,72.000,66.000,46.000,298.000000
11720788.000000,1,54.000,64.000,71.000,67.000,47.000,303.000000
11722135.000000,1,54.000,64.000,72.000,67.000,47.000,304.000000
11723472.000000,1,53.000,67.000,71.000,66.000,50.000,307.000000
11724843.000000,1,54.000,67.000,71.000,67.000,49.000,308.000000
11726179.000000,1,53.000,65.000,71.000,65.000,48.000,302.000000
11727517.000000,1,53.000,60.000,70.000,66.000,48.000,297.000000
11728872.000000,1,53.000,61.000,72.000,66.000,48.000,300.000000
11730236.000000,1,55.000,63.000,54.000,70.000,48.000,290.000000
11731566.000000,1,55.000,55.000,65.000,68.000,48.000,291.000000
11732940.000000,1,52.000,62.000,69.000,67.000,48.000,298.000000
11734306.000000,1,57.000,65.000,72.000,67.000,50.000,311.000000
11735669.000000,1,55.000,64.000,71.000,65.000,47.000,302.000000
11737007.000000,1,55.000,66.000,71.000,66.000,49.000,307.000000
11738380.000000,1,56.000,66.000,72.000,65.000,49.000,308.000000
11739730.000000,1,54.000,67.000,70.000,72.000,48.000,311.000000
11741102.000000,1,53.000,64.000,69.000,71.000,48.000,305.000000
11742464.000000,1,55.000,65.000,48.000,70.000,53.000,291.000000
11743841.000000,1,53.000,66.000,72.000,66.000,49.000,306.000000
11745217.000000,1,56.000,44.000,53.000,69.000,50.000,272.000000
11746605.000000,1,52.000,63.000,49.000,69.000,51.000,284.000000
11747995.000000,1,54.000,66.000,72.000,66.000,51.000,309.000000
11749365.000000,1,55.000,66.000,71.000,66.000,51.000,309.000000
11750720.000000,1,59.000,66.000,72.000,65.000,51.000,313.000000
11752100.000000,1,55.000,66.000,62.000,70.000,51.000,304.000000
11753491.000000,1,58.000,66.000,71.000,69.000,52.000,316.000000
11754869.000000,1,55.000,64.000,72.000,66.000,51.000,308.000000
11756257.000000,1,53.000,61.000,58.000,66.000,50.000,288.000000
11757638.000000,2,14.000,16.000,1.000,18.000,12.000,61.000000
11759041.000000,2,0.000,0.000,0.000,0.000,0.000,0.000000
11760419.000000,2,1.000,0.000,23.000,12.000,0.000,36.000000
11761793.000000,2,0.000,0.000,26.000,11.000,0.000,37.000000
11763173.000000,2,0.000,0.000,0.000,21.000,0.000,21.000000
11764542.000000,2,2.000,0.000,5.000,42.000,0.000,49.000000
11765918.000000,2,0.000,0.000,0.000,0.000,0.000,0.000000
11767293.000000,2,0.000,0.000,0.000,0.000,0.000,0.000000
11768665.000000,2,1.000,0.000,15.000,0.000,0.000,16.000000
11770017.000000,2,1.000,3.000,47.000,25.000,0.000,76.000000
11771389.000000,2,0.000,3.000,4.000,51.000,3.000,61.000000
11772787.000000,2,1.000,0.000,0.000,21.000,0.000,22.000000
11774185.000000,2,0.000,0.000,0.000,0.000,0.000,0.000000
11775532.000000,2,1.000,0.000,0.000,3.000,0.000,4.000000
11776905.000000,2,0.000,0.000,0.000,0.000,0.000,0.000000
11778282.000000,2,2.000,25.000,0.000,4.000,0.000,31.000000
11779653.000000,2,0.000,0.000,0.000,0.000,0.000,0.000000
11781018.000000,2,0.000,0.000,0.000,0.000,0.000,0.000000
11782390.000000,2,0.000,0.000,0.000,0.000,0.000,0.000000
11783762.000000,2,0.000,0.000,0.000,0.000,0.000,0.000000
11785148.000000,2,1.000,0.000,0.000,5.000,0.000,6.000000
11786513.000000,2,0.000,7.000,0.000,22.000,0.000,29.000000
11787875.000000,2,1.000,2.000,0.000,22.000,0.000,25.000000
11789242.000000,2,0.000,0.000,0.000,0.000,0.000,0.000000
11790598.000000,2,2.000,0.000,0.000,4.000,0.000,6.000000
11791968.000000,2,0.000,0.000,0.000,0.000,0.000,0.000000
11793334.000000,2,0.000,0.000,0.000,0.000,0.000,0.000000
11794710.000000,2,1.000,0.000,0.000,9.000,0.000,10.000000
11796096.000000,2,0.000,0.000,0.000,0.000,0.000,0.000000
11797476.000000,2,0.000,0.000,0.000,0.000,0.000,0.000000
11798845.000000,2,0.000,0.000,0.000,25.000,0.000,25.000000
11800224.000000,2,3.000,0.000,2.000,32.000,0.000,37.000000
11801600.000000,2,2.000,0.000,0.000,18.000,0.000,20.000000
11802966.000000,2,0.000,0.000,0.000,37.000,0.000,37.000000
11804359.000000,2,1.000,0.000,3.000,35.000,0.000,39.000000
11805728.000000,2,0.000,0.000,0.000,33.000,0.000,33.000000
11807102.000000,2,1.000,0.000,0.000,16.000,0.000,17.000000
11808499.000000,2,2.000,0.000,0.000,54.000,5.000,61.000000
11809858.000000,2,0.000,0.000,0.000,1.000,0.000,1.000000
11811235.000000,2,2.000,0.000,0.000,27.000,0.000,29.000000
11812606.000000,2,1.000,0.000,0.000,47.000,0.000,48.000000
11813966.000000,2,0.000,0.000,0.000,51.000,0.000,51.000000
11815352.000000,2,0.000,0.000,0.000,51.000,0.000,51.000000
11816723.000000,2,0.000,0.000,7.000,47.000,4.000,58.000000
11818096.000000,2,0.000,0.000,0.000,11.000,0.000,11.000000
11819464.000000,2,2.000,0.000,7.000,0.000,0.000,9.000000
11820864.000000,2,2.000,0.000,0.000,18.000,0.000,20.000000
11822237.000000,2,1.000,0.000,0.000,29.000,0.000,30.000000
11823638.000000,2,1.000,0.000,0.000,16.000,0.000,17.000000
11825020.000000,2,2.000,0.000,21.000,25.000,0.000,48.000000
11826406.000000,2,1.000,0.000,8.000,19.000,0.000,28.000000
11827785.000000,2,1.000,0.000,0.000,49.000,0.000,50.000000
11829156.000000,2,1.000,0.000,0.000,32.000,0.000,33.000000
11830524.000000,2,0.000,0.000,0.000,0.000,0.000,0.000000
11831904.000000,2,1.000,0.000,0.000,3.000,0.000,4.000000
11833300.000000,2,1.000,0.000,0.000,38.000,0.000,39.000000
11834669.000000,2,0.000,0.000,0.000,2.000,0.000,2.000000
11836010.000000,2,2.000,0.000,0.000,42.000,11.000,55.000000
11837386.000000,2,0.000,0.000,0.000,52.000,0.000,52.000000
11838741.000000,2,0.000,0.000,0.000,51.000,0.000,51.000000
11840133.000000,2,0.000,0.000,0.000,38.000,0.000,38.000000
11841507.000000,2,2.000,0.000,6.000,11.000,0.000,19.000000
11842862.000000,2,1.000,0.000,19.000,0.000,0.000,20.000000
11844232.000000,2,34.000,15.000,5.000,0.000,0.000,54.000000
11845603.000000,2,35.000,0.000,0.000,7.000,0.000,42.000000
11846992.000000,2,35.000,1.000,7.000,0.000,0.000,43.000000
11848368.000000,2,33.000,18.000,8.000,0.000,0.000,59.000000
11849739.000000,2,25.000,0.000,0.000,0.000,0.000,25.000000
11851119.000000,2,0.000,0.000,0.000,0.000,0.000,0.000000
11852490.000000,2,0.000,0.000,0.000,0.000,0.000,0.000000
11853873.000000,2,3.000,0.000,9.000,0.000,0.000,12.000000
11855267.000000,2,1.000,0.000,5.000,0.000,0.000,6.000000
11856628.000000,2,14.000,6.000,0.000,0.000,0.000,20.000000
11857981.000000,2,35.000,0.000,0.000,0.000,0.000,35.000000
11859356.000000,2,33.000,0.000,0.000,5.000,0.000,38.000000
11860702.000000,2,36.000,0.000,0.000,0.000,0.000,36.000000
11862068.000000,2,31.000,19.000,11.000,0.000,0.000,61.000000
11863454.000000,2,34.000,0.000,0.000,23.000,0.000,57.000000
11864818.000000,2,37.000,3.000,9.000,11.000,0.000,60.000000
11866186.000000,2,37.000,0.000,4.000,8.000,0.000,49.000000
11867551.000000,2,22.000,0.000,0.000,17.000,0.000,39.000000
11868918.000000,2,5.000,3.000,17.000,9.000,0.000,34.000000
11870281.000000,2,1.000,0.000,0.000,9.000,0.000,10.000000
11871659.000000,2,0.000,0.000,0.000,0.000,0.000,0.000000
11873016.000000,2,1.000,0.000,0.000,8.000,0.000,9.000000
11874389.000000,2,0.000,0.000,4.000,0.000,0.000,4.000000
11875751.000000,3,0.000,0.000,0.000,6.000,48.000,54.000000
11877101.000000,3,1.000,0.000,0.000,47.000,66.000,114.000000
11878452.000000,3,0.000,0.000,0.000,34.000,66.000,100.000000
11879834.000000,3,0.000,0.000,0.000,0.000,66.000,66.000000
11881218.000000,3,0.000,0.000,0.000,0.000,66.000,66.000000
11882590.000000,3,0.000,0.000,0.000,0.000,63.000,63.000000
11883968.000000,3,1.000,0.000,0.000,29.000,29.000,59.000000
11885312.000000,3,0.000,0.000,0.000,44.000,61.000,105.000000
11886675.000000,3,0.000,0.000,0.000,0.000,58.000,58.000000
11888027.000000,3,0.000,0.000,0.000,0.000,63.000,63.000000
11889395.000000,3,0.000,0.000,0.000,0.000,64.000,64.000000
11890757.000000,3,0.000,0.000,7.000,4.000,66.000,77.000000
11892149.000000,3,0.000,10.000,0.000,0.000,63.000,73.000000
11893511.000000,3,1.000,5.000,0.000,18.000,62.000,86.000000
11894862.000000,3,0.000,0.000,6.000,43.000,65.000,114.000000
11896228.000000,3,0.000,0.000,0.000,0.000,65.000,65.000000
11897594.000000,3,1.000,0.000,0.000,0.000,45.000,46.000000
11898937.000000,3,0.000,0.000,0.000,7.000,11.000,18.000000
11900307.000000,3,1.000,3.000,0.000,19.000,62.000,85.000000
11901653.000000,3,1.000,9.000,0.000,1.000,62.000,73.000000
11902995.000000,3,0.000,0.000,0.000,0.000,67.000,67.000000
11904365.000000,3,0.000,0.000,0.000,0.000,65.000,65.000000
11905728.000000,3,0.000,0.000,0.000,0.000,66.000,66.000000
11907092.000000,3,0.000,0.000,0.000,10.000,59.000,69.000000
11908441.000000,3,0.000,0.000,0.000,10.000,65.000,75.000000
11909793.000000,3,0.000,0.000,0.000,0.000,66.000,66.000000
11911129.000000,3,0.000,0.000,0.000,0.000,67.000,67.000000
11912480.000000,3,0.000,0.000,0.000,0.000,62.000,62.000000
11913845.000000,3,0.000,0.000,0.000,0.000,62.000,62.000000
11915206.000000,3,0.000,0.000,0.000,0.000,63.000,63.000000
11916598.000000,3,0.000,0.000,0.000,0.000,70.000,70.000000
11917969.000000,3,0.000,0.000,0.000,0.000,70.000,70.000000
11919352.000000,3,0.000,0.000,0.000,0.000,72.000,72.000000
11920738.000000,3,0.000,0.000,0.000,0.000,71.000,71.000000
11922084.000000,3,0.000,0.000,0.000,0.000,68.000,68.000000
11923449.000000,3,1.000,0.000,0.000,13.000,43.000,57.000000
11924760.000000,3,2.000,0.000,0.000,7.000,46.000,55.000000
11926100.000000,3,0.000,0.000,0.000,0.000,72.000,72.000000
11927425.000000,3,0.000,0.000,0.000,0.000,67.000,67.000000
11928790.000000,3,1.000,0.000,0.000,7.000,68.000,76.000000
11930183.000000,3,0.000,0.000,0.000,0.000,73.000,73.000000
11931539.000000,3,0.000,0.000,3.000,28.000,71.000,102.000000
11932893.000000,3,0.000,0.000,17.000,0.000,72.000,89.000000
11934247.000000,3,0.000,0.000,0.000,0.000,66.000,66.000000
11935585.000000,3,0.000,0.000,0.000,0.000,70.000,70.000000
11936940.000000,3,0.000,0.000,0.000,0.000,18.000,18.000000
11938295.000000,3,0.000,0.000,0.000,18.000,65.000,83.000000
11939642.000000,3,0.000,0.000,0.000,0.000,67.000,67.000000
11941000.000000,3,0.000,0.000,0.000,0.000,69.000,69.000000
11942338.000000,3,0.000,0.000,0.000,0.000,70.000,70.000000
11943699.000000,3,0.000,0.000,0.000,0.000,73.000,73.000000
11945068.000000,3,0.000,0.000,0.000,0.000,72.000,72.000000
11946409.000000,3,1.000,0.000,0.000,5.000,67.000,73.000000
11947765.000000,3,0.000,0.000,0.000,0.000,67.000,67.000000
11949101.000000,3,0.000,0.000,0.000,0.000,71.000,71.000000
11950462.000000,3,0.000,0.000,0.000,0.000,64.000,64.000000
11951790.000000,3,0.000,0.000,0.000,0.000,71.000,71.000000
11953175.000000,3,0.000,0.000,0.000,0.000,70.000,70.000000
11954540.000000,3,0.000,0.000,0.000,0.000,70.000,70.000000
11955889.000000,3,0.000,0.000,0.000,3.000,66.000,69.000000
11957260.000000,3,0.000,0.000,0.000,0.000,66.000,66.000000
11958626.000000,3,22.000,0.000,0.000,0.000,69.000,91.000000
11959995.000000,3,18.000,0.000,0.000,0.000,69.000,87.000000
11961399.000000,3,0.000,0.000,4.000,0.000,74.000,78.000000
11962766.000000,3,0.000,0.000,0.000,0.000,73.000,73.000000
11964140.000000,3,0.000,0.000,0.000,0.000,68.000,68.000000
11965478.000000,3,0.000,0.000,13.000,0.000,64.000,77.000000
11966832.000000,3,0.000,0.000,0.000,0.000,66.000,66.000000
11968212.000000,3,0.000,0.000,0.000,0.000,73.000,73.000000
11969597.000000,3,0.000,0.000,0.000,0.000,70.000,70.000000
11971022.000000,3,0.000,0.000,0.000,0.000,69.000,69.000000
11972412.000000,3,4.000,0.000,0.000,0.000,71.000,75.000000
11973782.000000,3,45.000,0.000,0.000,0.000,66.000,111.000000
11975138.000000,3,46.000,0.000,0.000,0.000,68.000,114.000000
11976507.000000,3,45.000,0.000,0.000,0.000,73.000,118.000000
11977884.000000,3,44.000,0.000,0.000,0.000,71.000,115.000000
11979240.000000,3,45.000,0.000,0.000,0.000,65.000,110.000000
11980618.000000,3,45.000,0.000,0.000,0.000,68.000,113.000000
11982010.000000,3,19.000,0.000,0.000,0.000,70.000,89.000000
11983372.000000,3,0.000,0.000,0.000,0.000,73.000,73.000000
11984719.000000,3,0.000,0.000,0.000,0.000,69.000,69.000000
11986093.000000,3,0.000,0.000,0.000,0.000,68.000,68.000000
11987446.000000,3,0.000,0.000,0.000,0.000,67.000,67.000000
11988807.000000,3,0.000,0.000,0.000,0.000,71.000,71.000000
11990162.000000,3,0.000,0.000,0.000,0.000,71.000,71.000000
11991530.000000,3,0.000,0.000,0.000,0.000,73.000,73.000000
11992879.000000,3,0.000,0.000,0.000,0.000,67.000,67.000000
11994251.000000,3,0.000,0.000,0.000,0.000,66.000,66.000000
11995612.000000,3,0.000,0.000,0.000,0.000,74.000,74.000000
11996955.000000,3,0.000,0.000,0.000,0.000,70.000,70.000000
11998287.000000,4,0.000,17.000,10.000,0.000,57.000,84.000000
11999622.000000,4,0.000,72.000,41.000,0.000,0.000,113.000000
12000924.000000,4,0.000,39.000,55.000,9.000,0.000,103.000000
12002269.000000,4,0.000,28.000,34.000,16.000,0.000,78.000000
12003598.000000,4,0.000,0.000,14.000,60.000,0.000,74.000000
12004926.000000,4,37.000,31.000,34.000,0.000,0.000,102.000000
12006262.000000,4,71.000,44.000,0.000,0.000,0.000,115.000000
12007598.000000,4,36.000,49.000,0.000,0.000,0.000,85.000000
12008924.000000,4,0.000,66.000,0.000,0.000,0.000,66.000000
12010265.000000,4,0.000,65.000,0.000,0.000,0.000,65.000000
12011631.000000,4,20.000,43.000,11.000,6.000,0.000,80.000000
12013006.000000,4,56.000,43.000,39.000,24.000,0.000,162.000000
12014390.000000,4,1.000,8.000,64.000,28.000,0.000,101.000000
12015730.000000,4,0.000,68.000,41.000,4.000,0.000,113.000000
12017105.000000,4,0.000,57.000,16.000,5.000,0.000,78.000000
12018438.000000,4,0.000,0.000,0.000,71.000,0.000,71.000000
12019773.000000,4,0.000,33.000,21.000,22.000,0.000,76.000000
12021127.000000,4,62.000,29.000,27.000,0.000,0.000,118.000000
12022492.000000,4,63.000,20.000,9.000,13.000,0.000,105.000000
12023834.000000,4,0.000,25.000,28.000,35.000,0.000,88.000000
12025164.000000,4,0.000,0.000,0.000,70.000,0.000,70.000000
12026497.000000,4,42.000,20.000,19.000,19.000,0.000,100.000000
12027827.000000,4,72.000,33.000,29.000,24.000,0.000,158.000000
12029193.000000,4,71.000,10.000,11.000,0.000,0.000,92.000000
12030556.000000,4,46.000,28.000,0.000,0.000,0.000,74.000000
12031898.000000,4,56.000,17.000,7.000,6.000,0.000,86.000000
12033233.000000,4,0.000,72.000,33.000,0.000,0.000,105.000000
12034592.000000,4,0.000,71.000,26.000,12.000,0.000,109.000000
12035918.000000,4,0.000,72.000,0.000,3.000,0.000,75.000000
12037255.000000,4,0.000,71.000,8.000,0.000,0.000,79.000000
12038594.000000,4,65.000,7.000,9.000,37.000,0.000,118.000000
12039930.000000,4,42.000,30.000,16.000,44.000,6.000,138.000000
12041289.000000,4,72.000,25.000,39.000,47.000,0.000,183.000000
12042664.000000,4,66.000,10.000,38.000,45.000,0.000,159.000000
12044015.000000,4,66.000,0.000,5.000,9.000,0.000,80.000000
12045387.000000,4,67.000,1.000,0.000,24.000,0.000,92.000000
12046751.000000,4,66.000,0.000,0.000,0.000,0.000,66.000000
12048118.000000,4,55.000,17.000,0.000,9.000,0.000,81.000000
12049479.000000,4,66.000,1.000,18.000,7.000,0.000,92.000000
12050843.000000,4,66.000,10.000,29.000,0.000,0.000,105.000000
12052224.000000,4,64.000,7.000,10.000,0.000,0.000,81.000000
12053588.000000,4,66.000,1.000,14.000,0.000,0.000,81.000000
12054944.000000,4,66.000,0.000,0.000,24.000,0.000,90.000000
12056287.000000,4,65.000,0.000,0.000,16.000,0.000,81.000000
12057653.000000,4,67.000,1.000,12.000,0.000,0.000,80.000000
12059015.000000,4,37.000,35.000,0.000,0.000,0.000,72.000000
12060370.000000,4,68.000,19.000,23.000,0.000,0.000,110.000000
12061727.000000,4,68.000,8.000,39.000,0.000,0.000,115.000000
12063052.000000,4,60.000,9.000,36.000,2.000,0.000,107.000000
12064405.000000,4,26.000,43.000,2.000,5.000,0.000,76.000000
12065752.000000,4,67.000,16.000,27.000,0.000,0.000,110.000000
12067132.000000,4,66.000,0.000,24.000,0.000,0.000,90.000000
12068496.000000,4,67.000,1.000,0.000,32.000,0.000,100.000000
12069852.000000,4,65.000,0.000,3.000,44.000,0.000,112.000000
12071207.000000,4,68.000,14.000,28.000,44.000,0.000,154.000000
12072545.000000,4,66.000,13.000,29.000,44.000,0.000,152.000000
12073891.000000,4,67.000,0.000,24.000,44.000,0.000,135.000000
12075261.000000,4,65.000,0.000,39.000,45.000,0.000,149.000000
12076620.000000,4,67.000,0.000,39.000,44.000,0.000,150.000000
12077988.000000,4,69.000,0.000,32.000,43.000,0.000,144.000000
12079341.000000,4,60.000,23.000,10.000,27.000,0.000,120.000000
12080685.000000,4,48.000,23.000,0.000,0.000,0.000,71.000000
12082044.000000,4,67.000,3.000,5.000,3.000,0.000,78.000000
12083404.000000,4,57.000,14.000,0.000,0.000,0.000,71.000000
12084767.000000,4,65.000,0.000,0.000,0.000,0.000,65.000000
12086135.000000,4,65.000,0.000,0.000,0.000,0.000,65.000000
12087492.000000,4,39.000,29.000,8.000,0.000,0.000,76.000000
12088848.000000,4,60.000,6.000,0.000,0.000,0.000,66.000000
12090193.000000,4,55.000,0.000,0.000,0.000,0.000,55.000000
12091538.000000,4,68.000,4.000,0.000,14.000,0.000,86.000000
12092902.000000,4,0.000,23.000,30.000,23.000,0.000,76.000000
12094258.000000,4,65.000,9.000,0.000,0.000,0.000,74.000000
12095603.000000,4,67.000,0.000,0.000,0.000,0.000,67.000000
12096964.000000,4,63.000,4.000,5.000,0.000,0.000,72.000000
12098326.000000,4,36.000,39.000,0.000,0.000,0.000,75.000000
12099698.000000,4,63.000,0.000,0.000,0.000,0.000,63.000000
12101041.000000,4,66.000,0.000,0.000,0.000,0.000,66.000000
12102412.000000,4,66.000,0.000,0.000,0.000,0.000,66.000000
12103775.000000,4,65.000,0.000,0.000,0.000,0.000,65.000000
12105118.000000,4,62.000,0.000,0.000,0.000,0.000,62.000000
12106465.000000,4,67.000,0.000,0.000,0.000,0.000,67.000000
12107807.000000,4,70.000,0.000,0.000,0.000,0.000,70.000000
12109173.000000,4,65.000,0.000,0.000,0.000,0.000,65.000000
12110537.000000,4,61.000,10.000,0.000,0.000,0.000,71.000000
12111892.000000,4,63.000,0.000,0.000,0.000,0.000,63.000000
12113267.000000,4,70.000,0.000,0.000,0.000,0.000,70.000000
12114633.000000,4,73.000,0.000,0.000,0.000,0.000,73.000000
12115997.000000,4,62.000,7.000,3.000,0.000,0.000,72.000000
12117322.000000,4,62.000,0.000,0.000,0.000,0.000,62.000000
12118665.000000,4,70.000,0.000,0.000,0.000,0.000,70.000000
12120018.000000,4,70.000,0.000,0.000,0.000,0.000,70.000000
12121364.000000,4,61.000,0.000,0.000,0.000,0.000,61.000000
12122691.000000,4,67.000,0.000,0.000,0.000,0.000,67.000000
12124024.000000,5,71.000,0.000,0.000,19.000,14.000,104.000000
12125380.000000,5,71.000,0.000,0.000,76.000,58.000,205.000000
12126735.000000,5,72.000,0.000,0.000,77.000,54.000,203.000000
12128088.000000,5,71.000,0.000,0.000,77.000,57.000,205.000000
12129435.000000,5,77.000,7.000,0.000,77.000,57.000,218.000000
12130781.000000,5,69.000,7.000,5.000,73.000,60.000,214.000000
12132143.000000,5,70.000,0.000,0.000,71.000,58.000,199.000000
12133495.000000,5,68.000,0.000,0.000,71.000,62.000,201.000000
12134872.000000,5,72.000,0.000,0.000,72.000,58.000,202.000000
12136234.000000,5,71.000,0.000,0.000,71.000,54.000,196.000000
12137593.000000,5,50.000,21.000,0.000,74.000,60.000,205.000000
12138954.000000,5,67.000,8.000,0.000,77.000,57.000,209.000000
12140327.000000,5,72.000,0.000,0.000,72.000,61.000,205.000000
12141704.000000,5,72.000,0.000,0.000,75.000,59.000,206.000000
12143085.000000,5,70.000,0.000,0.000,77.000,57.000,204.000000
12144417.000000,5,25.000,49.000,0.000,63.000,54.000,191.000000
12145796.000000,5,8.000,66.000,0.000,50.000,55.000,179.000000
12147142.000000,5,71.000,0.000,6.000,75.000,62.000,214.000000
12148509.000000,5,72.000,0.000,26.000,70.000,62.000,230.000000
12149882.000000,5,71.000,0.000,0.000,71.000,60.000,202.000000
12151229.000000,5,70.000,0.000,0.000,72.000,58.000,200.000000
12152570.000000,5,26.000,42.000,0.000,25.000,58.000,151.000000
12153955.000000,5,0.000,71.000,0.000,34.000,60.000,165.000000
12155329.000000,5,0.000,71.000,0.000,73.000,62.000,206.000000
12156672.000000,5,17.000,57.000,0.000,75.000,60.000,209.000000
12158035.000000,5,71.000,0.000,0.000,19.000,54.000,144.000000
12159400.000000,5,73.000,0.000,0.000,63.000,55.000,191.000000
12160768.000000,5,71.000,0.000,5.000,71.000,58.000,205.000000
12162143.000000,5,68.000,0.000,0.000,72.000,55.000,195.000000
12163514.000000,5,66.000,0.000,0.000,71.000,61.000,198.000000
12164885.000000,5,60.000,0.000,37.000,39.000,62.000,198.000000
12166256.000000,5,43.000,25.000,0.000,20.000,67.000,155.000000
12167636.000000,5,66.000,0.000,0.000,55.000,62.000,183.000000
12169029.000000,5,64.000,0.000,0.000,35.000,59.000,158.000000
12170437.000000,5,66.000,0.000,0.000,75.000,60.000,201.000000
12171803.000000,5,62.000,0.000,0.000,28.000,62.000,152.000000
12173169.000000,5,63.000,0.000,0.000,71.000,57.000,191.000000
12174519.000000,5,61.000,1.000,0.000,69.000,59.000,190.000000
12175881.000000,5,62.000,0.000,0.000,14.000,61.000,137.000000
12177213.000000,5,61.000,0.000,0.000,58.000,59.000,178.000000
12178572.000000,5,62.000,0.000,0.000,70.000,57.000,189.000000
12179912.000000,5,65.000,0.000,0.000,72.000,60.000,197.000000
12181279.000000,5,62.000,0.000,0.000,71.000,62.000,195.000000
12182626.000000,5,61.000,0.000,0.000,71.000,56.000,188.000000
12183974.000000,5,61.000,0.000,0.000,72.000,58.000,191.000000
12185315.000000,5,63.000,0.000,0.000,48.000,57.000,168.000000
12186669.000000,5,67.000,0.000,0.000,26.000,58.000,151.000000
12188010.000000,5,50.000,15.000,16.000,40.000,57.000,178.000000
12189360.000000,5,57.000,8.000,0.000,18.000,57.000,140.000000
12190697.000000,5,67.000,0.000,0.000,75.000,58.000,200.000000
12192030.000000,5,63.000,0.000,0.000,71.000,58.000,192.000000
12193368.000000,5,62.000,0.000,0.000,71.000,57.000,190.000000
12194725.000000,5,65.000,0.000,0.000,41.000,57.000,163.000000
12196069.000000,5,67.000,0.000,0.000,58.000,57.000,182.000000
12197391.000000,5,61.000,0.000,0.000,16.000,58.000,135.000000
12198745.000000,5,66.000,0.000,0.000,56.000,58.000,180.000000
12200081.000000,5,64.000,0.000,11.000,70.000,58.000,203.000000
12201420.000000,5,62.000,0.000,0.000,71.000,56.000,189.000000
12202765.000000,5,47.000,21.000,7.000,32.000,56.000,163.000000
12204086.000000,5,61.000,42.000,36.000,20.000,41.000,200.000000
12205442.000000,5,61.000,7.000,20.000,56.000,51.000,195.000000
12206808.000000,5,59.000,33.000,12.000,52.000,44.000,200.000000
12208153.000000,5,61.000,19.000,0.000,69.000,54.000,203.000000
12209511.000000,5,61.000,7.000,0.000,53.000,51.000,172.000000
12210869.000000,5,63.000,0.000,0.000,50.000,50.000,163.000000
12212243.000000,5,63.000,3.000,12.000,65.000,52.000,195.000000
12213611.000000,5,61.000,0.000,26.000,55.000,53.000,195.000000
12214976.000000,5,58.000,0.000,0.000,72.000,55.000,185.000000
12216347.000000,5,56.000,13.000,0.000,17.000,51.000,137.000000
12217702.000000,5,61.000,0.000,0.000,69.000,51.000,181.000000
12219044.000000,5,61.000,0.000,0.000,72.000,51.000,184.000000
12220389.000000,5,62.000,8.000,3.000,71.000,52.000,196.000000
12221737.000000,5,62.000,34.000,24.000,56.000,29.000,205.000000
12223066.000000,5,57.000,20.000,25.000,50.000,43.000,195.000000
12224414.000000,5,60.000,0.000,0.000,68.000,53.000,181.000000
12225770.000000,5,62.000,12.000,60.000,29.000,32.000,195.000000
12227108.000000,5,57.000,0.000,4.000,45.000,51.000,157.000000
12228420.000000,5,58.000,0.000,0.000,37.000,53.000,148.000000
12229769.000000,5,60.000,0.000,0.000,68.000,54.000,182.000000
12231139.000000,5,61.000,0.000,11.000,62.000,57.000,191.000000
12232438.000000,5,60.000,0.000,33.000,36.000,54.000,183.000000
12233771.000000,5,59.000,0.000,0.000,66.000,53.000,178.000000
12235103.000000,5,66.000,0.000,0.000,70.000,54.000,190.000000
12236460.000000,5,67.000,0.000,0.000,71.000,59.000,197.000000
12237802.000000,5,63.000,9.000,40.000,27.000,57.000,196.000000
12239120.000000,6,67.000,15.000,14.000,7.000,61.000,164.000000
12240467.000000,6,73.000,0.000,0.000,0.000,59.000,132.000000
12241810.000000,6,72.000,0.000,0.000,0.000,60.000,132.000000
12243174.000000,6,68.000,0.000,0.000,0.000,64.000,132.000000
12244527.000000,6,70.000,0.000,0.000,0.000,63.000,133.000000
12245871.000000,6,76.000,0.000,0.000,0.000,58.000,134.000000
12247226.000000,6,77.000,0.000,0.000,15.000,46.000,138.000000
12248568.000000,6,69.000,0.000,0.000,3.000,60.000,132.000000
12249933.000000,6,74.000,0.000,4.000,0.000,59.000,137.000000
12251310.000000,6,69.000,8.000,2.000,1.000,66.000,146.000000
12252686.000000,6,68.000,38.000,0.000,0.000,65.000,171.000000
12254024.000000,6,72.000,32.000,0.000,0.000,62.000,166.000000
12255357.000000,6,76.000,0.000,0.000,0.000,62.000,138.000000
12256703.000000,6,76.000,7.000,0.000,0.000,60.000,143.000000
12258064.000000,6,73.000,22.000,3.000,1.000,62.000,161.000000
12259415.000000,6,71.000,3.000,0.000,0.000,65.000,139.000000
12260770.000000,6,71.000,0.000,0.000,0.000,58.000,129.000000
12262137.000000,6,71.000,0.000,0.000,0.000,57.000,128.000000
12263483.000000,6,71.000,0.000,0.000,0.000,61.000,132.000000
12264802.000000,6,67.000,0.000,0.000,0.000,66.000,133.000000
12266158.000000,6,73.000,0.000,0.000,0.000,63.000,136.000000
12267492.000000,6,72.000,0.000,0.000,0.000,56.000,128.000000
12268853.000000,6,70.000,0.000,0.000,0.000,58.000,128.000000
12270169.000000,6,70.000,0.000,0.000,0.000,58.000,128.000000
12271503.000000,6,72.000,0.000,0.000,0.000,58.000,130.000000
12272881.000000,6,72.000,0.000,0.000,0.000,63.000,135.000000
12274275.000000,6,70.000,5.000,0.000,0.000,62.000,137.000000
12275752.000000,6,71.000,0.000,0.000,0.000,40.000,111.000000
12277170.000000,6,72.000,0.000,0.000,0.000,63.000,135.000000
12278556.000000,6,71.000,0.000,29.000,0.000,70.000,170.000000
12279954.000000,6,75.000,28.000,17.000,0.000,73.000,193.000000
12281338.000000,6,76.000,9.000,0.000,1.000,77.000,163.000000
12282718.000000,6,73.000,0.000,0.000,0.000,77.000,150.000000
12284096.000000,6,67.000,0.000,1.000,1.000,75.000,144.000000
12285467.000000,6,69.000,0.000,0.000,0.000,71.000,140.000000
12286818.000000,6,72.000,0.000,0.000,0.000,71.000,143.000000
12288236.000000,6,69.000,0.000,0.000,0.000,73.000,142.000000
12289794.000000,6,71.000,0.000,0.000,0.000,69.000,140.000000
12291230.000000,6,71.000,0.000,0.000,0.000,75.000,146.000000
12292808.000000,6,67.000,0.000,0.000,0.000,73.000,140.000000
12294310.000000,6,69.000,23.000,0.000,0.000,71.000,163.000000
12295807.000000,6,71.000,5.000,0.000,0.000,71.000,147.000000
12297295.000000,6,71.000,0.000,0.000,0.000,72.000,143.000000
12298733.000000,6,70.000,0.000,0.000,0.000,71.000,141.000000
12300274.000000,6,69.000,0.000,0.000,0.000,71.000,140.000000
12301710.000000,6,68.000,0.000,0.000,0.000,72.000,140.000000
12303268.000000,6,72.000,4.000,0.000,0.000,71.000,147.000000
12304825.000000,6,71.000,0.000,0.000,0.000,72.000,143.000000
12306260.000000,6,72.000,2.000,0.000,0.000,71.000,145.000000
12307865.000000,6,71.000,0.000,0.000,0.000,71.000,142.000000
12309393.000000,6,71.000,0.000,0.000,0.000,72.000,143.000000
12310955.000000,6,67.000,0.000,0.000,0.000,71.000,138.000000
12312443.000000,6,72.000,0.000,0.000,0.000,70.000,142.000000
12313878.000000,6,70.000,0.000,0.000,0.000,72.000,142.000000
12315428.000000,6,71.000,0.000,0.000,0.000,70.000,141.000000
12316892.000000,6,68.000,0.000,0.000,0.000,70.000,138.000000
12318510.000000,6,69.000,0.000,0.000,0.000,72.000,141.000000
12319997.000000,6,68.000,0.000,0.000,0.000,71.000,139.000000
12321466.000000,6,71.000,0.000,0.000,0.000,70.000,141.000000
12322968.000000,6,71.000,0.000,0.000,0.000,62.000,133.000000
12324425.000000,6,72.000,0.000,0.000,0.000,67.000,139.000000
12325923.000000,6,74.000,0.000,0.000,0.000,70.000,144.000000
12327348.000000,6,72.000,0.000,0.000,0.000,64.000,136.000000
12328864.000000,6,66.000,1.000,1.000,0.000,69.000,137.000000
12330444.000000,6,67.000,0.000,0.000,0.000,69.000,136.000000
12331834.000000,6,67.000,0.000,0.000,29.000,41.000,137.000000
12333302.000000,6,69.000,0.000,0.000,0.000,68.000,137.000000
12334623.000000,6,71.000,0.000,0.000,0.000,61.000,132.000000
12335963.000000,6,72.000,0.000,0.000,0.000,67.000,139.000000
12337330.000000,6,69.000,0.000,0.000,0.000,62.000,131.000000
12338670.000000,6,63.000,10.000,0.000,0.000,60.000,133.000000
12339992.000000,6,69.000,4.000,1.000,0.000,68.000,142.000000
12341330.000000,6,63.000,0.000,0.000,27.000,43.000,133.000000
12342693.000000,6,73.000,0.000,0.000,0.000,61.000,134.000000
12344052.000000,6,70.000,0.000,0.000,0.000,65.000,135.000000
12345411.000000,6,67.000,0.000,0.000,0.000,66.000,133.000000
12346750.000000,6,70.000,0.000,0.000,0.000,66.000,136.000000
12348092.000000,6,71.000,0.000,0.000,0.000,65.000,136.000000
12349468.000000,6,69.000,0.000,0.000,0.000,69.000,138.000000
12350809.000000,6,68.000,0.000,0.000,0.000,67.000,135.000000
12352184.000000,6,70.000,0.000,0.000,0.000,64.000,134.000000
12353560.000000,6,71.000,0.000,0.000,0.000,66.000,137.000000
12354873.000000,6,71.000,0.000,0.000,0.000,67.000,138.000000
12356214.000000,6,71.000,0.000,0.000,0.000,63.000,134.000000
12357537.000000,6,69.000,0.000,0.000,0.000,60.000,129.000000
12358900.000000,6,72.000,0.000,0.000,0.000,60.000,132.000000
12360241.000000,6,69.000,0.000,0.000,0.000,67.000,136.000000
