10913870.000000,1,0.000,0.000,0.000,0.000,0.000,0.000000
10915324.000000,1,119.000,50.000,93.000,143.000,113.000,518.000000
10916775.000000,1,118.000,133.000,9.000,143.000,107.000,510.000000
10918210.000000,1,138.000,0.000,143.000,143.000,121.000,545.000000
10919670.000000,1,143.000,0.000,72.000,142.000,133.000,490.000000
10921130.000000,1,107.000,25.000,0.000,143.000,143.000,418.000000
10922584.000000,1,120.000,0.000,0.000,143.000,143.000,406.000000
10924026.000000,1,133.000,0.000,0.000,143.000,143.000,419.000000
10925476.000000,1,143.000,0.000,56.000,142.000,130.000,471.000000
10926929.000000,1,102.000,41.000,143.000,165.000,105.000,556.000000
10928396.000000,1,129.000,14.000,143.000,166.000,144.000,596.000000
10929845.000000,1,143.000,46.000,97.000,167.000,110.000,563.000000
10931288.000000,1,143.000,51.000,94.000,167.000,102.000,557.000000
10932733.000000,1,143.000,137.000,58.000,146.000,120.000,604.000000
10934175.000000,1,143.000,0.000,143.000,145.000,116.000,547.000000
10935614.000000,1,142.000,0.000,143.000,167.000,142.000,594.000000
10937066.000000,1,143.000,0.000,133.000,165.000,140.000,581.000000
10938506.000000,1,138.000,0.000,69.000,142.000,143.000,492.000000
10939938.000000,1,129.000,0.000,143.000,143.000,127.000,542.000000
10941367.000000,1,143.000,0.000,142.000,145.000,121.000,551.000000
10942806.000000,1,142.000,77.000,67.000,167.000,121.000,574.000000
10944216.000000,1,133.000,12.000,133.000,154.000,125.000,557.000000
10945676.000000,1,120.000,0.000,142.000,143.000,117.000,522.000000
10947101.000000,1,106.000,38.000,143.000,143.000,134.000,564.000000
10948520.000000,1,143.000,0.000,143.000,143.000,133.000,562.000000
10949959.000000,1,126.000,0.000,143.000,143.000,143.000,555.000000
10951394.000000,1,131.000,0.000,100.000,153.000,143.000,527.000000
10952826.000000,1,143.000,0.000,67.000,151.000,143.000,504.000000
10954223.000000,1,143.000,0.000,143.000,143.000,139.000,568.000000
10955651.000000,1,140.000,57.000,105.000,142.000,117.000,561.000000
10957075.000000,1,119.000,143.000,142.000,143.000,105.000,652.000000
10958523.000000,1,126.000,143.000,122.000,143.000,105.000,639.000000
10959970.000000,1,120.000,22.000,118.000,143.000,100.000,503.000000
10961379.000000,1,120.000,136.000,128.000,143.000,119.000,646.000000
10962741.000000,1,121.000,130.000,143.000,143.000,104.000,641.000000
10964096.000000,1,121.000,137.000,143.000,142.000,103.000,646.000000
10965489.000000,1,123.000,142.000,143.000,143.000,101.000,652.000000
10966856.000000,1,123.000,143.000,118.000,143.000,106.000,633.000000
10968230.000000,1,112.000,122.000,143.000,129.000,103.000,609.000000
10969608.000000,1,118.000,143.000,143.000,143.000,103.000,650.000000
10970989.000000,1,125.000,130.000,143.000,143.000,102.000,643.000000
10972363.000000,1,115.000,135.000,43.000,143.000,97.000,533.000000
10973761.000000,1,120.000,143.000,118.000,143.000,101.000,625.000000
10975131.000000,1,117.000,135.000,143.000,143.000,101.000,639.000000
10976507.000000,1,115.000,143.000,58.000,142.000,102.000,560.000000
10977886.000000,1,120.000,143.000,83.000,143.000,100.000,589.000000
10979255.000000,1,119.000,132.000,143.000,143.000,97.000,634.000000
10980624.000000,1,119.000,143.000,122.000,143.000,98.000,625.000000
10981983.000000,1,119.000,59.000,103.000,142.000,93.000,516.000000
10983340.000000,1,118.000,129.000,102.000,143.000,105.000,597.000000
10984697.000000,1,121.000,143.000,142.000,143.000,105.000,654.000000
10986083.000000,1,120.000,143.000,143.000,143.000,103.000,652.000000
10987432.000000,1,120.000,143.000,143.000,143.000,99.000,648.000000
10988795.000000,1,120.000,143.000,143.000,143.000,99.000,648.000000
10990148.000000,1,118.000,143.000,143.000,142.000,103.000,649.000000
10991520.000000,1,121.000,97.000,114.000,143.000,104.000,579.000000
10992877.000000,1,118.000,141.000,124.000,142.000,100.000,625.000000
10994260.000000,1,117.000,143.000,99.000,143.000,97.000,599.000000
10995629.000000,1,109.000,143.000,121.000,142.000,94.000,609.000000
10996982.000000,1,104.000,143.000,143.000,143.000,94.000,627.000000
10998337.000000,1,115.000,143.000,143.000,143.000,93.000,637.000000
10999701.000000,1,117.000,143.000,143.000,143.000,98.000,644.000000
11001061.000000,1,113.000,143.000,142.000,143.000,103.000,644.000000
11002405.000000,1,125.000,142.000,143.000,142.000,101.000,653.000000
11003771.000000,1,119.000,143.000,143.000,143.000,98.000,646.000000
11005110.000000,1,104.000,122.000,143.000,143.000,97.000,609.000000
11006478.000000,1,104.000,121.000,143.000,143.000,94.000,605.000000
11007832.000000,1,112.000,125.000,105.000,143.000,97.000,582.000000
11009190.000000,1,112.000,118.000,124.000,142.000,100.000,596.000000
11010546.000000,1,104.000,126.000,143.000,143.000,98.000,614.000000
11011912.000000,1,116.000,140.000,143.000,143.000,99.000,641.000000
11013295.000000,1,117.000,143.000,142.000,143.000,95.000,640.000000
11014683.000000,1,115.000,143.000,143.000,143.000,98.000,642.000000
11016072.000000,1,120.000,143.000,143.000,143.000,95.000,644.000000
11017464.000000,1,123.000,142.000,143.000,143.000,97.000,648.000000
11018844.000000,1,110.000,143.000,135.000,142.000,95.000,625.000000
11020239.000000,1,115.000,143.000,95.000,143.000,106.000,602.000000
11021637.000000,1,120.000,143.000,143.000,143.000,102.000,651.000000
11023036.000000,1,115.000,91.000,104.000,143.000,104.000,557.000000
11024420.000000,1,107.000,141.000,94.000,143.000,103.000,588.000000
11025802.000000,1,117.000,143.000,143.000,143.000,104.000,650.000000
11027194.000000,1,125.000,143.000,143.000,143.000,103.000,657.000000
11028564.000000,1,125.000,143.000,143.000,142.000,103.000,656.000000
11029964.000000,1,125.000,143.000,116.000,148.000,104.000,636.000000
11031351.000000,1,117.000,143.000,143.000,143.000,102.000,648.000000
11032728.000000,1,123.000,143.000,143.000,143.000,103.000,655.000000
11034147.000000,1,111.000,128.000,114.000,142.000,101.000,596.000000
11035544.000000,2,27.000,31.000,2.000,35.000,25.000,120.000000
11036948.000000,2,0.000,0.000,0.000,0.000,0.000,0.000000
11038318.000000,2,1.000,0.000,39.000,21.000,0.000,61.000000
11039691.000000,2,0.000,0.000,54.000,24.000,0.000,78.000000
11041104.000000,2,0.000,0.000,0.000,40.000,0.000,40.000000
11042477.000000,2,2.000,0.000,6.000,86.000,0.000,94.000000
11043854.000000,2,0.000,0.000,0.000,0.000,0.000,0.000000
11045257.000000,2,0.000,0.000,0.000,0.000,0.000,0.000000
11046643.000000,2,1.000,0.000,28.000,0.000,0.000,29.000000
11048017.000000,2,1.000,2.000,93.000,45.000,0.000,141.000000
11049406.000000,2,0.000,3.000,7.000,101.000,3.000,114.000000
11050816.000000,2,1.000,0.000,0.000,42.000,0.000,43.000000
11052210.000000,2,0.000,0.000,0.000,0.000,0.000,0.000000
11053591.000000,2,1.000,0.000,0.000,3.000,0.000,4.000000
11054945.000000,2,0.000,0.000,0.000,0.000,0.000,0.000000
11056331.000000,2,2.000,47.000,0.000,4.000,0.000,53.000000
11057707.000000,2,0.000,0.000,0.000,0.000,0.000,0.000000
11059067.000000,2,0.000,0.000,0.000,0.000,0.000,0.000000
11060441.000000,2,0.000,0.000,0.000,0.000,0.000,0.000000
11061793.000000,2,0.000,0.000,0.000,0.000,0.000,0.000000
11063170.000000,2,1.000,0.000,0.000,7.000,0.000,8.000000
11064541.000000,2,0.000,12.000,0.000,39.000,0.000,51.000000
11065926.000000,2,1.000,3.000,0.000,45.000,0.000,49.000000
11067286.000000,2,0.000,0.000,0.000,0.000,0.000,0.000000
11068657.000000,2,2.000,0.000,0.000,5.000,0.000,7.000000
11070052.000000,2,0.000,0.000,0.000,0.000,0.000,0.000000
11071413.000000,2,0.000,0.000,0.000,0.000,0.000,0.000000
11072801.000000,2,1.000,0.000,0.000,15.000,0.000,16.000000
11074147.000000,2,0.000,0.000,0.000,0.000,0.000,0.000000
11075512.000000,2,0.000,0.000,0.000,0.000,0.000,0.000000
11076865.000000,2,0.000,0.000,0.000,49.000,0.000,49.000000
11078220.000000,2,3.000,0.000,2.000,65.000,0.000,70.000000
11079589.000000,2,2.000,0.000,0.000,33.000,0.000,35.000000
11080949.000000,2,0.000,0.000,0.000,76.000,0.000,76.000000
11082301.000000,2,1.000,0.000,3.000,67.000,0.000,71.000000
11083673.000000,2,0.000,0.000,0.000,66.000,0.000,66.000000
11085023.000000,2,1.000,0.000,0.000,30.000,0.000,31.000000
11086364.000000,2,2.000,0.000,0.000,114.000,7.000,123.000000
11087663.000000,2,0.000,0.000,0.000,2.000,0.000,2.000000
11089020.000000,2,2.000,0.000,0.000,52.000,0.000,54.000000
11090399.000000,2,1.000,0.000,0.000,91.000,0.000,92.000000
11091758.000000,2,0.000,0.000,0.000,101.000,0.000,101.000000
11093122.000000,2,0.000,0.000,0.000,102.000,0.000,102.000000
11094455.000000,2,0.000,0.000,10.000,99.000,5.000,114.000000
11095839.000000,2,0.000,0.000,0.000,21.000,0.000,21.000000
11097202.000000,2,2.000,0.000,10.000,0.000,0.000,12.000000
11098560.000000,2,2.000,0.000,0.000,29.000,0.000,31.000000
11099927.000000,2,1.000,0.000,0.000,58.000,0.000,59.000000
11101304.000000,2,1.000,0.000,0.000,28.000,0.000,29.000000
11102679.000000,2,2.000,0.000,34.000,52.000,0.000,88.000000
11104025.000000,2,1.000,0.000,17.000,34.000,0.000,52.000000
11105387.000000,2,1.000,0.000,0.000,91.000,0.000,92.000000
11106732.000000,2,1.000,0.000,0.000,63.000,0.000,64.000000
11108106.000000,2,0.000,0.000,0.000,0.000,0.000,0.000000
11109486.000000,2,1.000,0.000,0.000,3.000,0.000,4.000000
11110846.000000,2,1.000,0.000,0.000,76.000,0.000,77.000000
11112204.000000,2,0.000,0.000,0.000,4.000,0.000,4.000000
11113575.000000,2,2.000,0.000,0.000,81.000,18.000,101.000000
11114950.000000,2,0.000,0.000,0.000,102.000,0.000,102.000000
11116309.000000,2,0.000,0.000,0.000,102.000,0.000,102.000000
11117659.000000,2,0.000,0.000,0.000,76.000,0.000,76.000000
11119015.000000,2,2.000,0.000,8.000,15.000,0.000,25.000000
11120372.000000,2,1.000,0.000,37.000,0.000,0.000,38.000000
11121727.000000,2,68.000,25.000,6.000,0.000,0.000,99.000000
11123085.000000,2,71.000,0.000,0.000,11.000,0.000,82.000000
11124429.000000,2,69.000,0.000,12.000,0.000,0.000,81.000000
11125788.000000,2,68.000,33.000,13.000,0.000,0.000,114.000000
11127159.000000,2,50.000,0.000,0.000,0.000,0.000,50.000000
11128518.000000,2,0.000,0.000,0.000,0.000,0.000,0.000000
11129893.000000,2,0.000,0.000,0.000,0.000,0.000,0.000000
11131260.000000,2,3.000,0.000,12.000,0.000,0.000,15.000000
11132636.000000,2,1.000,0.000,7.000,0.000,0.000,8.000000
11133986.000000,2,23.000,9.000,0.000,0.000,0.000,32.000000
11135305.000000,2,72.000,0.000,0.000,0.000,0.000,72.000000
11136675.000000,2,66.000,0.000,0.000,7.000,0.000,73.000000
11138012.000000,2,73.000,0.000,0.000,0.000,0.000,73.000000
11139391.000000,2,65.000,36.000,18.000,0.000,0.000,119.000000
11140740.000000,2,70.000,0.000,0.000,43.000,0.000,113.000000
11142018.000000,2,73.000,3.000,16.000,19.000,0.000,111.000000
11143225.000000,2,76.000,0.000,6.000,9.000,0.000,91.000000
11144558.000000,2,42.000,0.000,0.000,34.000,0.000,76.000000
11145941.000000,2,6.000,4.000,28.000,14.000,0.000,52.000000
11147336.000000,2,1.000,0.000,0.000,18.000,0.000,19.000000
11148698.000000,2,0.000,0.000,0.000,0.000,0.000,0.000000
11150078.000000,2,1.000,0.000,0.000,12.000,0.000,13.000000
11151470.000000,2,0.000,0.000,6.000,0.000,0.000,6.000000
11152839.000000,3,0.000,0.000,0.000,9.000,99.000,108.000000
11154210.000000,3,1.000,0.000,0.000,89.000,142.000,232.000000
11155598.000000,3,0.000,0.000,0.000,68.000,142.000,210.000000
11156992.000000,3,0.000,0.000,0.000,0.000,143.000,143.000000
11158352.000000,3,0.000,0.000,0.000,0.000,143.000,143.000000
11159725.000000,3,0.000,0.000,0.000,0.000,134.000,134.000000
11161086.000000,3,1.000,0.000,0.000,56.000,54.000,111.000000
11162460.000000,3,0.000,0.000,0.000,86.000,121.000,207.000000
11163857.000000,3,0.000,0.000,0.000,0.000,116.000,116.000000
11165222.000000,3,0.000,0.000,0.000,0.000,139.000,139.000000
11166584.000000,3,0.000,0.000,0.000,0.000,143.000,143.000000
11167983.000000,3,0.000,0.000,7.000,6.000,143.000,156.000000
11169363.000000,3,0.000,15.000,0.000,0.000,143.000,158.000000
11170767.000000,3,1.000,9.000,0.000,32.000,142.000,184.000000
11172138.000000,3,0.000,0.000,10.000,87.000,139.000,236.000000
11173533.000000,3,0.000,0.000,0.000,0.000,131.000,131.000000
11174907.000000,3,1.000,0.000,0.000,0.000,106.000,107.000000
11176275.000000,3,0.000,0.000,0.000,11.000,18.000,29.000000
11177655.000000,3,1.000,3.000,0.000,37.000,141.000,182.000000
11179020.000000,3,1.000,11.000,0.000,1.000,120.000,133.000000
11180371.000000,3,0.000,0.000,0.000,0.000,139.000,139.000000
11181725.000000,3,0.000,0.000,0.000,0.000,143.000,143.000000
11183063.000000,3,0.000,0.000,0.000,0.000,143.000,143.000000
11184426.000000,3,0.000,0.000,0.000,17.000,121.000,138.000000
11185800.000000,3,0.000,0.000,0.000,21.000,141.000,162.000000
11187158.000000,3,0.000,0.000,0.000,0.000,142.000,142.000000
11188557.000000,3,0.000,0.000,0.000,0.000,143.000,143.000000
11189930.000000,3,0.000,0.000,0.000,0.000,135.000,135.000000
11191315.000000,3,0.000,0.000,0.000,0.000,122.000,122.000000
11192688.000000,3,0.000,0.000,0.000,0.000,125.000,125.000000
11194058.000000,3,0.000,0.000,0.000,0.000,142.000,142.000000
11195436.000000,3,0.000,0.000,0.000,0.000,143.000,143.000000
11196818.000000,3,0.000,0.000,0.000,0.000,143.000,143.000000
11198199.000000,3,0.000,0.000,0.000,0.000,143.000,143.000000
11199581.000000,3,0.000,0.000,0.000,0.000,143.000,143.000000
11200955.000000,3,1.000,0.000,0.000,24.000,88.000,113.000000
11202329.000000,3,2.000,0.000,0.000,11.000,88.000,101.000000
11203717.000000,3,0.000,0.000,0.000,0.000,143.000,143.000000
11205078.000000,3,0.000,0.000,0.000,0.000,143.000,143.000000
11206464.000000,3,1.000,0.000,0.000,8.000,143.000,152.000000
11207839.000000,3,0.000,0.000,0.000,0.000,143.000,143.000000
11209229.000000,3,0.000,0.000,3.000,51.000,143.000,197.000000
11210608.000000,3,0.000,0.000,35.000,0.000,142.000,177.000000
11211987.000000,3,0.000,0.000,0.000,0.000,143.000,143.000000
11213358.000000,3,0.000,0.000,0.000,0.000,143.000,143.000000
11214730.000000,3,0.000,0.000,0.000,0.000,37.000,37.000000
11216098.000000,3,0.000,0.000,0.000,33.000,127.000,160.000000
11217487.000000,3,0.000,0.000,0.000,0.000,143.000,143.000000
11218832.000000,3,0.000,0.000,0.000,0.000,143.000,143.000000
11220241.000000,3,0.000,0.000,0.000,0.000,142.000,142.000000
11221610.000000,3,0.000,0.000,0.000,0.000,143.000,143.000000
11222976.000000,3,0.000,0.000,0.000,0.000,143.000,143.000000
11224358.000000,3,1.000,0.000,0.000,7.000,143.000,151.000000
11225726.000000,3,0.000,0.000,0.000,0.000,143.000,143.000000
11227084.000000,3,0.000,0.000,0.000,0.000,143.000,143.000000
11228446.000000,3,0.000,0.000,0.000,0.000,142.000,142.000000
11229835.000000,3,0.000,0.000,0.000,0.000,143.000,143.000000
11231208.000000,3,0.000,0.000,0.000,0.000,143.000,143.000000
11232607.000000,3,0.000,0.000,0.000,0.000,143.000,143.000000
11233984.000000,3,0.000,0.000,0.000,2.000,143.000,145.000000
11235368.000000,3,0.000,0.000,0.000,0.000,143.000,143.000000
11236730.000000,3,40.000,0.000,0.000,0.000,143.000,183.000000
11238129.000000,3,36.000,0.000,0.000,0.000,142.000,178.000000
11239524.000000,3,0.000,0.000,4.000,0.000,143.000,147.000000
11240906.000000,3,0.000,0.000,0.000,0.000,143.000,143.000000
11242270.000000,3,0.000,0.000,0.000,0.000,140.000,140.000000
11243654.000000,3,0.000,0.000,19.000,0.000,128.000,147.000000
11245028.000000,3,0.000,0.000,0.000,0.000,143.000,143.000000
11246420.000000,3,0.000,0.000,0.000,0.000,143.000,143.000000
11247818.000000,3,0.000,0.000,0.000,0.000,143.000,143.000000
11249217.000000,3,0.000,0.000,0.000,0.000,143.000,143.000000
11250599.000000,3,4.000,0.000,0.000,0.000,142.000,146.000000
11251995.000000,3,91.000,0.000,0.000,0.000,143.000,234.000000
11253359.000000,3,94.000,0.000,0.000,0.000,143.000,237.000000
11254720.000000,3,92.000,0.000,0.000,0.000,143.000,235.000000
11256106.000000,3,91.000,0.000,0.000,0.000,143.000,234.000000
11257504.000000,3,90.000,0.000,0.000,0.000,123.000,213.000000
11258868.000000,3,93.000,0.000,0.000,0.000,143.000,236.000000
11260242.000000,3,38.000,0.000,0.000,0.000,143.000,181.000000
11261606.000000,3,0.000,0.000,0.000,0.000,143.000,143.000000
11262987.000000,3,0.000,0.000,0.000,0.000,135.000,135.000000
11264358.000000,3,0.000,0.000,0.000,0.000,143.000,143.000000
11265739.000000,3,0.000,0.000,0.000,0.000,142.000,142.000000
11267100.000000,3,0.000,0.000,0.000,0.000,143.000,143.000000
11268482.000000,3,0.000,0.000,0.000,0.000,143.000,143.000000
11269841.000000,3,0.000,0.000,0.000,0.000,143.000,143.000000
11271207.000000,3,0.000,0.000,0.000,0.000,143.000,143.000000
11272585.000000,3,0.000,0.000,0.000,0.000,143.000,143.000000
11273990.000000,3,0.000,0.000,0.000,0.000,143.000,143.000000
11275384.000000,3,0.000,0.000,0.000,0.000,142.000,142.000000
11276764.000000,4,0.000,30.000,18.000,0.000,114.000,162.000000
11278135.000000,4,0.000,143.000,84.000,0.000,0.000,227.000000
11279508.000000,4,0.000,78.000,110.000,17.000,0.000,205.000000
11280894.000000,4,0.000,52.000,64.000,28.000,0.000,144.000000
11282276.000000,4,0.000,0.000,24.000,120.000,0.000,144.000000
11283679.000000,4,69.000,57.000,68.000,0.000,0.000,194.000000
11285037.000000,4,143.000,87.000,0.000,0.000,0.000,230.000000
11286385.000000,4,75.000,99.000,0.000,0.000,0.000,174.000000
11287772.000000,4,0.000,143.000,0.000,0.000,0.000,143.000000
11289141.000000,4,0.000,142.000,0.000,0.000,0.000,142.000000
11290500.000000,4,37.000,89.000,19.000,9.000,0.000,154.000000
11291852.000000,4,110.000,81.000,74.000,46.000,0.000,311.000000
11293219.000000,4,1.000,16.000,128.000,51.000,0.000,196.000000
11294559.000000,4,0.000,132.000,86.000,7.000,0.000,225.000000
11295912.000000,4,0.000,113.000,27.000,5.000,0.000,145.000000
11297246.000000,4,0.000,0.000,0.000,143.000,0.000,143.000000
11298605.000000,4,0.000,62.000,38.000,44.000,0.000,144.000000
11299965.000000,4,114.000,50.000,47.000,0.000,0.000,211.000000
11301336.000000,4,127.000,35.000,19.000,20.000,0.000,201.000000
11302702.000000,4,0.000,55.000,55.000,67.000,0.000,177.000000
11304065.000000,4,0.000,0.000,0.000,143.000,0.000,143.000000
11305461.000000,4,80.000,37.000,32.000,37.000,0.000,186.000000
11306841.000000,4,143.000,63.000,52.000,50.000,0.000,308.000000
11308232.000000,4,143.000,22.000,23.000,0.000,0.000,188.000000
11309598.000000,4,92.000,52.000,0.000,0.000,0.000,144.000000
11311011.000000,4,117.000,29.000,8.000,6.000,0.000,160.000000
11312394.000000,4,0.000,143.000,70.000,0.000,0.000,213.000000
11313775.000000,4,0.000,142.000,51.000,22.000,0.000,215.000000
11315151.000000,4,0.000,143.000,0.000,7.000,0.000,150.000000
11316533.000000,4,0.000,143.000,14.000,0.000,0.000,157.000000
11317927.000000,4,130.000,13.000,18.000,71.000,0.000,232.000000
11319321.000000,4,84.000,58.000,29.000,88.000,9.000,268.000000
11320673.000000,4,143.000,44.000,74.000,96.000,0.000,357.000000
11322054.000000,4,143.000,18.000,75.000,84.000,0.000,320.000000
11323460.000000,4,135.000,0.000,10.000,19.000,0.000,164.000000
11324829.000000,4,142.000,1.000,0.000,41.000,0.000,184.000000
11326225.000000,4,143.000,0.000,0.000,0.000,0.000,143.000000
11327611.000000,4,112.000,31.000,0.000,16.000,0.000,159.000000
11329008.000000,4,143.000,1.000,36.000,14.000,0.000,194.000000
11330386.000000,4,143.000,17.000,54.000,0.000,0.000,214.000000
11331779.000000,4,132.000,10.000,21.000,0.000,0.000,163.000000
11333176.000000,4,142.000,1.000,25.000,0.000,0.000,168.000000
11334541.000000,4,143.000,0.000,0.000,45.000,0.000,188.000000
11335925.000000,4,143.000,0.000,0.000,32.000,0.000,175.000000
11337299.000000,4,143.000,1.000,20.000,0.000,0.000,164.000000
11338703.000000,4,73.000,69.000,0.000,0.000,0.000,142.000000
11340090.000000,4,143.000,37.000,42.000,0.000,0.000,222.000000
11341465.000000,4,143.000,10.000,74.000,0.000,0.000,227.000000
11342841.000000,4,128.000,14.000,73.000,2.000,0.000,217.000000
11344207.000000,4,51.000,92.000,2.000,6.000,0.000,151.000000
11345588.000000,4,143.000,29.000,49.000,0.000,0.000,221.000000
11346964.000000,4,143.000,0.000,45.000,0.000,0.000,188.000000
11348345.000000,4,138.000,1.000,0.000,61.000,0.000,200.000000
11349743.000000,4,143.000,0.000,3.000,89.000,0.000,235.000000
11351140.000000,4,143.000,25.000,59.000,88.000,0.000,315.000000
11352505.000000,4,142.000,27.000,56.000,91.000,0.000,316.000000
11353895.000000,4,143.000,0.000,47.000,91.000,0.000,281.000000
11355277.000000,4,143.000,0.000,78.000,90.000,0.000,311.000000
11356655.000000,4,143.000,0.000,80.000,92.000,0.000,315.000000
11358044.000000,4,143.000,0.000,64.000,91.000,0.000,298.000000
11359407.000000,4,129.000,42.000,17.000,55.000,0.000,243.000000
11360758.000000,4,98.000,45.000,0.000,0.000,0.000,143.000000
11362122.000000,4,143.000,4.000,7.000,2.000,0.000,156.000000
11363512.000000,4,117.000,25.000,0.000,0.000,0.000,142.000000
11364881.000000,4,143.000,0.000,0.000,0.000,0.000,143.000000
11366253.000000,4,143.000,0.000,0.000,0.000,0.000,143.000000
11367634.000000,4,81.000,51.000,10.000,0.000,0.000,142.000000
11368993.000000,4,123.000,12.000,0.000,0.000,0.000,135.000000
11370374.000000,4,111.000,0.000,0.000,0.000,0.000,111.000000
11371748.000000,4,139.000,5.000,0.000,24.000,0.000,168.000000
11373123.000000,4,0.000,43.000,51.000,45.000,0.000,139.000000
11374481.000000,4,126.000,17.000,0.000,0.000,0.000,143.000000
11375838.000000,4,139.000,0.000,0.000,0.000,0.000,139.000000
11377196.000000,4,124.000,6.000,7.000,0.000,0.000,137.000000
11378558.000000,4,69.000,76.000,0.000,0.000,0.000,145.000000
11379933.000000,4,130.000,0.000,0.000,0.000,0.000,130.000000
11381305.000000,4,143.000,0.000,0.000,0.000,0.000,143.000000
11382674.000000,4,142.000,0.000,0.000,0.000,0.000,142.000000
11384053.000000,4,143.000,0.000,0.000,0.000,0.000,143.000000
11385418.000000,4,143.000,0.000,0.000,0.000,0.000,143.000000
11386813.000000,4,143.000,0.000,0.000,0.000,0.000,143.000000
11388174.000000,4,143.000,0.000,0.000,0.000,0.000,143.000000
11389536.000000,4,143.000,0.000,0.000,0.000,0.000,143.000000
11390912.000000,4,129.000,18.000,0.000,0.000,0.000,147.000000
11392299.000000,4,143.000,0.000,0.000,0.000,0.000,143.000000
11393686.000000,4,143.000,0.000,0.000,0.000,0.000,143.000000
11395041.000000,4,143.000,0.000,0.000,0.000,0.000,143.000000
11396409.000000,4,127.000,11.000,4.000,0.000,0.000,142.000000
11397772.000000,4,119.000,0.000,0.000,0.000,0.000,119.000000
11399134.000000,4,139.000,0.000,0.000,0.000,0.000,139.000000
11400516.000000,4,142.000,0.000,0.000,0.000,0.000,142.000000
11401914.000000,4,143.000,0.000,0.000,0.000,0.000,143.000000
11403281.000000,4,143.000,0.000,0.000,0.000,0.000,143.000000
11404661.000000,5,143.000,0.000,0.000,30.000,24.000,197.000000
11406046.000000,5,143.000,0.000,0.000,143.000,120.000,406.000000
11407427.000000,5,143.000,0.000,0.000,142.000,125.000,410.000000
11408800.000000,5,143.000,0.000,0.000,161.000,125.000,429.000000
11410142.000000,5,152.000,11.000,0.000,167.000,123.000,453.000000
11411522.000000,5,147.000,14.000,7.000,149.000,119.000,436.000000
11412889.000000,5,143.000,0.000,0.000,143.000,119.000,405.000000
11414250.000000,5,143.000,0.000,0.000,143.000,123.000,409.000000
11415617.000000,5,143.000,0.000,0.000,143.000,117.000,403.000000
11416982.000000,5,142.000,0.000,0.000,142.000,122.000,406.000000
11418317.000000,5,107.000,37.000,0.000,143.000,119.000,406.000000
11419676.000000,5,131.000,15.000,0.000,143.000,117.000,406.000000
11421057.000000,5,143.000,0.000,0.000,143.000,120.000,406.000000
11422413.000000,5,142.000,0.000,0.000,143.000,117.000,402.000000
11423753.000000,5,143.000,0.000,0.000,143.000,119.000,405.000000
11425145.000000,5,50.000,94.000,0.000,118.000,125.000,387.000000
11426523.000000,5,11.000,132.000,0.000,88.000,125.000,356.000000
11427899.000000,5,143.000,0.000,9.000,143.000,120.000,415.000000
11429276.000000,5,143.000,0.000,53.000,143.000,121.000,460.000000
11430648.000000,5,143.000,0.000,0.000,143.000,117.000,403.000000
11432028.000000,5,142.000,0.000,0.000,143.000,118.000,403.000000
11433407.000000,5,57.000,86.000,0.000,49.000,117.000,309.000000
11434796.000000,5,0.000,143.000,0.000,63.000,118.000,324.000000
11436160.000000,5,0.000,143.000,0.000,143.000,120.000,406.000000
11437529.000000,5,30.000,114.000,0.000,143.000,119.000,406.000000
11438917.000000,5,143.000,0.000,0.000,38.000,122.000,303.000000
11440309.000000,5,142.000,0.000,0.000,113.000,124.000,379.000000
11441670.000000,5,143.000,0.000,7.000,143.000,117.000,410.000000
11443034.000000,5,143.000,0.000,0.000,143.000,116.000,402.000000
11444398.000000,5,143.000,0.000,0.000,143.000,120.000,406.000000
11445780.000000,5,125.000,0.000,70.000,74.000,120.000,389.000000
11447157.000000,5,82.000,50.000,0.000,41.000,134.000,307.000000
11448535.000000,5,143.000,0.000,0.000,103.000,132.000,378.000000
11449915.000000,5,135.000,0.000,0.000,66.000,120.000,321.000000
11451298.000000,5,136.000,0.000,0.000,143.000,119.000,398.000000
11452670.000000,5,131.000,0.000,0.000,48.000,124.000,303.000000
11454054.000000,5,133.000,0.000,0.000,142.000,120.000,395.000000
11455436.000000,5,125.000,1.000,0.000,143.000,117.000,386.000000
11456802.000000,5,119.000,0.000,0.000,31.000,120.000,270.000000
11458162.000000,5,132.000,0.000,0.000,113.000,117.000,362.000000
11459537.000000,5,122.000,0.000,0.000,143.000,115.000,380.000000
11460901.000000,5,143.000,0.000,0.000,143.000,118.000,404.000000
11462273.000000,5,125.000,0.000,0.000,143.000,119.000,387.000000
11463426.000000,5,121.000,0.000,0.000,143.000,117.000,381.000000
11464601.000000,5,122.000,0.000,0.000,143.000,117.000,382.000000
11465765.000000,5,127.000,0.000,0.000,97.000,120.000,344.000000
11466930.000000,5,143.000,0.000,0.000,44.000,119.000,306.000000
11468049.000000,5,102.000,26.000,27.000,74.000,122.000,351.000000
11469164.000000,5,114.000,17.000,0.000,31.000,117.000,279.000000
11470314.000000,5,143.000,0.000,0.000,143.000,118.000,404.000000
11471480.000000,5,143.000,0.000,0.000,142.000,115.000,400.000000
11472632.000000,5,129.000,0.000,0.000,143.000,120.000,392.000000
11473789.000000,5,142.000,0.000,0.000,80.000,118.000,340.000000
11474949.000000,5,143.000,0.000,0.000,112.000,121.000,376.000000
11476106.000000,5,124.000,0.000,0.000,31.000,117.000,272.000000
11477283.000000,5,138.000,0.000,0.000,103.000,118.000,359.000000
11478428.000000,5,143.000,0.000,20.000,143.000,117.000,423.000000
11479659.000000,5,126.000,0.000,0.000,142.000,116.000,384.000000
11480815.000000,5,90.000,38.000,7.000,56.000,119.000,310.000000
11482011.000000,5,126.000,84.000,67.000,38.000,84.000,399.000000
11483197.000000,5,128.000,11.000,38.000,114.000,107.000,398.000000
11484398.000000,5,118.000,61.000,22.000,99.000,86.000,386.000000
11485571.000000,5,120.000,33.000,0.000,143.000,106.000,402.000000
11486803.000000,5,119.000,12.000,0.000,114.000,104.000,349.000000
11487991.000000,5,131.000,0.000,0.000,96.000,102.000,329.000000
11489217.000000,5,141.000,2.000,20.000,125.000,104.000,392.000000
11490419.000000,5,121.000,0.000,48.000,102.000,107.000,378.000000
11491701.000000,5,120.000,0.000,0.000,143.000,116.000,379.000000
11493063.000000,5,109.000,21.000,0.000,35.000,104.000,269.000000
11494434.000000,5,121.000,0.000,0.000,134.000,103.000,358.000000
11495788.000000,5,117.000,0.000,0.000,143.000,102.000,362.000000
11497157.000000,5,118.000,12.000,2.000,142.000,105.000,379.000000
11498518.000000,5,120.000,62.000,44.000,110.000,50.000,386.000000
11499874.000000,5,121.000,40.000,45.000,101.000,83.000,390.000000
11501233.000000,5,118.000,0.000,0.000,143.000,104.000,365.000000
11502588.000000,5,120.000,19.000,110.000,55.000,63.000,367.000000
11503941.000000,5,117.000,0.000,8.000,95.000,98.000,318.000000
11505320.000000,5,123.000,0.000,0.000,74.000,104.000,301.000000
11506671.000000,5,120.000,0.000,0.000,142.000,121.000,383.000000
11508035.000000,5,119.000,0.000,18.000,125.000,121.000,383.000000
11509410.000000,5,120.000,0.000,73.000,70.000,122.000,385.000000
11510780.000000,5,119.000,0.000,0.000,143.000,107.000,369.000000
11512130.000000,5,137.000,0.000,0.000,143.000,106.000,386.000000
11513488.000000,5,143.000,0.000,0.000,143.000,119.000,405.000000
11514865.000000,5,130.000,14.000,76.000,55.000,121.000,396.000000
11516236.000000,6,133.000,30.000,25.000,10.000,120.000,318.000000
11517582.000000,6,143.000,0.000,0.000,0.000,122.000,265.000000
11518938.000000,6,143.000,0.000,0.000,0.000,120.000,263.000000
11520300.000000,6,142.000,0.000,0.000,0.000,128.000,270.000000
11521662.000000,6,143.000,0.000,0.000,0.000,137.000,280.000000
11523032.000000,6,143.000,0.000,0.000,0.000,119.000,262.000000
11524361.000000,6,165.000,0.000,0.000,27.000,93.000,285.000000
11525715.000000,6,143.000,0.000,0.000,6.000,121.000,270.000000
11527060.000000,6,143.000,0.000,5.000,0.000,118.000,266.000000
11528412.000000,6,143.000,12.000,2.000,1.000,138.000,296.000000
11529750.000000,6,143.000,71.000,0.000,0.000,142.000,356.000000
11531116.000000,6,143.000,67.000,0.000,0.000,122.000,332.000000
11532454.000000,6,143.000,0.000,0.000,0.000,118.000,261.000000
11533833.000000,6,142.000,11.000,0.000,0.000,119.000,272.000000
11535187.000000,6,144.000,38.000,3.000,0.000,121.000,306.000000
11536545.000000,6,143.000,6.000,0.000,0.000,136.000,285.000000
11537868.000000,6,142.000,0.000,0.000,0.000,120.000,262.000000
11539214.000000,6,143.000,0.000,0.000,0.000,119.000,262.000000
11540559.000000,6,143.000,0.000,0.000,0.000,128.000,271.000000
11541898.000000,6,143.000,0.000,0.000,0.000,143.000,286.000000
11543242.000000,6,143.000,0.000,0.000,0.000,134.000,277.000000
11544584.000000,6,143.000,0.000,0.000,0.000,120.000,263.000000
11545945.000000,6,143.000,0.000,0.000,0.000,122.000,265.000000
11547285.000000,6,142.000,0.000,0.000,0.000,120.000,262.000000
11548653.000000,6,143.000,0.000,0.000,0.000,117.000,260.000000
11550009.000000,6,143.000,0.000,0.000,0.000,121.000,264.000000
11551357.000000,6,143.000,8.000,0.000,0.000,119.000,270.000000
11552710.000000,6,143.000,0.000,0.000,0.000,74.000,217.000000
11554084.000000,6,143.000,0.000,0.000,0.000,129.000,272.000000
11555450.000000,6,143.000,0.000,55.000,0.000,143.000,341.000000
11556811.000000,6,142.000,53.000,34.000,0.000,143.000,372.000000
11558151.000000,6,144.000,18.000,0.000,1.000,161.000,324.000000
11559510.000000,6,143.000,0.000,0.000,0.000,167.000,310.000000
11560860.000000,6,142.000,0.000,1.000,1.000,159.000,303.000000
11562211.000000,6,142.000,0.000,0.000,0.000,143.000,285.000000
11563566.000000,6,143.000,0.000,0.000,0.000,142.000,285.000000
11564908.000000,6,143.000,0.000,0.000,0.000,143.000,286.000000
11566274.000000,6,143.000,0.000,0.000,0.000,143.000,286.000000
11567620.000000,6,143.000,0.000,0.000,0.000,143.000,286.000000
11568979.000000,6,143.000,0.000,0.000,0.000,143.000,286.000000
11570351.000000,6,143.000,40.000,0.000,0.000,143.000,326.000000
11571750.000000,6,142.000,12.000,0.000,0.000,143.000,297.000000
11573100.000000,6,143.000,0.000,0.000,0.000,142.000,285.000000
11574466.000000,6,143.000,0.000,0.000,0.000,143.000,286.000000
11575813.000000,6,143.000,0.000,0.000,0.000,143.000,286.000000
11577178.000000,6,143.000,0.000,0.000,0.000,143.000,286.000000
11578563.000000,6,143.000,5.000,0.000,0.000,143.000,291.000000
11579944.000000,6,143.000,0.000,0.000,0.000,143.000,286.000000
11581300.000000,6,142.000,2.000,0.000,0.000,143.000,287.000000
11582682.000000,6,143.000,0.000,0.000,0.000,142.000,285.000000
11584072.000000,6,143.000,0.000,0.000,0.000,143.000,286.000000
11585466.000000,6,143.000,0.000,0.000,0.000,143.000,286.000000
11586820.000000,6,143.000,0.000,0.000,0.000,143.000,286.000000
11588229.000000,6,143.000,0.000,0.000,0.000,143.000,286.000000
11589633.000000,6,143.000,0.000,0.000,0.000,143.000,286.000000
11591006.000000,6,142.000,0.000,0.000,0.000,143.000,285.000000
11592360.000000,6,143.000,0.000,0.000,0.000,142.000,285.000000
11593698.000000,6,143.000,0.000,0.000,0.000,143.000,286.000000
11595041.000000,6,143.000,0.000,0.000,0.000,143.000,286.000000
11596390.000000,6,143.000,0.000,0.000,0.000,138.000,281.000000
11597731.000000,6,143.000,0.000,0.000,0.000,133.000,276.000000
11599117.000000,6,143.000,0.000,0.000,0.000,143.000,286.000000
11600476.000000,6,142.000,0.000,0.000,0.000,132.000,274.000000
11601834.000000,6,143.000,1.000,1.000,0.000,140.000,285.000000
11603202.000000,6,143.000,0.000,0.000,0.000,143.000,286.000000
11604593.000000,6,143.000,0.000,0.000,53.000,81.000,277.000000
11605958.000000,6,142.000,0.000,0.000,0.000,143.000,285.000000
11607319.000000,6,143.000,0.000,0.000,0.000,124.000,267.000000
11608701.000000,6,143.000,0.000,0.000,0.000,143.000,286.000000
11610078.000000,6,143.000,0.000,0.000,0.000,142.000,285.000000
11611413.000000,6,127.000,15.000,0.000,0.000,119.000,261.000000
11612764.000000,6,143.000,5.000,0.000,0.000,139.000,287.000000
11614163.000000,6,132.000,0.000,0.000,53.000,90.000,275.000000
11615513.000000,6,143.000,0.000,0.000,0.000,120.000,263.000000
11616845.000000,6,143.000,0.000,0.000,0.000,137.000,280.000000
11618247.000000,6,143.000,0.000,0.000,0.000,143.000,286.000000
11619648.000000,6,143.000,0.000,0.000,0.000,143.000,286.000000
11621048.000000,6,143.000,0.000,0.000,0.000,143.000,286.000000
11622440.000000,6,143.000,0.000,0.000,0.000,143.000,286.000000
11623837.000000,6,142.000,0.000,0.000,0.000,143.000,285.000000
11625243.000000,6,143.000,0.000,0.000,0.000,133.000,276.000000
11626611.000000,6,143.000,0.000,0.000,0.000,142.000,285.000000
11627992.000000,6,143.000,0.000,0.000,0.000,143.000,286.000000
11629377.000000,6,143.000,0.000,0.000,0.000,130.000,273.000000
11630761.000000,6,143.000,0.000,0.000,0.000,122.000,265.000000
11632149.000000,6,143.000,0.000,0.000,0.000,126.000,269.000000
11633530.000000,6,142.000,0.000,0.000,0.000,143.000,285.000000
