4762272.000000,1,0.000,0.000,0.000,0.000,0.000,0.000000
4763718.000000,1,21.000,8.000,15.000,24.000,18.000,86.000000
4765137.000000,1,19.000,20.000,2.000,22.000,18.000,81.000000
4766591.000000,1,21.000,0.000,23.000,24.000,18.000,86.000000
4768064.000000,1,21.000,0.000,11.000,23.000,22.000,77.000000
4769454.000000,1,17.000,5.000,0.000,22.000,23.000,67.000000
4770836.000000,1,20.000,0.000,0.000,22.000,23.000,65.000000
4772196.000000,1,21.000,0.000,0.000,22.000,22.000,65.000000
4773550.000000,1,22.000,0.000,10.000,23.000,20.000,75.000000
4774909.000000,1,15.000,7.000,23.000,26.000,17.000,88.000000
4776279.000000,1,21.000,2.000,24.000,24.000,23.000,94.000000
4777628.000000,1,22.000,9.000,16.000,25.000,18.000,90.000000
4778970.000000,1,22.000,10.000,17.000,25.000,17.000,91.000000
4780331.000000,1,21.000,21.000,12.000,23.000,18.000,95.000000
4781672.000000,1,22.000,0.000,23.000,24.000,19.000,88.000000
4783031.000000,1,21.000,0.000,23.000,25.000,22.000,91.000000
4784386.000000,1,21.000,0.000,21.000,23.000,22.000,87.000000
4785758.000000,1,21.000,0.000,11.000,23.000,23.000,78.000000
4787108.000000,1,20.000,0.000,21.000,23.000,18.000,82.000000
4788477.000000,1,22.000,0.000,23.000,24.000,19.000,88.000000
4789858.000000,1,21.000,13.000,11.000,25.000,19.000,89.000000
4791231.000000,1,21.000,2.000,21.000,23.000,20.000,87.000000
4792611.000000,1,19.000,0.000,21.000,22.000,19.000,81.000000
4793988.000000,1,17.000,7.000,23.000,24.000,21.000,92.000000
4795366.000000,1,22.000,0.000,23.000,25.000,21.000,91.000000
4796719.000000,1,20.000,0.000,21.000,22.000,21.000,84.000000
4798082.000000,1,21.000,0.000,17.000,24.000,22.000,84.000000
4799462.000000,1,22.000,0.000,12.000,23.000,23.000,80.000000
4800839.000000,1,21.000,0.000,22.000,24.000,22.000,89.000000
4802200.000000,1,21.000,10.000,18.000,23.000,18.000,90.000000
4803563.000000,1,19.000,22.000,23.000,22.000,17.000,103.000000
4804910.000000,1,20.000,21.000,19.000,21.000,17.000,98.000000
4806276.000000,1,19.000,5.000,18.000,22.000,17.000,81.000000
4807642.000000,1,19.000,21.000,21.000,22.000,17.000,100.000000
4808989.000000,1,19.000,19.000,21.000,20.000,17.000,96.000000
4810343.000000,1,19.000,22.000,23.000,21.000,17.000,102.000000
4811725.000000,1,18.000,21.000,22.000,21.000,16.000,98.000000
4813083.000000,1,18.000,21.000,20.000,22.000,17.000,98.000000
4814434.000000,1,18.000,20.000,21.000,20.000,16.000,95.000000
4815805.000000,1,19.000,21.000,23.000,22.000,17.000,102.000000
4817156.000000,1,18.000,21.000,22.000,22.000,16.000,99.000000
4818506.000000,1,19.000,20.000,7.000,21.000,15.000,82.000000
4819870.000000,1,18.000,21.000,19.000,22.000,17.000,97.000000
4821232.000000,1,19.000,20.000,23.000,21.000,16.000,99.000000
4822606.000000,1,19.000,21.000,8.000,22.000,17.000,87.000000
4823988.000000,1,20.000,21.000,14.000,21.000,16.000,92.000000
4825345.000000,1,19.000,21.000,22.000,21.000,16.000,99.000000
4826711.000000,1,19.000,21.000,20.000,23.000,15.000,98.000000
4828054.000000,1,18.000,9.000,18.000,22.000,15.000,82.000000
4829385.000000,1,20.000,21.000,16.000,21.000,16.000,94.000000
4830758.000000,1,20.000,20.000,22.000,21.000,17.000,100.000000
4832140.000000,1,19.000,21.000,21.000,21.000,16.000,98.000000
4833515.000000,1,19.000,20.000,22.000,21.000,16.000,98.000000
4834898.000000,1,19.000,21.000,22.000,21.000,16.000,99.000000
4836286.000000,1,18.000,20.000,22.000,21.000,16.000,97.000000
4837673.000000,1,19.000,14.000,18.000,22.000,16.000,89.000000
4839024.000000,1,19.000,21.000,20.000,21.000,16.000,97.000000
4840378.000000,1,19.000,20.000,15.000,22.000,16.000,92.000000
4841761.000000,1,17.000,21.000,20.000,21.000,15.000,94.000000
4843128.000000,1,17.000,20.000,23.000,21.000,15.000,96.000000
4844528.000000,1,18.000,20.000,22.000,21.000,15.000,96.000000
4845908.000000,1,17.000,21.000,23.000,22.000,15.000,98.000000
4847284.000000,1,18.000,21.000,23.000,21.000,16.000,99.000000
4848687.000000,1,17.000,21.000,23.000,22.000,16.000,99.000000
4850040.000000,1,18.000,21.000,23.000,22.000,16.000,100.000000
4851426.000000,1,16.000,20.000,22.000,20.000,16.000,94.000000
4852832.000000,1,18.000,20.000,22.000,21.000,15.000,96.000000
4854213.000000,1,17.000,20.000,17.000,22.000,16.000,92.000000
4855586.000000,1,18.000,18.000,20.000,22.000,15.000,93.000000
4856964.000000,1,17.000,20.000,23.000,21.000,16.000,97.000000
4858339.000000,1,19.000,21.000,22.000,21.000,16.000,99.000000
4859731.000000,1,17.000,21.000,23.000,21.000,15.000,97.000000
4861097.000000,1,18.000,20.000,23.000,22.000,16.000,99.000000
4862450.000000,1,19.000,21.000,22.000,21.000,15.000,98.000000
4863822.000000,1,18.000,21.000,24.000,23.000,16.000,102.000000
4865212.000000,1,17.000,21.000,22.000,22.000,16.000,98.000000
4866577.000000,1,18.000,20.000,16.000,22.000,17.000,93.000000
4867933.000000,1,17.000,21.000,23.000,21.000,16.000,98.000000
4869302.000000,1,18.000,14.000,18.000,23.000,16.000,89.000000
4870667.000000,1,18.000,20.000,16.000,22.000,16.000,92.000000
4872055.000000,1,17.000,21.000,23.000,22.000,17.000,100.000000
4873416.000000,1,18.000,21.000,23.000,21.000,16.000,99.000000
4874756.000000,1,18.000,22.000,23.000,22.000,17.000,102.000000
4876150.000000,1,18.000,21.000,19.000,22.000,17.000,97.000000
4877522.000000,1,19.000,21.000,23.000,22.000,17.000,102.000000
4878907.000000,1,18.000,21.000,23.000,21.000,17.000,100.000000
4880269.000000,1,17.000,20.000,19.000,22.000,16.000,94.000000
4881629.000000,2,5.000,5.000,0.000,5.000,4.000,19.000000
4882993.000000,2,0.000,0.000,0.000,0.000,0.000,0.000000
4884347.000000,2,1.000,0.000,7.000,4.000,0.000,12.000000
4885733.000000,2,0.000,0.000,9.000,4.000,0.000,13.000000
4887105.000000,2,0.000,0.000,0.000,7.000,0.000,7.000000
4888454.000000,2,2.000,0.000,2.000,13.000,0.000,17.000000
4889829.000000,2,0.000,0.000,0.000,0.000,0.000,0.000000
4891220.000000,2,0.000,0.000,0.000,0.000,0.000,0.000000
4892598.000000,2,1.000,0.000,5.000,0.000,0.000,6.000000
4893963.000000,2,1.000,1.000,15.000,8.000,0.000,25.000000
4895349.000000,2,0.000,1.000,1.000,17.000,1.000,20.000000
4896724.000000,2,1.000,0.000,0.000,7.000,0.000,8.000000
4898120.000000,2,0.000,0.000,0.000,0.000,0.000,0.000000
4899503.000000,2,1.000,0.000,0.000,1.000,0.000,2.000000
4900854.000000,2,0.000,0.000,0.000,0.000,0.000,0.000000
4902231.000000,2,2.000,8.000,0.000,1.000,0.000,11.000000
4903631.000000,2,0.000,0.000,0.000,0.000,0.000,0.000000
4904998.000000,2,0.000,0.000,0.000,0.000,0.000,0.000000
4906382.000000,2,0.000,0.000,0.000,0.000,0.000,0.000000
4907767.000000,2,0.000,0.000,0.000,0.000,0.000,0.000000
4909143.000000,2,1.000,0.000,0.000,2.000,0.000,3.000000
4910536.000000,2,0.000,2.000,0.000,7.000,0.000,9.000000
4911929.000000,2,1.000,1.000,0.000,7.000,0.000,9.000000
4913332.000000,2,0.000,0.000,0.000,0.000,0.000,0.000000
4914718.000000,2,2.000,0.000,0.000,1.000,0.000,3.000000
4916114.000000,2,0.000,0.000,0.000,0.000,0.000,0.000000
4917499.000000,2,0.000,0.000,0.000,0.000,0.000,0.000000
4918887.000000,2,1.000,0.000,0.000,3.000,0.000,4.000000
4920284.000000,2,0.000,0.000,0.000,0.000,0.000,0.000000
4921698.000000,2,0.000,0.000,0.000,0.000,0.000,0.000000
4923089.000000,2,0.000,0.000,0.000,9.000,0.000,9.000000
4924490.000000,2,3.000,0.000,1.000,10.000,0.000,14.000000
4925913.000000,2,2.000,0.000,0.000,6.000,0.000,8.000000
4927308.000000,2,0.000,0.000,0.000,12.000,0.000,12.000000
4928702.000000,2,1.000,0.000,1.000,12.000,0.000,14.000000
4930079.000000,2,0.000,0.000,0.000,10.000,0.000,10.000000
4931480.000000,2,1.000,0.000,0.000,5.000,0.000,6.000000
4932859.000000,2,2.000,0.000,0.000,18.000,2.000,22.000000
4934258.000000,2,0.000,0.000,0.000,0.000,0.000,0.000000
4935644.000000,2,2.000,0.000,0.000,9.000,0.000,11.000000
4937040.000000,2,1.000,0.000,0.000,15.000,0.000,16.000000
4938427.000000,2,0.000,0.000,0.000,17.000,0.000,17.000000
4939827.000000,2,0.000,0.000,0.000,17.000,0.000,17.000000
4941186.000000,2,0.000,0.000,2.000,15.000,1.000,18.000000
4942586.000000,2,0.000,0.000,0.000,4.000,0.000,4.000000
4943995.000000,2,2.000,0.000,2.000,0.000,0.000,4.000000
4945396.000000,2,2.000,0.000,0.000,6.000,0.000,8.000000
4946782.000000,2,1.000,0.000,0.000,9.000,0.000,10.000000
4948151.000000,2,1.000,0.000,0.000,5.000,0.000,6.000000
4949518.000000,2,2.000,0.000,6.000,8.000,0.000,16.000000
4950886.000000,2,1.000,0.000,3.000,6.000,0.000,10.000000
4952286.000000,2,1.000,0.000,0.000,15.000,0.000,16.000000
4953704.000000,2,1.000,0.000,0.000,10.000,0.000,11.000000
4955122.000000,2,0.000,0.000,0.000,0.000,0.000,0.000000
4956518.000000,2,1.000,0.000,0.000,1.000,0.000,2.000000
4957952.000000,2,1.000,0.000,0.000,13.000,0.000,14.000000
4959369.000000,2,0.000,0.000,0.000,0.000,0.000,0.000000
4960757.000000,2,2.000,0.000,0.000,14.000,4.000,20.000000
4962161.000000,2,0.000,0.000,0.000,16.000,0.000,16.000000
4963549.000000,2,0.000,0.000,0.000,17.000,0.000,17.000000
4964921.000000,2,0.000,0.000,0.000,12.000,0.000,12.000000
4966325.000000,2,2.000,0.000,2.000,4.000,0.000,8.000000
4967703.000000,2,1.000,0.000,6.000,0.000,0.000,7.000000
4969099.000000,2,11.000,5.000,2.000,0.000,0.000,18.000000
4970495.000000,2,10.000,0.000,0.000,2.000,0.000,12.000000
4971888.000000,2,11.000,0.000,2.000,0.000,0.000,13.000000
4973438.000000,2,9.000,6.000,3.000,0.000,0.000,18.000000
4981631.000000,2,7.000,0.000,0.000,0.000,0.000,7.000000
4982999.000000,2,0.000,0.000,0.000,0.000,0.000,0.000000
4984336.000000,2,0.000,0.000,0.000,0.000,0.000,0.000000
4985663.000000,2,3.000,0.000,3.000,0.000,0.000,6.000000
4987028.000000,2,1.000,0.000,2.000,0.000,0.000,3.000000
4988390.000000,2,6.000,2.000,0.000,0.000,0.000,8.000000
4989775.000000,2,10.000,0.000,0.000,0.000,0.000,10.000000
4991156.000000,2,10.000,0.000,0.000,2.000,0.000,12.000000
4992529.000000,2,11.000,0.000,0.000,0.000,0.000,11.000000
4993917.000000,2,9.000,6.000,4.000,0.000,0.000,19.000000
4995273.000000,2,10.000,0.000,0.000,7.000,0.000,17.000000
4996652.000000,2,12.000,1.000,3.000,4.000,0.000,20.000000
4998020.000000,2,11.000,0.000,1.000,3.000,0.000,15.000000
4999389.000000,2,7.000,0.000,0.000,6.000,0.000,13.000000
5000754.000000,2,3.000,1.000,6.000,3.000,0.000,13.000000
5002119.000000,2,1.000,0.000,0.000,3.000,0.000,4.000000
5003485.000000,2,0.000,0.000,0.000,0.000,0.000,0.000000
5004864.000000,2,1.000,0.000,0.000,2.000,0.000,3.000000
5006221.000000,2,0.000,0.000,1.000,0.000,0.000,1.000000
5007589.000000,3,0.000,0.000,0.000,2.000,16.000,18.000000
5008940.000000,3,1.000,0.000,0.000,16.000,21.000,38.000000
5010317.000000,3,0.000,0.000,0.000,11.000,22.000,33.000000
5011654.000000,3,0.000,0.000,0.000,0.000,21.000,21.000000
5013041.000000,3,0.000,0.000,0.000,0.000,21.000,21.000000
5014449.000000,3,0.000,0.000,0.000,0.000,21.000,21.000000
5015774.000000,3,1.000,0.000,0.000,9.000,9.000,19.000000
5017109.000000,3,0.000,0.000,0.000,14.000,19.000,33.000000
5018442.000000,3,0.000,0.000,0.000,0.000,19.000,19.000000
5019807.000000,3,0.000,0.000,0.000,0.000,20.000,20.000000
5021179.000000,3,0.000,0.000,0.000,0.000,21.000,21.000000
5022540.000000,3,0.000,0.000,3.000,2.000,20.000,25.000000
5023878.000000,3,0.000,4.000,0.000,0.000,21.000,25.000000
5025223.000000,3,1.000,1.000,0.000,6.000,20.000,28.000000
5026556.000000,3,0.000,0.000,2.000,14.000,21.000,37.000000
5027923.000000,3,0.000,0.000,0.000,0.000,20.000,20.000000
5029298.000000,3,1.000,0.000,0.000,0.000,15.000,16.000000
5030640.000000,3,0.000,0.000,0.000,2.000,4.000,6.000000
5031984.000000,3,1.000,1.000,0.000,6.000,20.000,28.000000
5033362.000000,3,1.000,2.000,0.000,0.000,20.000,23.000000
5034720.000000,3,0.000,0.000,0.000,0.000,22.000,22.000000
5036116.000000,3,0.000,0.000,0.000,0.000,21.000,21.000000
5037494.000000,3,0.000,0.000,0.000,0.000,22.000,22.000000
5038855.000000,3,0.000,0.000,0.000,3.000,19.000,22.000000
5040201.000000,3,0.000,0.000,0.000,4.000,21.000,25.000000
5041557.000000,3,0.000,0.000,0.000,0.000,21.000,21.000000
5042928.000000,3,0.000,0.000,0.000,0.000,21.000,21.000000
5044303.000000,3,0.000,0.000,0.000,0.000,20.000,20.000000
5045677.000000,3,0.000,0.000,0.000,0.000,19.000,19.000000
5047055.000000,3,0.000,0.000,0.000,0.000,20.000,20.000000
5048442.000000,3,0.000,0.000,0.000,0.000,23.000,23.000000
5049828.000000,3,0.000,0.000,0.000,0.000,23.000,23.000000
5051196.000000,3,0.000,0.000,0.000,0.000,22.000,22.000000
5052559.000000,3,0.000,0.000,0.000,0.000,23.000,23.000000
5053930.000000,3,0.000,0.000,0.000,0.000,22.000,22.000000
5055283.000000,3,1.000,0.000,0.000,4.000,14.000,19.000000
5056625.000000,3,2.000,0.000,0.000,2.000,15.000,19.000000
5057974.000000,3,0.000,0.000,0.000,0.000,23.000,23.000000
5059370.000000,3,0.000,0.000,0.000,0.000,21.000,21.000000
5060753.000000,3,1.000,0.000,0.000,2.000,22.000,25.000000
5062133.000000,3,0.000,0.000,0.000,0.000,24.000,24.000000
5063504.000000,3,0.000,0.000,1.000,9.000,23.000,33.000000
5064895.000000,3,0.000,0.000,5.000,0.000,23.000,28.000000
5066291.000000,3,0.000,0.000,0.000,0.000,21.000,21.000000
5067662.000000,3,0.000,0.000,0.000,0.000,22.000,22.000000
5069051.000000,3,0.000,0.000,0.000,0.000,6.000,6.000000
5070435.000000,3,0.000,0.000,0.000,6.000,21.000,27.000000
5071841.000000,3,0.000,0.000,0.000,0.000,21.000,21.000000
5073223.000000,3,0.000,0.000,0.000,0.000,22.000,22.000000
5074630.000000,3,0.000,0.000,0.000,0.000,22.000,22.000000
5076024.000000,3,0.000,0.000,0.000,0.000,23.000,23.000000
5077453.000000,3,0.000,0.000,0.000,0.000,23.000,23.000000
5078837.000000,3,1.000,0.000,0.000,2.000,22.000,25.000000
5080237.000000,3,0.000,0.000,0.000,0.000,22.000,22.000000
5081621.000000,3,0.000,0.000,0.000,0.000,22.000,22.000000
5083015.000000,3,0.000,0.000,0.000,0.000,21.000,21.000000
5084418.000000,3,0.000,0.000,0.000,0.000,22.000,22.000000
5085813.000000,3,0.000,0.000,0.000,0.000,23.000,23.000000
5087201.000000,3,0.000,0.000,0.000,0.000,22.000,22.000000
5088626.000000,3,0.000,0.000,0.000,1.000,22.000,23.000000
5090021.000000,3,0.000,0.000,0.000,0.000,21.000,21.000000
5091376.000000,3,7.000,0.000,0.000,0.000,22.000,29.000000
5092745.000000,3,6.000,0.000,0.000,0.000,22.000,28.000000
5094086.000000,3,0.000,0.000,1.000,0.000,23.000,24.000000
5095455.000000,3,0.000,0.000,0.000,0.000,23.000,23.000000
5096849.000000,3,0.000,0.000,0.000,0.000,22.000,22.000000
5098235.000000,3,0.000,0.000,4.000,0.000,20.000,24.000000
5099624.000000,3,0.000,0.000,0.000,0.000,22.000,22.000000
5100987.000000,3,0.000,0.000,0.000,0.000,23.000,23.000000
5102385.000000,3,0.000,0.000,0.000,0.000,23.000,23.000000
5103784.000000,3,0.000,0.000,0.000,0.000,22.000,22.000000
5105153.000000,3,1.000,0.000,0.000,0.000,23.000,24.000000
5106508.000000,3,15.000,0.000,0.000,0.000,21.000,36.000000
5107880.000000,3,14.000,0.000,0.000,0.000,22.000,36.000000
5109278.000000,3,15.000,0.000,0.000,0.000,23.000,38.000000
5110661.000000,3,14.000,0.000,0.000,0.000,23.000,37.000000
5111996.000000,3,14.000,0.000,0.000,0.000,20.000,34.000000
5113340.000000,3,15.000,0.000,0.000,0.000,22.000,37.000000
5114686.000000,3,6.000,0.000,0.000,0.000,22.000,28.000000
5116054.000000,3,0.000,0.000,0.000,0.000,23.000,23.000000
5117437.000000,3,0.000,0.000,0.000,0.000,23.000,23.000000
5118798.000000,3,0.000,0.000,0.000,0.000,22.000,22.000000
5120171.000000,3,0.000,0.000,0.000,0.000,21.000,21.000000
5121518.000000,3,0.000,0.000,0.000,0.000,22.000,22.000000
5122894.000000,3,0.000,0.000,0.000,0.000,23.000,23.000000
5124294.000000,3,0.000,0.000,0.000,0.000,23.000,23.000000
5125661.000000,3,0.000,0.000,0.000,0.000,22.000,22.000000
5126967.000000,3,0.000,0.000,0.000,0.000,22.000,22.000000
5128235.000000,3,0.000,0.000,0.000,0.000,23.000,23.000000
5129508.000000,3,0.000,0.000,0.000,0.000,22.000,22.000000
5130850.000000,4,0.000,6.000,3.000,0.000,19.000,28.000000
5132148.000000,4,0.000,22.000,13.000,0.000,0.000,35.000000
5133506.000000,4,0.000,12.000,18.000,3.000,0.000,33.000000
5134876.000000,4,0.000,9.000,11.000,5.000,0.000,25.000000
5136137.000000,4,0.000,0.000,5.000,19.000,0.000,24.000000
5137541.000000,4,12.000,11.000,11.000,0.000,0.000,34.000000
5138870.000000,4,23.000,14.000,0.000,0.000,0.000,37.000000
5140233.000000,4,11.000,15.000,0.000,0.000,0.000,26.000000
5141623.000000,4,0.000,22.000,0.000,0.000,0.000,22.000000
5143004.000000,4,0.000,21.000,0.000,0.000,0.000,21.000000
5144381.000000,4,7.000,15.000,4.000,2.000,0.000,28.000000
5145745.000000,4,17.000,14.000,13.000,8.000,0.000,52.000000
5147119.000000,4,1.000,2.000,21.000,9.000,0.000,33.000000
5148472.000000,4,0.000,22.000,12.000,1.000,0.000,35.000000
5149851.000000,4,0.000,18.000,5.000,2.000,0.000,25.000000
5151190.000000,4,0.000,0.000,0.000,22.000,0.000,22.000000
5152572.000000,4,0.000,11.000,7.000,7.000,0.000,25.000000
5153929.000000,4,20.000,9.000,8.000,0.000,0.000,37.000000
5155295.000000,4,20.000,6.000,3.000,4.000,0.000,33.000000
5156665.000000,4,0.000,9.000,9.000,11.000,0.000,29.000000
5158028.000000,4,0.000,0.000,0.000,22.000,0.000,22.000000
5159399.000000,4,14.000,7.000,6.000,6.000,0.000,33.000000
5160767.000000,4,22.000,11.000,9.000,8.000,0.000,50.000000
5162126.000000,4,22.000,3.000,4.000,0.000,0.000,29.000000
5163517.000000,4,15.000,9.000,0.000,0.000,0.000,24.000000
5164915.000000,4,20.000,5.000,2.000,2.000,0.000,29.000000
5166282.000000,4,0.000,22.000,11.000,0.000,0.000,33.000000
5167689.000000,4,0.000,22.000,8.000,4.000,0.000,34.000000
5169055.000000,4,0.000,23.000,0.000,1.000,0.000,24.000000
5170432.000000,4,0.000,22.000,3.000,0.000,0.000,25.000000
5171790.000000,4,21.000,2.000,2.000,12.000,0.000,37.000000
5173183.000000,4,14.000,10.000,5.000,14.000,2.000,45.000000
5174546.000000,4,22.000,8.000,12.000,15.000,0.000,57.000000
5175921.000000,4,22.000,3.000,12.000,14.000,0.000,51.000000
5177267.000000,4,20.000,0.000,2.000,3.000,0.000,25.000000
5178601.000000,4,22.000,0.000,0.000,8.000,0.000,30.000000
5180004.000000,4,21.000,0.000,0.000,0.000,0.000,21.000000
5181382.000000,4,18.000,6.000,0.000,3.000,0.000,27.000000
5182748.000000,4,21.000,0.000,6.000,2.000,0.000,29.000000
5184133.000000,4,22.000,3.000,9.000,0.000,0.000,34.000000
5185497.000000,4,20.000,2.000,3.000,0.000,0.000,25.000000
5186895.000000,4,22.000,0.000,4.000,0.000,0.000,26.000000
5188299.000000,4,22.000,0.000,0.000,8.000,0.000,30.000000
5189673.000000,4,20.000,0.000,0.000,5.000,0.000,25.000000
5191051.000000,4,22.000,0.000,4.000,0.000,0.000,26.000000
5192436.000000,4,13.000,11.000,0.000,0.000,0.000,24.000000
5193800.000000,4,22.000,6.000,8.000,0.000,0.000,36.000000
5195164.000000,4,21.000,2.000,12.000,0.000,0.000,35.000000
5196540.000000,4,19.000,3.000,11.000,1.000,0.000,34.000000
5197926.000000,4,9.000,14.000,1.000,1.000,0.000,25.000000
5199268.000000,4,21.000,5.000,8.000,0.000,0.000,34.000000
5200673.000000,4,21.000,0.000,8.000,0.000,0.000,29.000000
5202068.000000,4,21.000,0.000,0.000,10.000,0.000,31.000000
5203444.000000,4,22.000,0.000,1.000,14.000,0.000,37.000000
5204799.000000,4,21.000,4.000,9.000,14.000,0.000,48.000000
5206171.000000,4,22.000,4.000,9.000,14.000,0.000,49.000000
5207551.000000,4,21.000,0.000,8.000,15.000,0.000,44.000000
5208927.000000,4,22.000,0.000,12.000,14.000,0.000,48.000000
5210282.000000,4,21.000,0.000,12.000,14.000,0.000,47.000000
5211633.000000,4,22.000,0.000,10.000,14.000,0.000,46.000000
5212998.000000,4,20.000,7.000,3.000,9.000,0.000,39.000000
5214360.000000,4,16.000,7.000,0.000,0.000,0.000,23.000000
5215736.000000,4,22.000,1.000,2.000,1.000,0.000,26.000000
5217104.000000,4,18.000,5.000,0.000,0.000,0.000,23.000000
5218463.000000,4,21.000,0.000,0.000,0.000,0.000,21.000000
5219836.000000,4,21.000,0.000,0.000,0.000,0.000,21.000000
5221213.000000,4,12.000,10.000,3.000,0.000,0.000,25.000000
5222592.000000,4,19.000,1.000,0.000,0.000,0.000,20.000000
5223962.000000,4,18.000,0.000,0.000,0.000,0.000,18.000000
5225352.000000,4,22.000,2.000,0.000,4.000,0.000,28.000000
5226742.000000,4,0.000,7.000,9.000,8.000,0.000,24.000000
5228104.000000,4,21.000,3.000,0.000,0.000,0.000,24.000000
5229477.000000,4,21.000,0.000,0.000,0.000,0.000,21.000000
5230856.000000,4,20.000,1.000,2.000,0.000,0.000,23.000000
5232240.000000,4,12.000,13.000,0.000,0.000,0.000,25.000000
5233627.000000,4,20.000,0.000,0.000,0.000,0.000,20.000000
5235011.000000,4,21.000,0.000,0.000,0.000,0.000,21.000000
5236410.000000,4,21.000,0.000,0.000,0.000,0.000,21.000000
5237808.000000,4,21.000,0.000,0.000,0.000,0.000,21.000000
5239206.000000,4,21.000,0.000,0.000,0.000,0.000,21.000000
5240580.000000,4,20.000,0.000,0.000,0.000,0.000,20.000000
5241953.000000,4,22.000,0.000,0.000,0.000,0.000,22.000000
5243331.000000,4,21.000,0.000,0.000,0.000,0.000,21.000000
5244726.000000,4,20.000,3.000,0.000,0.000,0.000,23.000000
5246098.000000,4,21.000,0.000,0.000,0.000,0.000,21.000000
5247490.000000,4,23.000,0.000,0.000,0.000,0.000,23.000000
5248865.000000,4,23.000,0.000,0.000,0.000,0.000,23.000000
5250219.000000,4,21.000,2.000,1.000,0.000,0.000,24.000000
5251580.000000,4,19.000,0.000,0.000,0.000,0.000,19.000000
5252964.000000,4,23.000,0.000,0.000,0.000,0.000,23.000000
5254351.000000,4,22.000,0.000,0.000,0.000,0.000,22.000000
5255729.000000,4,20.000,0.000,0.000,0.000,0.000,20.000000
5257138.000000,4,21.000,0.000,0.000,0.000,0.000,21.000000
5258525.000000,5,23.000,0.000,0.000,6.000,5.000,34.000000
5259925.000000,5,23.000,0.000,0.000,24.000,19.000,66.000000
5261282.000000,5,23.000,0.000,0.000,25.000,17.000,65.000000
5262676.000000,5,23.000,0.000,0.000,24.000,18.000,65.000000
5264029.000000,5,25.000,2.000,0.000,25.000,19.000,71.000000
5265395.000000,5,22.000,2.000,2.000,23.000,19.000,68.000000
5266770.000000,5,22.000,0.000,0.000,23.000,19.000,64.000000
5268141.000000,5,21.000,0.000,0.000,23.000,20.000,64.000000
5269542.000000,5,23.000,0.000,0.000,22.000,19.000,64.000000
5270919.000000,5,23.000,0.000,0.000,23.000,18.000,64.000000
5272283.000000,5,16.000,7.000,0.000,24.000,19.000,66.000000
5273652.000000,5,22.000,3.000,0.000,24.000,19.000,68.000000
5275025.000000,5,23.000,0.000,0.000,24.000,20.000,67.000000
5276394.000000,5,23.000,0.000,0.000,23.000,19.000,65.000000
5277770.000000,5,23.000,0.000,0.000,24.000,18.000,65.000000
5279154.000000,5,8.000,16.000,0.000,20.000,18.000,62.000000
5280529.000000,5,3.000,21.000,0.000,16.000,18.000,58.000000
5281887.000000,5,22.000,0.000,2.000,24.000,19.000,67.000000
5283250.000000,5,22.000,0.000,8.000,23.000,20.000,73.000000
5284667.000000,5,23.000,0.000,0.000,22.000,19.000,64.000000
5286024.000000,5,22.000,0.000,0.000,23.000,19.000,64.000000
5287406.000000,5,8.000,14.000,0.000,8.000,19.000,49.000000
5288778.000000,5,0.000,22.000,0.000,11.000,19.000,52.000000
5290170.000000,5,0.000,22.000,0.000,23.000,19.000,64.000000
5291527.000000,5,6.000,18.000,0.000,24.000,20.000,68.000000
5292909.000000,5,23.000,0.000,0.000,6.000,18.000,47.000000
5294274.000000,5,23.000,0.000,0.000,20.000,17.000,60.000000
5295655.000000,5,22.000,0.000,2.000,23.000,19.000,66.000000
5297041.000000,5,21.000,0.000,0.000,23.000,18.000,62.000000
5298423.000000,5,21.000,0.000,0.000,22.000,20.000,63.000000
5299804.000000,5,19.000,0.000,12.000,13.000,19.000,63.000000
5301178.000000,5,15.000,8.000,0.000,6.000,22.000,51.000000
5302567.000000,5,21.000,0.000,0.000,18.000,20.000,59.000000
5303964.000000,5,21.000,0.000,0.000,12.000,19.000,52.000000
5305368.000000,5,21.000,0.000,0.000,23.000,20.000,64.000000
5306750.000000,5,20.000,0.000,0.000,9.000,20.000,49.000000
5308120.000000,5,20.000,0.000,0.000,23.000,18.000,61.000000
5309487.000000,5,20.000,1.000,0.000,23.000,19.000,63.000000
5310841.000000,5,20.000,0.000,0.000,4.000,20.000,44.000000
5312216.000000,5,20.000,0.000,0.000,19.000,19.000,58.000000
5313596.000000,5,20.000,0.000,0.000,23.000,20.000,63.000000
5314933.000000,5,21.000,0.000,0.000,23.000,19.000,63.000000
5316324.000000,5,20.000,0.000,0.000,23.000,19.000,62.000000
5317710.000000,5,19.000,0.000,0.000,22.000,19.000,60.000000
5319078.000000,5,19.000,0.000,0.000,23.000,18.000,60.000000
5320422.000000,5,21.000,0.000,0.000,15.000,19.000,55.000000
5321807.000000,5,21.000,0.000,0.000,9.000,18.000,48.000000
5323186.000000,5,16.000,5.000,5.000,12.000,19.000,57.000000
5324545.000000,5,19.000,2.000,0.000,6.000,19.000,46.000000
5325916.000000,5,21.000,0.000,0.000,24.000,18.000,63.000000
5327271.000000,5,21.000,0.000,0.000,23.000,19.000,63.000000
5328648.000000,5,20.000,0.000,0.000,22.000,19.000,61.000000
5330020.000000,5,20.000,0.000,0.000,13.000,19.000,52.000000
5331394.000000,5,22.000,0.000,0.000,19.000,19.000,60.000000
5332773.000000,5,19.000,0.000,0.000,5.000,19.000,43.000000
5334129.000000,5,21.000,0.000,0.000,18.000,18.000,57.000000
5335484.000000,5,21.000,0.000,3.000,23.000,20.000,67.000000
5336830.000000,5,20.000,0.000,0.000,22.000,18.000,60.000000
5338176.000000,5,15.000,7.000,2.000,10.000,19.000,53.000000
5339561.000000,5,20.000,14.000,12.000,7.000,12.000,65.000000
5340953.000000,5,20.000,2.000,7.000,18.000,17.000,64.000000
5342330.000000,5,19.000,10.000,4.000,18.000,15.000,66.000000
5343688.000000,5,20.000,6.000,0.000,22.000,17.000,65.000000
5345056.000000,5,19.000,2.000,0.000,17.000,16.000,54.000000
5346431.000000,5,20.000,0.000,0.000,16.000,17.000,53.000000
5347793.000000,5,21.000,1.000,4.000,21.000,16.000,63.000000
5349182.000000,5,19.000,0.000,8.000,18.000,18.000,63.000000
5350563.000000,5,19.000,0.000,0.000,22.000,17.000,58.000000
5351937.000000,5,18.000,5.000,0.000,6.000,17.000,46.000000
5353306.000000,5,20.000,0.000,0.000,22.000,16.000,58.000000
5354699.000000,5,20.000,0.000,0.000,23.000,17.000,60.000000
5356046.000000,5,20.000,2.000,1.000,23.000,17.000,63.000000
5357384.000000,5,19.000,11.000,8.000,18.000,10.000,66.000000
5358741.000000,5,19.000,6.000,8.000,16.000,14.000,63.000000
5360103.000000,5,19.000,0.000,0.000,22.000,17.000,58.000000
5361462.000000,5,20.000,4.000,19.000,9.000,10.000,62.000000
5362846.000000,5,19.000,0.000,2.000,14.000,17.000,52.000000
5364229.000000,5,19.000,0.000,0.000,12.000,17.000,48.000000
5365613.000000,5,19.000,0.000,0.000,22.000,17.000,58.000000
5366982.000000,5,19.000,0.000,4.000,19.000,18.000,60.000000
5368377.000000,5,20.000,0.000,11.000,12.000,18.000,61.000000
5369771.000000,5,19.000,0.000,0.000,21.000,17.000,57.000000
5371140.000000,5,21.000,0.000,0.000,22.000,17.000,60.000000
5372520.000000,5,21.000,0.000,0.000,23.000,19.000,63.000000
5373918.000000,5,20.000,3.000,13.000,9.000,18.000,63.000000
5375307.000000,6,22.000,5.000,5.000,2.000,20.000,54.000000
5376661.000000,6,23.000,0.000,0.000,0.000,19.000,42.000000
5378035.000000,6,22.000,0.000,0.000,0.000,20.000,42.000000
5379426.000000,6,22.000,0.000,0.000,0.000,21.000,43.000000
5380786.000000,6,23.000,0.000,0.000,0.000,20.000,43.000000
5382156.000000,6,23.000,0.000,0.000,0.000,19.000,42.000000
5383535.000000,6,25.000,0.000,0.000,5.000,14.000,44.000000
5384935.000000,6,23.000,0.000,0.000,1.000,20.000,44.000000
5386333.000000,6,24.000,0.000,1.000,0.000,19.000,44.000000
5387654.000000,6,22.000,3.000,1.000,0.000,21.000,47.000000
5388997.000000,6,21.000,12.000,0.000,0.000,20.000,53.000000
5390328.000000,6,23.000,10.000,0.000,0.000,20.000,53.000000
5391693.000000,6,24.000,0.000,0.000,0.000,19.000,43.000000
5393071.000000,6,23.000,2.000,0.000,0.000,19.000,44.000000
5394449.000000,6,24.000,7.000,1.000,0.000,21.000,53.000000
5395819.000000,6,23.000,1.000,0.000,0.000,20.000,44.000000
5397222.000000,6,23.000,0.000,0.000,0.000,19.000,42.000000
5398638.000000,6,23.000,0.000,0.000,0.000,19.000,42.000000
5400050.000000,6,23.000,0.000,0.000,0.000,20.000,43.000000
5401466.000000,6,21.000,0.000,0.000,0.000,21.000,42.000000
5402855.000000,6,23.000,0.000,0.000,0.000,20.000,43.000000
5404223.000000,6,24.000,0.000,0.000,0.000,18.000,42.000000
5405619.000000,6,23.000,0.000,0.000,0.000,18.000,41.000000
5406970.000000,6,23.000,0.000,0.000,0.000,19.000,42.000000
5408353.000000,6,23.000,0.000,0.000,0.000,19.000,42.000000
5409738.000000,6,22.000,0.000,0.000,0.000,19.000,41.000000
5411090.000000,6,23.000,2.000,0.000,0.000,20.000,45.000000
5412432.000000,6,22.000,0.000,0.000,0.000,13.000,35.000000
5413806.000000,6,23.000,0.000,0.000,0.000,20.000,43.000000
5415202.000000,6,23.000,0.000,9.000,0.000,23.000,55.000000
5416579.000000,6,24.000,9.000,6.000,0.000,23.000,62.000000
5417943.000000,6,24.000,3.000,0.000,0.000,24.000,51.000000
5419311.000000,6,24.000,0.000,0.000,0.000,25.000,49.000000
5420720.000000,6,21.000,0.000,0.000,0.000,23.000,44.000000
5422097.000000,6,22.000,0.000,0.000,0.000,23.000,45.000000
5423482.000000,6,23.000,0.000,0.000,0.000,23.000,46.000000
5424859.000000,6,22.000,0.000,0.000,0.000,23.000,45.000000
5426226.000000,6,22.000,0.000,0.000,0.000,23.000,45.000000
5427616.000000,6,23.000,0.000,0.000,0.000,24.000,47.000000
5429022.000000,6,21.000,0.000,0.000,0.000,23.000,44.000000
5430402.000000,6,22.000,7.000,0.000,0.000,23.000,52.000000
5431772.000000,6,22.000,1.000,0.000,0.000,23.000,46.000000
5433151.000000,6,22.000,0.000,0.000,0.000,22.000,44.000000
5434546.000000,6,22.000,0.000,0.000,0.000,23.000,45.000000
5435919.000000,6,22.000,0.000,0.000,0.000,22.000,44.000000
5437285.000000,6,22.000,0.000,0.000,0.000,23.000,45.000000
5438672.000000,6,23.000,1.000,0.000,0.000,22.000,46.000000
5440067.000000,6,22.000,0.000,0.000,0.000,23.000,45.000000
5441438.000000,6,23.000,1.000,0.000,0.000,23.000,47.000000
5442812.000000,6,22.000,0.000,0.000,0.000,23.000,45.000000
5444176.000000,6,22.000,0.000,0.000,0.000,22.000,44.000000
5445539.000000,6,22.000,0.000,0.000,0.000,23.000,45.000000
5446902.000000,6,23.000,0.000,0.000,0.000,23.000,46.000000
5448269.000000,6,22.000,0.000,0.000,0.000,23.000,45.000000
5449669.000000,6,23.000,0.000,0.000,0.000,22.000,45.000000
5451058.000000,6,21.000,0.000,0.000,0.000,23.000,44.000000
5452455.000000,6,22.000,0.000,0.000,0.000,23.000,45.000000
5453806.000000,6,22.000,0.000,0.000,0.000,22.000,44.000000
5455174.000000,6,22.000,0.000,0.000,0.000,22.000,44.000000
5456559.000000,6,23.000,0.000,0.000,0.000,21.000,44.000000
5457944.000000,6,23.000,0.000,0.000,0.000,21.000,44.000000
5459317.000000,6,23.000,0.000,0.000,0.000,22.000,45.000000
5460699.000000,6,23.000,0.000,0.000,0.000,21.000,44.000000
5462074.000000,6,21.000,0.000,0.000,0.000,21.000,42.000000
5463443.000000,6,22.000,0.000,0.000,0.000,23.000,45.000000
5464819.000000,6,21.000,0.000,0.000,10.000,13.000,44.000000
5466184.000000,6,22.000,0.000,0.000,0.000,22.000,44.000000
5467555.000000,6,23.000,0.000,0.000,0.000,20.000,43.000000
5468940.000000,6,23.000,0.000,0.000,0.000,21.000,44.000000
5470309.000000,6,22.000,0.000,0.000,0.000,21.000,43.000000
5471714.000000,6,20.000,3.000,0.000,0.000,19.000,42.000000
5473109.000000,6,22.000,1.000,0.000,0.000,21.000,44.000000
5474469.000000,6,20.000,0.000,0.000,9.000,15.000,44.000000
5475818.000000,6,23.000,0.000,0.000,0.000,20.000,43.000000
5477197.000000,6,22.000,0.000,0.000,0.000,20.000,42.000000
5478567.000000,6,22.000,0.000,0.000,0.000,22.000,44.000000
5479946.000000,6,22.000,0.000,0.000,0.000,22.000,44.000000
5481328.000000,6,22.000,0.000,0.000,0.000,21.000,43.000000
5482704.000000,6,22.000,0.000,0.000,0.000,22.000,44.000000
5484086.000000,6,22.000,0.000,0.000,0.000,21.000,43.000000
5485452.000000,6,22.000,0.000,0.000,0.000,20.000,42.000000
5486823.000000,6,22.000,0.000,0.000,0.000,21.000,43.000000
5488191.000000,6,22.000,0.000,0.000,0.000,21.000,43.000000
5489573.000000,6,23.000,0.000,0.000,0.000,21.000,44.000000
5490940.000000,6,22.000,0.000,0.000,0.000,19.000,41.000000
5492306.000000,6,22.000,0.000,0.000,0.000,20.000,42.000000
5493688.000000,6,23.000,0.000,0.000,0.000,21.000,44.000000
