8871693.000000,1,0.000,0.000,0.000,0.000,0.000,0.000000
8873088.000000,1,169.000,69.000,131.000,201.000,161.000,731.000000
8874467.000000,1,166.000,156.000,14.000,200.000,149.000,685.000000
8875852.000000,1,167.000,0.000,200.000,200.000,143.000,710.000000
8877260.000000,1,167.000,0.000,100.000,183.000,156.000,606.000000
8878670.000000,1,139.000,36.000,0.000,167.000,166.000,508.000000
8880077.000000,1,167.000,0.000,0.000,167.000,167.000,501.000000
8881463.000000,1,166.000,0.000,0.000,166.000,167.000,499.000000
8882863.000000,1,167.000,0.000,78.000,180.000,150.000,575.000000
8884305.000000,1,120.000,58.000,200.000,200.000,125.000,703.000000
8885720.000000,1,182.000,19.000,200.000,200.000,197.000,798.000000
8887116.000000,1,200.000,65.000,137.000,200.000,154.000,756.000000
8888515.000000,1,200.000,72.000,132.000,200.000,143.000,747.000000
8889917.000000,1,186.000,192.000,83.000,171.000,143.000,775.000000
8891279.000000,1,167.000,0.000,200.000,167.000,157.000,691.000000
8892663.000000,1,166.000,0.000,200.000,167.000,200.000,733.000000
8894062.000000,1,167.000,0.000,186.000,166.000,196.000,715.000000
8895468.000000,1,167.000,0.000,89.000,183.000,200.000,639.000000
8896866.000000,1,166.000,0.000,166.000,200.000,151.000,683.000000
8898269.000000,1,167.000,0.000,167.000,200.000,163.000,697.000000
8899660.000000,1,167.000,109.000,77.000,200.000,159.000,712.000000
8901052.000000,1,166.000,15.000,176.000,200.000,151.000,708.000000
8902446.000000,1,167.000,0.000,167.000,200.000,143.000,677.000000
8903807.000000,1,139.000,53.000,166.000,200.000,186.000,744.000000
8905205.000000,1,200.000,0.000,167.000,200.000,187.000,754.000000
8906594.000000,1,172.000,0.000,166.000,200.000,175.000,713.000000
8908004.000000,1,167.000,0.000,134.000,190.000,167.000,658.000000
8909420.000000,1,166.000,0.000,95.000,179.000,167.000,607.000000
8910801.000000,1,167.000,0.000,200.000,167.000,162.000,696.000000
8912152.000000,1,167.000,82.000,147.000,166.000,140.000,702.000000
8913520.000000,1,166.000,200.000,200.000,167.000,142.000,875.000000
8914875.000000,1,167.000,187.000,170.000,167.000,143.000,834.000000
8916228.000000,1,167.000,33.000,143.000,166.000,143.000,652.000000
8917603.000000,1,166.000,166.000,180.000,167.000,143.000,822.000000
8919009.000000,1,167.000,167.000,200.000,167.000,143.000,844.000000
8920414.000000,1,167.000,167.000,200.000,166.000,143.000,843.000000
8921757.000000,1,166.000,166.000,200.000,167.000,143.000,842.000000
8923136.000000,1,167.000,167.000,165.000,167.000,142.000,808.000000
8924524.000000,1,167.000,167.000,178.000,166.000,143.000,821.000000
8925863.000000,1,166.000,166.000,167.000,167.000,143.000,809.000000
8927178.000000,1,167.000,167.000,167.000,167.000,143.000,811.000000
8928552.000000,1,167.000,167.000,51.000,166.000,143.000,694.000000
8929893.000000,1,166.000,166.000,164.000,167.000,143.000,806.000000
8931218.000000,1,167.000,167.000,200.000,167.000,143.000,844.000000
8932545.000000,1,167.000,166.000,83.000,166.000,142.000,724.000000
8933884.000000,1,166.000,167.000,116.000,167.000,143.000,759.000000
8935247.000000,1,157.000,167.000,200.000,167.000,143.000,834.000000
8936654.000000,1,143.000,166.000,171.000,166.000,143.000,789.000000
8938031.000000,1,143.000,70.000,146.000,167.000,129.000,655.000000
8939396.000000,1,143.000,165.000,142.000,167.000,125.000,742.000000
8940775.000000,1,143.000,166.000,200.000,166.000,125.000,800.000000
8942144.000000,1,143.000,167.000,200.000,167.000,125.000,802.000000
8943564.000000,1,142.000,167.000,200.000,167.000,125.000,801.000000
8944928.000000,1,143.000,166.000,200.000,166.000,125.000,800.000000
8946307.000000,1,143.000,167.000,200.000,167.000,125.000,802.000000
8947665.000000,1,143.000,115.000,154.000,167.000,125.000,704.000000
8949049.000000,1,143.000,169.000,174.000,166.000,125.000,777.000000
8950415.000000,1,143.000,167.000,138.000,167.000,125.000,740.000000
8951771.000000,1,130.000,167.000,171.000,167.000,125.000,760.000000
8953093.000000,1,125.000,166.000,200.000,166.000,125.000,782.000000
8954474.000000,1,125.000,167.000,200.000,167.000,125.000,784.000000
8955841.000000,1,125.000,167.000,200.000,167.000,125.000,784.000000
8957236.000000,1,125.000,166.000,200.000,166.000,125.000,782.000000
8958598.000000,1,125.000,167.000,200.000,167.000,125.000,784.000000
8959966.000000,1,125.000,167.000,200.000,167.000,125.000,784.000000
8961332.000000,1,125.000,166.000,200.000,166.000,125.000,782.000000
8962701.000000,1,125.000,167.000,200.000,167.000,125.000,784.000000
8964074.000000,1,128.000,164.000,147.000,167.000,125.000,731.000000
8965448.000000,1,143.000,143.000,175.000,166.000,125.000,752.000000
8966829.000000,1,143.000,167.000,200.000,167.000,125.000,802.000000
8968197.000000,1,143.000,166.000,200.000,167.000,125.000,801.000000
8969571.000000,1,143.000,167.000,200.000,166.000,125.000,801.000000
8970909.000000,1,143.000,167.000,200.000,167.000,125.000,802.000000
8972273.000000,1,142.000,166.000,200.000,167.000,125.000,800.000000
8973655.000000,1,143.000,167.000,200.000,166.000,125.000,801.000000
8975034.000000,1,143.000,167.000,190.000,167.000,125.000,792.000000
8976402.000000,1,143.000,166.000,132.000,167.000,125.000,733.000000
8977761.000000,1,143.000,167.000,200.000,166.000,125.000,801.000000
8979098.000000,1,143.000,109.000,147.000,167.000,125.000,691.000000
8980469.000000,1,143.000,174.000,132.000,167.000,125.000,741.000000
8981830.000000,1,142.000,166.000,200.000,166.000,125.000,799.000000
8983175.000000,1,143.000,167.000,200.000,167.000,125.000,802.000000
8984520.000000,1,143.000,167.000,200.000,167.000,125.000,802.000000
8985895.000000,1,143.000,166.000,163.000,173.000,125.000,770.000000
8987228.000000,1,143.000,167.000,200.000,166.000,125.000,801.000000
8988648.000000,1,143.000,167.000,200.000,167.000,125.000,802.000000
8990048.000000,1,143.000,166.000,159.000,167.000,125.000,760.000000
8991492.000000,2,35.000,41.000,3.000,41.000,31.000,151.000000
8992929.000000,2,0.000,0.000,0.000,0.000,0.000,0.000000
8994358.000000,2,1.000,0.000,63.000,31.000,0.000,95.000000
8995777.000000,2,0.000,0.000,83.000,33.000,0.000,116.000000
8997190.000000,2,0.000,0.000,0.000,56.000,0.000,56.000000
8998601.000000,2,2.000,0.000,11.000,121.000,0.000,134.000000
9000016.000000,2,0.000,0.000,0.000,0.000,0.000,0.000000
9001433.000000,2,0.000,0.000,0.000,0.000,0.000,0.000000
9002862.000000,2,1.000,0.000,46.000,0.000,0.000,47.000000
9004293.000000,2,1.000,4.000,143.000,72.000,0.000,220.000000
9005712.000000,2,0.000,4.000,10.000,143.000,4.000,161.000000
9007140.000000,2,1.000,0.000,0.000,58.000,0.000,59.000000
9008573.000000,2,0.000,0.000,0.000,0.000,0.000,0.000000
9009972.000000,2,1.000,0.000,0.000,4.000,0.000,5.000000
9011380.000000,2,0.000,0.000,0.000,0.000,0.000,0.000000
9012798.000000,2,2.000,66.000,0.000,7.000,0.000,75.000000
9014219.000000,2,0.000,0.000,0.000,0.000,0.000,0.000000
9015622.000000,2,0.000,0.000,0.000,0.000,0.000,0.000000
9017021.000000,2,0.000,0.000,0.000,0.000,0.000,0.000000
9018423.000000,2,0.000,0.000,0.000,0.000,0.000,0.000000
9019817.000000,2,1.000,0.000,0.000,11.000,0.000,12.000000
9021229.000000,2,0.000,19.000,0.000,64.000,0.000,83.000000
9022636.000000,2,1.000,4.000,0.000,68.000,0.000,73.000000
9024042.000000,2,0.000,0.000,0.000,0.000,0.000,0.000000
9025460.000000,2,2.000,0.000,0.000,8.000,0.000,10.000000
9026867.000000,2,0.000,0.000,0.000,0.000,0.000,0.000000
9028260.000000,2,0.000,0.000,0.000,0.000,0.000,0.000000
9029676.000000,2,1.000,0.000,0.000,23.000,0.000,24.000000
9031082.000000,2,0.000,0.000,0.000,0.000,0.000,0.000000
9032494.000000,2,0.000,0.000,0.000,0.000,0.000,0.000000
9033908.000000,2,0.000,0.000,0.000,70.000,0.000,70.000000
9035312.000000,2,3.000,0.000,4.000,90.000,0.000,97.000000
9036725.000000,2,2.000,0.000,0.000,51.000,0.000,53.000000
9038138.000000,2,0.000,0.000,0.000,106.000,0.000,106.000000
9039562.000000,2,1.000,0.000,4.000,99.000,0.000,104.000000
9040960.000000,2,0.000,0.000,0.000,92.000,0.000,92.000000
9042375.000000,2,1.000,0.000,0.000,42.000,0.000,43.000000
9043793.000000,2,2.000,0.000,0.000,152.000,12.000,166.000000
9045189.000000,2,0.000,0.000,0.000,3.000,0.000,3.000000
9046586.000000,2,2.000,0.000,0.000,77.000,0.000,79.000000
9047996.000000,2,1.000,0.000,0.000,128.000,0.000,129.000000
9049391.000000,2,0.000,0.000,0.000,143.000,0.000,143.000000
9050812.000000,2,0.000,0.000,0.000,143.000,0.000,143.000000
9052216.000000,2,0.000,0.000,16.000,141.000,8.000,165.000000
9053630.000000,2,0.000,0.000,0.000,32.000,0.000,32.000000
9055050.000000,2,2.000,0.000,17.000,0.000,0.000,19.000000
9056464.000000,2,2.000,0.000,0.000,45.000,0.000,47.000000
9057859.000000,2,1.000,0.000,0.000,88.000,0.000,89.000000
9059267.000000,2,1.000,0.000,0.000,43.000,0.000,44.000000
9060675.000000,2,2.000,0.000,53.000,74.000,0.000,129.000000
9062097.000000,2,1.000,0.000,24.000,52.000,0.000,77.000000
9063515.000000,2,1.000,0.000,0.000,132.000,0.000,133.000000
9064914.000000,2,1.000,0.000,0.000,93.000,0.000,94.000000
9066312.000000,2,0.000,0.000,0.000,0.000,0.000,0.000000
9067720.000000,2,1.000,0.000,0.000,5.000,0.000,6.000000
9069109.000000,2,1.000,0.000,0.000,110.000,0.000,111.000000
9070519.000000,2,0.000,0.000,0.000,7.000,0.000,7.000000
9071921.000000,2,2.000,0.000,0.000,115.000,30.000,147.000000
9073342.000000,2,0.000,0.000,0.000,143.000,0.000,143.000000
9074732.000000,2,0.000,0.000,0.000,142.000,0.000,142.000000
9076123.000000,2,0.000,0.000,0.000,107.000,0.000,107.000000
9077521.000000,2,2.000,0.000,14.000,24.000,0.000,40.000000
9078891.000000,2,1.000,0.000,54.000,0.000,0.000,55.000000
9080289.000000,2,93.000,40.000,11.000,0.000,0.000,144.000000
9081696.000000,2,92.000,0.000,0.000,18.000,0.000,110.000000
9083094.000000,2,101.000,1.000,18.000,0.000,0.000,120.000000
9084487.000000,2,87.000,48.000,20.000,0.000,0.000,155.000000
9085893.000000,2,61.000,0.000,0.000,0.000,0.000,61.000000
9087301.000000,2,0.000,0.000,0.000,0.000,0.000,0.000000
9088722.000000,2,0.000,0.000,0.000,0.000,0.000,0.000000
9090114.000000,2,3.000,0.000,18.000,0.000,0.000,21.000000
9091524.000000,2,1.000,0.000,11.000,0.000,0.000,12.000000
9092933.000000,2,29.000,14.000,0.000,0.000,0.000,43.000000
9094346.000000,2,88.000,0.000,0.000,0.000,0.000,88.000000
9095735.000000,2,83.000,0.000,0.000,11.000,0.000,94.000000
9097145.000000,2,103.000,0.000,0.000,0.000,0.000,103.000000
9098543.000000,2,86.000,52.000,27.000,0.000,0.000,165.000000
9099954.000000,2,93.000,0.000,0.000,66.000,0.000,159.000000
9101363.000000,2,93.000,4.000,24.000,28.000,0.000,149.000000
9102764.000000,2,111.000,0.000,10.000,16.000,0.000,137.000000
9104149.000000,2,59.000,0.000,0.000,48.000,0.000,107.000000
9105552.000000,2,9.000,6.000,43.000,22.000,0.000,80.000000
9106981.000000,2,1.000,0.000,0.000,25.000,0.000,26.000000
9108386.000000,2,0.000,0.000,0.000,0.000,0.000,0.000000
9109705.000000,2,1.000,0.000,0.000,19.000,0.000,20.000000
9110898.000000,2,0.000,0.000,10.000,0.000,0.000,10.000000
9112127.000000,3,0.000,0.000,0.000,14.000,139.000,153.000000
9113312.000000,3,1.000,0.000,0.000,129.000,200.000,330.000000
9114462.000000,3,0.000,0.000,0.000,95.000,197.000,292.000000
9115652.000000,3,0.000,0.000,0.000,0.000,167.000,167.000000
9116823.000000,3,0.000,0.000,0.000,0.000,166.000,166.000000
9117991.000000,3,0.000,0.000,0.000,0.000,167.000,167.000000
9119159.000000,3,1.000,0.000,0.000,80.000,76.000,157.000000
9120364.000000,3,0.000,0.000,0.000,125.000,167.000,292.000000
9121581.000000,3,0.000,0.000,0.000,0.000,166.000,166.000000
9122833.000000,3,0.000,0.000,0.000,0.000,167.000,167.000000
9124067.000000,3,0.000,0.000,0.000,0.000,167.000,167.000000
9125338.000000,3,0.000,0.000,9.000,9.000,166.000,184.000000
9126586.000000,3,0.000,24.000,0.000,0.000,167.000,191.000000
9127883.000000,3,1.000,13.000,0.000,47.000,167.000,228.000000
9129315.000000,3,0.000,0.000,15.000,124.000,166.000,305.000000
9130738.000000,3,0.000,0.000,0.000,0.000,167.000,167.000000
9132173.000000,3,1.000,0.000,0.000,0.000,124.000,125.000000
9133590.000000,3,0.000,0.000,0.000,17.000,26.000,43.000000
9134992.000000,3,1.000,5.000,0.000,53.000,167.000,226.000000
9136417.000000,3,1.000,19.000,0.000,1.000,167.000,188.000000
9137834.000000,3,0.000,0.000,0.000,0.000,166.000,166.000000
9139274.000000,3,0.000,0.000,0.000,0.000,167.000,167.000000
9140694.000000,3,0.000,0.000,0.000,0.000,167.000,167.000000
9142099.000000,3,0.000,0.000,0.000,26.000,166.000,192.000000
9143507.000000,3,0.000,0.000,0.000,29.000,167.000,196.000000
9144928.000000,3,0.000,0.000,0.000,0.000,167.000,167.000000
9146315.000000,3,0.000,0.000,0.000,0.000,166.000,166.000000
9147706.000000,3,0.000,0.000,0.000,0.000,167.000,167.000000
9149116.000000,3,0.000,0.000,0.000,0.000,167.000,167.000000
9150504.000000,3,0.000,0.000,0.000,0.000,166.000,166.000000
9151905.000000,3,0.000,0.000,0.000,0.000,189.000,189.000000
9153292.000000,3,0.000,0.000,0.000,0.000,200.000,200.000000
9154696.000000,3,0.000,0.000,0.000,0.000,200.000,200.000000
9156094.000000,3,0.000,0.000,0.000,0.000,200.000,200.000000
9157498.000000,3,0.000,0.000,0.000,0.000,200.000,200.000000
9158918.000000,3,1.000,0.000,0.000,35.000,123.000,159.000000
9160355.000000,3,2.000,0.000,0.000,17.000,124.000,143.000000
9161780.000000,3,0.000,0.000,0.000,0.000,200.000,200.000000
9163198.000000,3,0.000,0.000,0.000,0.000,200.000,200.000000
9164597.000000,3,1.000,0.000,0.000,13.000,200.000,214.000000
9166008.000000,3,0.000,0.000,0.000,0.000,200.000,200.000000
9167424.000000,3,0.000,0.000,5.000,80.000,200.000,285.000000
9168827.000000,3,0.000,0.000,54.000,0.000,200.000,254.000000
9170247.000000,3,0.000,0.000,0.000,0.000,200.000,200.000000
9171682.000000,3,0.000,0.000,0.000,0.000,200.000,200.000000
9173093.000000,3,0.000,0.000,0.000,0.000,51.000,51.000000
9174509.000000,3,0.000,0.000,0.000,47.000,178.000,225.000000
9175908.000000,3,0.000,0.000,0.000,0.000,193.000,193.000000
9177302.000000,3,0.000,0.000,0.000,0.000,167.000,167.000000
9178719.000000,3,0.000,0.000,0.000,0.000,166.000,166.000000
9180155.000000,3,0.000,0.000,0.000,0.000,167.000,167.000000
9181581.000000,3,0.000,0.000,0.000,0.000,167.000,167.000000
9182981.000000,3,1.000,0.000,0.000,11.000,166.000,178.000000
9184399.000000,3,0.000,0.000,0.000,0.000,167.000,167.000000
9185821.000000,3,0.000,0.000,0.000,0.000,166.000,166.000000
9187233.000000,3,0.000,0.000,0.000,0.000,167.000,167.000000
9188618.000000,3,0.000,0.000,0.000,0.000,167.000,167.000000
9190020.000000,3,0.000,0.000,0.000,0.000,166.000,166.000000
9191415.000000,3,0.000,0.000,0.000,0.000,167.000,167.000000
9192845.000000,3,0.000,0.000,0.000,4.000,167.000,171.000000
9194243.000000,3,0.000,0.000,0.000,0.000,166.000,166.000000
9195655.000000,3,61.000,0.000,0.000,0.000,167.000,228.000000
9197054.000000,3,54.000,0.000,0.000,0.000,167.000,221.000000
9198459.000000,3,0.000,0.000,7.000,0.000,166.000,173.000000
9199881.000000,3,0.000,0.000,0.000,0.000,167.000,167.000000
9201294.000000,3,0.000,0.000,0.000,0.000,167.000,167.000000
9202692.000000,3,0.000,0.000,30.000,0.000,166.000,196.000000
9204072.000000,3,0.000,0.000,0.000,0.000,167.000,167.000000
9205486.000000,3,0.000,0.000,0.000,0.000,167.000,167.000000
9206883.000000,3,0.000,0.000,0.000,0.000,166.000,166.000000
9208293.000000,3,0.000,0.000,0.000,0.000,167.000,167.000000
9209695.000000,3,7.000,0.000,0.000,0.000,167.000,174.000000
9211090.000000,3,126.000,0.000,0.000,0.000,166.000,292.000000
9212498.000000,3,125.000,0.000,0.000,0.000,167.000,292.000000
9213910.000000,3,125.000,0.000,0.000,0.000,167.000,292.000000
9215317.000000,3,125.000,0.000,0.000,0.000,166.000,291.000000
9216725.000000,3,125.000,0.000,0.000,0.000,150.000,275.000000
9218104.000000,3,125.000,0.000,0.000,0.000,191.000,316.000000
9219507.000000,3,52.000,0.000,0.000,0.000,167.000,219.000000
9220915.000000,3,0.000,0.000,0.000,0.000,167.000,167.000000
9222333.000000,3,0.000,0.000,0.000,0.000,176.000,176.000000
9223749.000000,3,0.000,0.000,0.000,0.000,200.000,200.000000
9225160.000000,3,0.000,0.000,0.000,0.000,176.000,176.000000
9226589.000000,3,0.000,0.000,0.000,0.000,167.000,167.000000
9228006.000000,3,0.000,0.000,0.000,0.000,167.000,167.000000
9229435.000000,3,0.000,0.000,0.000,0.000,166.000,166.000000
9230870.000000,3,0.000,0.000,0.000,0.000,167.000,167.000000
9232283.000000,3,0.000,0.000,0.000,0.000,167.000,167.000000
9233675.000000,3,0.000,0.000,0.000,0.000,166.000,166.000000
9235098.000000,3,0.000,0.000,0.000,0.000,167.000,167.000000
9236513.000000,4,0.000,42.000,27.000,0.000,133.000,202.000000
9237905.000000,4,0.000,200.000,125.000,0.000,0.000,325.000000
9239309.000000,4,0.000,109.000,160.000,25.000,0.000,294.000000
9240742.000000,4,0.000,73.000,91.000,40.000,0.000,204.000000
9242182.000000,4,0.000,0.000,34.000,167.000,0.000,201.000000
9243598.000000,4,97.000,79.000,98.000,0.000,0.000,274.000000
9244994.000000,4,200.000,127.000,0.000,0.000,0.000,327.000000
9246413.000000,4,105.000,140.000,0.000,0.000,0.000,245.000000
9247825.000000,4,0.000,200.000,0.000,0.000,0.000,200.000000
9249210.000000,4,0.000,200.000,0.000,0.000,0.000,200.000000
9250609.000000,4,52.000,125.000,27.000,15.000,0.000,219.000000
9251999.000000,4,154.000,118.000,108.000,67.000,0.000,447.000000
9253395.000000,4,1.000,22.000,180.000,77.000,0.000,280.000000
9254813.000000,4,0.000,186.000,104.000,10.000,0.000,300.000000
9256219.000000,4,0.000,157.000,38.000,7.000,0.000,202.000000
9257629.000000,4,0.000,0.000,0.000,200.000,0.000,200.000000
9259029.000000,4,0.000,86.000,54.000,62.000,0.000,202.000000
9260451.000000,4,161.000,75.000,73.000,0.000,0.000,309.000000
9261842.000000,4,179.000,51.000,27.000,32.000,0.000,289.000000
9263265.000000,4,0.000,76.000,77.000,97.000,0.000,250.000000
9264678.000000,4,0.000,0.000,0.000,200.000,0.000,200.000000
9266109.000000,4,113.000,51.000,47.000,53.000,0.000,264.000000
9267550.000000,4,200.000,91.000,81.000,68.000,0.000,440.000000
9268969.000000,4,200.000,31.000,36.000,0.000,0.000,267.000000
9270400.000000,4,128.000,74.000,0.000,0.000,0.000,202.000000
9271813.000000,4,156.000,40.000,11.000,8.000,0.000,215.000000
9273201.000000,4,0.000,200.000,103.000,0.000,0.000,303.000000
9274606.000000,4,0.000,200.000,76.000,32.000,0.000,308.000000
9275992.000000,4,0.000,200.000,0.000,10.000,0.000,210.000000
9277395.000000,4,0.000,200.000,22.000,0.000,0.000,222.000000
9278808.000000,4,183.000,18.000,30.000,110.000,0.000,341.000000
9280202.000000,4,120.000,82.000,45.000,138.000,15.000,400.000000
9281612.000000,4,200.000,67.000,113.000,125.000,0.000,505.000000
9283013.000000,4,200.000,28.000,111.000,129.000,0.000,468.000000
9284431.000000,4,172.000,0.000,16.000,29.000,0.000,217.000000
9285828.000000,4,167.000,1.000,0.000,66.000,0.000,234.000000
9287236.000000,4,167.000,0.000,0.000,0.000,0.000,167.000000
9288654.000000,4,135.000,43.000,0.000,25.000,0.000,203.000000
9290065.000000,4,200.000,1.000,53.000,19.000,0.000,273.000000
9291489.000000,4,187.000,26.000,79.000,0.000,0.000,292.000000
9292919.000000,4,169.000,15.000,29.000,0.000,0.000,213.000000
9294369.000000,4,200.000,1.000,40.000,0.000,0.000,241.000000
9295781.000000,4,200.000,0.000,0.000,65.000,0.000,265.000000
9297208.000000,4,179.000,0.000,0.000,44.000,0.000,223.000000
9298622.000000,4,167.000,1.000,32.000,0.000,0.000,200.000000
9300064.000000,4,102.000,98.000,0.000,0.000,0.000,200.000000
9301473.000000,4,200.000,55.000,63.000,0.000,0.000,318.000000
9302888.000000,4,200.000,17.000,113.000,0.000,0.000,330.000000
9304303.000000,4,180.000,21.000,104.000,3.000,0.000,308.000000
9305741.000000,4,72.000,129.000,4.000,10.000,0.000,215.000000
9307153.000000,4,194.000,43.000,72.000,0.000,0.000,309.000000
9308565.000000,4,167.000,0.000,69.000,0.000,0.000,236.000000
9309996.000000,4,167.000,1.000,0.000,91.000,0.000,259.000000
9311385.000000,4,167.000,0.000,5.000,125.000,0.000,297.000000
9312796.000000,4,166.000,38.000,79.000,125.000,0.000,408.000000
9314189.000000,4,167.000,39.000,87.000,125.000,0.000,418.000000
9315599.000000,4,167.000,0.000,74.000,125.000,0.000,366.000000
9317007.000000,4,166.000,0.000,124.000,125.000,0.000,415.000000
9318414.000000,4,167.000,0.000,111.000,125.000,0.000,403.000000
9319831.000000,4,167.000,0.000,88.000,125.000,0.000,380.000000
9321245.000000,4,150.000,61.000,27.000,79.000,0.000,317.000000
9322651.000000,4,138.000,63.000,0.000,0.000,0.000,201.000000
9324066.000000,4,196.000,7.000,12.000,4.000,0.000,219.000000
9325464.000000,4,154.000,35.000,0.000,0.000,0.000,189.000000
9326841.000000,4,183.000,0.000,0.000,0.000,0.000,183.000000
9328250.000000,4,167.000,0.000,0.000,0.000,0.000,167.000000
9329662.000000,4,96.000,72.000,16.000,0.000,0.000,184.000000
9331053.000000,4,169.000,16.000,0.000,0.000,0.000,185.000000
9332455.000000,4,148.000,0.000,0.000,0.000,0.000,148.000000
9333844.000000,4,162.000,7.000,0.000,37.000,0.000,206.000000
9335260.000000,4,0.000,59.000,76.000,58.000,0.000,193.000000
9336656.000000,4,177.000,25.000,0.000,0.000,0.000,202.000000
9338056.000000,4,188.000,0.000,0.000,0.000,0.000,188.000000
9339440.000000,4,167.000,10.000,11.000,0.000,0.000,188.000000
9340852.000000,4,89.000,106.000,0.000,0.000,0.000,195.000000
9342256.000000,4,167.000,0.000,0.000,0.000,0.000,167.000000
9343638.000000,4,167.000,0.000,0.000,0.000,0.000,167.000000
9345038.000000,4,166.000,0.000,0.000,0.000,0.000,166.000000
9346426.000000,4,167.000,0.000,0.000,0.000,0.000,167.000000
9347832.000000,4,167.000,0.000,0.000,0.000,0.000,167.000000
9349249.000000,4,166.000,0.000,0.000,0.000,0.000,166.000000
9350657.000000,4,167.000,0.000,0.000,0.000,0.000,167.000000
9352051.000000,4,167.000,0.000,0.000,0.000,0.000,167.000000
9353473.000000,4,166.000,28.000,0.000,0.000,0.000,194.000000
9354889.000000,4,167.000,0.000,0.000,0.000,0.000,167.000000
9356319.000000,4,167.000,0.000,0.000,0.000,0.000,167.000000
9357727.000000,4,166.000,0.000,0.000,0.000,0.000,166.000000
9359137.000000,4,167.000,18.000,6.000,0.000,0.000,191.000000
9360533.000000,4,167.000,0.000,0.000,0.000,0.000,167.000000
9361912.000000,4,167.000,0.000,0.000,0.000,0.000,167.000000
9363305.000000,4,166.000,0.000,0.000,0.000,0.000,166.000000
9364690.000000,4,167.000,0.000,0.000,0.000,0.000,167.000000
9366093.000000,4,167.000,0.000,0.000,0.000,0.000,167.000000
9367465.000000,5,166.000,0.000,0.000,43.000,36.000,245.000000
9368866.000000,5,167.000,0.000,0.000,200.000,166.000,533.000000
9370263.000000,5,167.000,0.000,0.000,200.000,167.000,534.000000
9371660.000000,5,166.000,0.000,0.000,200.000,167.000,533.000000
9373103.000000,5,167.000,17.000,0.000,200.000,166.000,550.000000
9374515.000000,5,167.000,21.000,12.000,200.000,167.000,567.000000
9375911.000000,5,166.000,0.000,0.000,200.000,167.000,533.000000
9377309.000000,5,167.000,0.000,0.000,200.000,166.000,533.000000
9378710.000000,5,167.000,0.000,0.000,200.000,167.000,534.000000
9380133.000000,5,166.000,0.000,0.000,200.000,167.000,533.000000
9381496.000000,5,125.000,52.000,0.000,200.000,166.000,543.000000
9382875.000000,5,184.000,21.000,0.000,200.000,167.000,572.000000
9384252.000000,5,200.000,0.000,0.000,200.000,167.000,567.000000
9385657.000000,5,200.000,0.000,0.000,200.000,166.000,566.000000
9387052.000000,5,200.000,0.000,0.000,200.000,167.000,567.000000
9388440.000000,5,70.000,131.000,0.000,165.000,167.000,533.000000
9389814.000000,5,16.000,186.000,0.000,125.000,166.000,493.000000
9391215.000000,5,200.000,0.000,15.000,200.000,167.000,582.000000
9392581.000000,5,200.000,0.000,78.000,200.000,167.000,645.000000
9393954.000000,5,200.000,0.000,0.000,200.000,166.000,566.000000
9395327.000000,5,200.000,0.000,0.000,200.000,167.000,567.000000
9396707.000000,5,79.000,121.000,0.000,69.000,167.000,436.000000
9398042.000000,5,0.000,200.000,0.000,89.000,166.000,455.000000
9399358.000000,5,0.000,200.000,0.000,200.000,167.000,567.000000
9400732.000000,5,42.000,160.000,0.000,200.000,167.000,569.000000
9402111.000000,5,200.000,0.000,0.000,53.000,166.000,419.000000
9403479.000000,5,200.000,0.000,0.000,160.000,167.000,527.000000
9404851.000000,5,200.000,0.000,12.000,200.000,167.000,579.000000
9406199.000000,5,188.000,0.000,0.000,200.000,166.000,554.000000
9407538.000000,5,166.000,0.000,0.000,200.000,167.000,533.000000
9408896.000000,5,167.000,0.000,98.000,104.000,167.000,536.000000
9410257.000000,5,115.000,70.000,0.000,57.000,166.000,408.000000
9411625.000000,5,200.000,0.000,0.000,146.000,167.000,513.000000
9413014.000000,5,183.000,0.000,0.000,92.000,167.000,442.000000
9414390.000000,5,166.000,0.000,0.000,200.000,166.000,532.000000
9415767.000000,5,167.000,0.000,0.000,68.000,167.000,402.000000
9417124.000000,5,167.000,0.000,0.000,200.000,167.000,534.000000
9418491.000000,5,166.000,2.000,0.000,200.000,166.000,534.000000
9419862.000000,5,167.000,0.000,0.000,43.000,167.000,377.000000
9421228.000000,5,167.000,0.000,0.000,159.000,167.000,493.000000
9422598.000000,5,166.000,0.000,0.000,200.000,166.000,532.000000
9423994.000000,5,167.000,0.000,0.000,200.000,167.000,534.000000
9425428.000000,5,167.000,0.000,0.000,200.000,167.000,534.000000
9426925.000000,5,166.000,0.000,0.000,200.000,166.000,532.000000
9428442.000000,5,167.000,0.000,0.000,200.000,167.000,534.000000
9429898.000000,5,167.000,0.000,0.000,136.000,167.000,470.000000
9431297.000000,5,166.000,0.000,0.000,63.000,166.000,395.000000
9432651.000000,5,132.000,37.000,39.000,104.000,167.000,479.000000
9434036.000000,5,147.000,22.000,0.000,44.000,167.000,380.000000
9435415.000000,5,167.000,0.000,0.000,200.000,166.000,533.000000
9436823.000000,5,166.000,0.000,0.000,200.000,167.000,533.000000
9438155.000000,5,167.000,0.000,0.000,200.000,167.000,534.000000
9439553.000000,5,167.000,0.000,0.000,111.000,166.000,444.000000
9440924.000000,5,166.000,0.000,0.000,157.000,167.000,490.000000
9442298.000000,5,167.000,0.000,0.000,44.000,167.000,378.000000
9443669.000000,5,167.000,0.000,0.000,144.000,166.000,477.000000
9445145.000000,5,166.000,0.000,28.000,200.000,167.000,561.000000
9446670.000000,5,167.000,0.000,0.000,177.000,167.000,511.000000
9448187.000000,5,118.000,55.000,11.000,76.000,166.000,426.000000
9449700.000000,5,166.000,116.000,91.000,56.000,115.000,544.000000
9451093.000000,5,167.000,18.000,54.000,160.000,152.000,551.000000
9452466.000000,5,167.000,86.000,30.000,144.000,127.000,554.000000
9453854.000000,5,166.000,51.000,0.000,200.000,167.000,584.000000
9455195.000000,5,167.000,20.000,0.000,160.000,159.000,506.000000
9456536.000000,5,167.000,0.000,0.000,135.000,143.000,445.000000
9457896.000000,5,166.000,4.000,28.000,175.000,143.000,516.000000
9459274.000000,5,167.000,0.000,66.000,144.000,156.000,533.000000
9460640.000000,5,167.000,0.000,0.000,200.000,167.000,534.000000
9462011.000000,5,151.000,30.000,0.000,50.000,159.000,390.000000
9463378.000000,5,167.000,0.000,0.000,187.000,143.000,497.000000
9464778.000000,5,167.000,0.000,0.000,200.000,143.000,510.000000
9466297.000000,5,167.000,17.000,3.000,200.000,143.000,530.000000
9467829.000000,5,167.000,88.000,61.000,152.000,74.000,542.000000
9469354.000000,5,166.000,55.000,64.000,140.000,120.000,545.000000
9470776.000000,5,167.000,0.000,0.000,200.000,142.000,509.000000
9472138.000000,5,167.000,27.000,155.000,78.000,90.000,517.000000
9473519.000000,5,166.000,0.000,10.000,133.000,138.000,447.000000
9474875.000000,5,167.000,0.000,0.000,103.000,143.000,413.000000
9476244.000000,5,167.000,0.000,0.000,200.000,142.000,509.000000
9477597.000000,5,166.000,0.000,26.000,175.000,143.000,510.000000
9478994.000000,5,167.000,0.000,101.000,100.000,143.000,511.000000
9480387.000000,5,167.000,0.000,0.000,200.000,143.000,510.000000
9481748.000000,5,166.000,0.000,0.000,200.000,143.000,509.000000
9483119.000000,5,167.000,0.000,0.000,200.000,143.000,510.000000
9484476.000000,5,167.000,20.000,107.000,76.000,143.000,513.000000
9485855.000000,6,185.000,42.000,34.000,14.000,156.000,431.000000
9487227.000000,6,200.000,0.000,0.000,0.000,166.000,366.000000
9488589.000000,6,200.000,0.000,0.000,0.000,167.000,367.000000
9489978.000000,6,200.000,0.000,0.000,0.000,167.000,367.000000
9491341.000000,6,200.000,0.000,0.000,0.000,166.000,366.000000
9492716.000000,6,200.000,0.000,0.000,0.000,167.000,367.000000
9494089.000000,6,200.000,0.000,0.000,37.000,131.000,368.000000
9495460.000000,6,200.000,0.000,0.000,8.000,160.000,368.000000
9496810.000000,6,200.000,0.000,8.000,0.000,167.000,375.000000
9498156.000000,6,200.000,18.000,4.000,1.000,167.000,390.000000
9499547.000000,6,200.000,110.000,0.000,0.000,166.000,476.000000
9500901.000000,6,200.000,94.000,0.000,0.000,167.000,461.000000
9502291.000000,6,200.000,0.000,0.000,0.000,167.000,367.000000
9503674.000000,6,200.000,17.000,0.000,0.000,166.000,383.000000
9505037.000000,6,200.000,57.000,5.000,1.000,167.000,430.000000
9506436.000000,6,200.000,10.000,0.000,0.000,166.000,376.000000
9507799.000000,6,200.000,0.000,0.000,0.000,167.000,367.000000
9509170.000000,6,200.000,0.000,0.000,0.000,167.000,367.000000
9510542.000000,6,200.000,0.000,0.000,0.000,166.000,366.000000
9511929.000000,6,200.000,0.000,0.000,0.000,167.000,367.000000
9513283.000000,6,200.000,0.000,0.000,0.000,167.000,367.000000
9514664.000000,6,200.000,0.000,0.000,0.000,166.000,366.000000
9516053.000000,6,200.000,0.000,0.000,0.000,167.000,367.000000
9517409.000000,6,200.000,0.000,0.000,0.000,167.000,367.000000
9518756.000000,6,200.000,0.000,0.000,0.000,166.000,366.000000
9520152.000000,6,200.000,0.000,0.000,0.000,167.000,367.000000
9521520.000000,6,200.000,13.000,0.000,0.000,167.000,380.000000
9522916.000000,6,200.000,0.000,0.000,0.000,103.000,303.000000
9524289.000000,6,200.000,0.000,0.000,0.000,166.000,366.000000
9525663.000000,6,200.000,0.000,85.000,0.000,189.000,474.000000
9527046.000000,6,200.000,78.000,50.000,0.000,200.000,528.000000
9528396.000000,6,201.000,26.000,0.000,1.000,200.000,428.000000
9529797.000000,6,200.000,0.000,0.000,0.000,200.000,400.000000
9531167.000000,6,199.000,0.000,1.000,1.000,199.000,400.000000
9532527.000000,6,200.000,0.000,0.000,0.000,200.000,400.000000
9533886.000000,6,200.000,0.000,0.000,0.000,200.000,400.000000
9535263.000000,6,200.000,0.000,0.000,0.000,200.000,400.000000
9536632.000000,6,200.000,0.000,0.000,0.000,200.000,400.000000
9538008.000000,6,200.000,0.000,0.000,0.000,200.000,400.000000
9539399.000000,6,183.000,0.000,0.000,0.000,200.000,383.000000
9540779.000000,6,167.000,64.000,0.000,0.000,200.000,431.000000
9542128.000000,6,167.000,16.000,0.000,0.000,200.000,383.000000
9543473.000000,6,166.000,0.000,0.000,0.000,200.000,366.000000
9544852.000000,6,167.000,0.000,0.000,0.000,200.000,367.000000
9546219.000000,6,167.000,0.000,0.000,0.000,200.000,367.000000
9547583.000000,6,166.000,0.000,0.000,0.000,200.000,366.000000
9548966.000000,6,167.000,8.000,0.000,0.000,200.000,375.000000
9550337.000000,6,167.000,0.000,0.000,0.000,200.000,367.000000
9551737.000000,6,166.000,3.000,0.000,0.000,200.000,369.000000
9553101.000000,6,167.000,0.000,0.000,0.000,200.000,367.000000
9554483.000000,6,167.000,0.000,0.000,0.000,200.000,367.000000
9555877.000000,6,166.000,0.000,0.000,0.000,200.000,366.000000
9557258.000000,6,167.000,0.000,0.000,0.000,200.000,367.000000
9558626.000000,6,167.000,0.000,0.000,0.000,200.000,367.000000
9559984.000000,6,166.000,0.000,0.000,0.000,200.000,366.000000
9561375.000000,6,167.000,0.000,0.000,0.000,200.000,367.000000
9562748.000000,6,167.000,0.000,0.000,0.000,200.000,367.000000
9564127.000000,6,166.000,0.000,0.000,0.000,200.000,366.000000
9565523.000000,6,167.000,0.000,0.000,0.000,200.000,367.000000
9566885.000000,6,167.000,0.000,0.000,0.000,177.000,344.000000
9568250.000000,6,166.000,0.000,0.000,0.000,167.000,333.000000
9569610.000000,6,167.000,0.000,0.000,0.000,166.000,333.000000
9570975.000000,6,167.000,0.000,0.000,0.000,167.000,334.000000
9572355.000000,6,166.000,1.000,1.000,0.000,166.000,334.000000
9573732.000000,6,167.000,0.000,0.000,0.000,167.000,334.000000
9575108.000000,6,167.000,0.000,0.000,74.000,105.000,346.000000
9576461.000000,6,166.000,0.000,0.000,0.000,188.000,354.000000
9577856.000000,6,167.000,0.000,0.000,0.000,167.000,334.000000
9579245.000000,6,167.000,0.000,0.000,0.000,167.000,334.000000
9580610.000000,6,166.000,0.000,0.000,0.000,166.000,332.000000
9581985.000000,6,165.000,22.000,0.000,0.000,167.000,354.000000
9583344.000000,6,193.000,9.000,1.000,0.000,167.000,370.000000
9584735.000000,6,167.000,0.000,0.000,75.000,118.000,360.000000
9586098.000000,6,167.000,0.000,0.000,0.000,167.000,334.000000
9587477.000000,6,166.000,0.000,0.000,0.000,166.000,332.000000
9588824.000000,6,167.000,0.000,0.000,0.000,167.000,334.000000
9600220.000000,6,167.000,0.000,0.000,0.000,167.000,334.000000
9611754.000000,6,166.000,0.000,0.000,0.000,166.000,332.000000
9623594.000000,6,167.000,0.000,0.000,0.000,167.000,334.000000
9635614.000000,6,167.000,0.000,0.000,0.000,167.000,334.000000
9647858.000000,6,166.000,0.000,0.000,0.000,166.000,332.000000
9659460.000000,6,167.000,0.000,0.000,0.000,167.000,334.000000
9665716.000000,6,167.000,0.000,0.000,0.000,167.000,334.000000
9667053.000000,6,166.000,0.000,0.000,0.000,166.000,332.000000
9668420.000000,6,167.000,0.000,0.000,0.000,167.000,334.000000
9669776.000000,6,167.000,0.000,0.000,0.000,167.000,334.000000
9671135.000000,6,166.000,0.000,0.000,0.000,166.000,332.000000
