8145095.000000,1,0.000,0.000,0.000,0.000,0.000,0.000000
8146511.000000,1,91.000,35.000,72.000,108.000,75.000,381.000000
8147897.000000,1,90.000,89.000,7.000,106.000,78.000,370.000000
8149296.000000,1,95.000,0.000,105.000,122.000,82.000,404.000000
8150677.000000,1,98.000,0.000,53.000,116.000,104.000,371.000000
8152061.000000,1,76.000,18.000,0.000,106.000,125.000,325.000000
8153428.000000,1,94.000,0.000,0.000,105.000,112.000,311.000000
8154784.000000,1,99.000,0.000,0.000,105.000,106.000,310.000000
8156205.000000,1,102.000,0.000,42.000,112.000,96.000,352.000000
8157593.000000,1,73.000,30.000,123.000,128.000,72.000,426.000000
8158962.000000,1,94.000,11.000,125.000,128.000,123.000,481.000000
8160377.000000,1,102.000,38.000,85.000,125.000,81.000,431.000000
8161762.000000,1,115.000,41.000,82.000,124.000,69.000,431.000000
8163168.000000,1,101.000,102.000,50.000,114.000,77.000,444.000000
8164628.000000,1,102.000,0.000,121.000,125.000,86.000,434.000000
8166024.000000,1,103.000,0.000,124.000,124.000,114.000,465.000000
8167446.000000,1,103.000,0.000,99.000,124.000,104.000,430.000000
8168863.000000,1,98.000,0.000,49.000,107.000,105.000,359.000000
8170248.000000,1,92.000,0.000,99.000,111.000,79.000,381.000000
8171643.000000,1,101.000,0.000,119.000,125.000,87.000,432.000000
8173049.000000,1,104.000,60.000,58.000,124.000,94.000,440.000000
8174427.000000,1,91.000,8.000,95.000,119.000,92.000,405.000000
8175945.000000,1,88.000,0.000,96.000,106.000,81.000,371.000000
8177313.000000,1,76.000,28.000,117.000,125.000,96.000,442.000000
8178677.000000,1,104.000,0.000,118.000,125.000,106.000,453.000000
8180085.000000,1,93.000,0.000,99.000,109.000,100.000,401.000000
8181490.000000,1,98.000,0.000,81.000,112.000,112.000,403.000000
8182926.000000,1,102.000,0.000,56.000,113.000,112.000,383.000000
8184337.000000,1,104.000,0.000,105.000,125.000,102.000,436.000000
8185738.000000,1,94.000,46.000,77.000,117.000,82.000,416.000000
8187123.000000,1,84.000,110.000,105.000,104.000,74.000,477.000000
8188509.000000,1,90.000,99.000,92.000,102.000,74.000,457.000000
8189909.000000,1,86.000,16.000,80.000,106.000,69.000,357.000000
8191312.000000,1,89.000,97.000,95.000,100.000,78.000,459.000000
8192701.000000,1,84.000,92.000,98.000,94.000,70.000,438.000000
8194080.000000,1,83.000,100.000,118.000,103.000,70.000,474.000000
8195449.000000,1,80.000,95.000,110.000,99.000,69.000,453.000000
8196806.000000,1,79.000,106.000,88.000,99.000,72.000,444.000000
8198162.000000,1,78.000,88.000,99.000,94.000,67.000,426.000000
8199525.000000,1,82.000,104.000,115.000,104.000,69.000,474.000000
8200871.000000,1,83.000,95.000,108.000,104.000,69.000,459.000000
8202230.000000,1,79.000,93.000,31.000,103.000,64.000,370.000000
8203592.000000,1,82.000,94.000,88.000,106.000,69.000,439.000000
8204953.000000,1,84.000,94.000,101.000,107.000,72.000,458.000000
8206322.000000,1,86.000,96.000,43.000,106.000,70.000,401.000000
8207688.000000,1,90.000,100.000,61.000,103.000,68.000,422.000000
8209054.000000,1,86.000,95.000,105.000,105.000,66.000,457.000000
8210402.000000,1,85.000,101.000,97.000,108.000,65.000,456.000000
8211771.000000,1,83.000,39.000,77.000,104.000,60.000,363.000000
8213149.000000,1,90.000,91.000,75.000,105.000,71.000,432.000000
8214543.000000,1,87.000,94.000,103.000,98.000,68.000,450.000000
8215901.000000,1,85.000,94.000,103.000,110.000,68.000,460.000000
8217293.000000,1,82.000,93.000,105.000,93.000,67.000,440.000000
8218675.000000,1,81.000,93.000,103.000,103.000,66.000,446.000000
8220041.000000,1,84.000,93.000,102.000,110.000,66.000,455.000000
8221396.000000,1,81.000,62.000,80.000,101.000,69.000,393.000000
8222751.000000,1,87.000,93.000,93.000,104.000,68.000,445.000000
8224120.000000,1,83.000,94.000,71.000,108.000,66.000,422.000000
8225489.000000,1,77.000,92.000,91.000,102.000,64.000,426.000000
8226870.000000,1,73.000,93.000,105.000,111.000,63.000,445.000000
8228253.000000,1,76.000,92.000,106.000,111.000,62.000,447.000000
8229630.000000,1,75.000,94.000,106.000,111.000,64.000,450.000000
8231006.000000,1,76.000,104.000,121.000,103.000,67.000,471.000000
8232380.000000,1,77.000,106.000,125.000,106.000,66.000,480.000000
8233753.000000,1,75.000,96.000,117.000,103.000,66.000,457.000000
8235128.000000,1,70.000,93.000,105.000,95.000,66.000,429.000000
8236492.000000,1,74.000,93.000,103.000,94.000,64.000,428.000000
8237859.000000,1,77.000,91.000,76.000,104.000,65.000,413.000000
8239228.000000,1,79.000,78.000,92.000,110.000,66.000,425.000000
8240629.000000,1,72.000,94.000,103.000,98.000,66.000,433.000000
8241994.000000,1,80.000,102.000,118.000,105.000,67.000,472.000000
8243358.000000,1,78.000,96.000,114.000,102.000,64.000,454.000000
8244740.000000,1,80.000,95.000,106.000,107.000,65.000,453.000000
8246132.000000,1,79.000,94.000,106.000,102.000,64.000,445.000000
8247497.000000,1,78.000,104.000,124.000,105.000,65.000,476.000000
8248890.000000,1,75.000,93.000,112.000,103.000,65.000,448.000000
8250257.000000,1,77.000,95.000,76.000,107.000,74.000,429.000000
8251626.000000,1,76.000,94.000,112.000,108.000,67.000,457.000000
8253006.000000,1,79.000,61.000,82.000,118.000,68.000,408.000000
8254380.000000,1,75.000,95.000,71.000,111.000,70.000,422.000000
8255750.000000,1,77.000,96.000,110.000,103.000,69.000,455.000000
8257126.000000,1,78.000,108.000,110.000,103.000,71.000,470.000000
8258496.000000,1,78.000,110.000,113.000,100.000,71.000,472.000000
8259869.000000,1,78.000,106.000,92.000,107.000,71.000,454.000000
8261242.000000,1,79.000,103.000,116.000,102.000,72.000,472.000000
8262618.000000,1,79.000,91.000,120.000,102.000,72.000,464.000000
8263992.000000,1,76.000,94.000,85.000,101.000,70.000,426.000000
8265362.000000,2,18.000,23.000,1.000,25.000,17.000,84.000000
8266748.000000,2,0.000,0.000,0.000,0.000,0.000,0.000000
8268141.000000,2,1.000,0.000,24.000,14.000,0.000,39.000000
8269535.000000,2,0.000,0.000,35.000,16.000,0.000,51.000000
8270904.000000,2,0.000,0.000,0.000,26.000,0.000,26.000000
8272275.000000,2,2.000,0.000,4.000,57.000,0.000,63.000000
8273650.000000,2,0.000,0.000,0.000,0.000,0.000,0.000000
8275018.000000,2,0.000,0.000,0.000,0.000,0.000,0.000000
8276392.000000,2,1.000,0.000,18.000,0.000,0.000,19.000000
8277761.000000,2,1.000,2.000,62.000,32.000,0.000,97.000000
8279131.000000,2,0.000,2.000,4.000,73.000,2.000,81.000000
8280500.000000,2,1.000,0.000,0.000,29.000,0.000,30.000000
8281869.000000,2,0.000,0.000,0.000,0.000,0.000,0.000000
8283229.000000,2,1.000,0.000,0.000,2.000,0.000,3.000000
8284593.000000,2,0.000,0.000,0.000,0.000,0.000,0.000000
8285970.000000,2,2.000,30.000,0.000,2.000,0.000,34.000000
8287348.000000,2,0.000,0.000,0.000,0.000,0.000,0.000000
8288726.000000,2,0.000,0.000,0.000,0.000,0.000,0.000000
8290108.000000,2,0.000,0.000,0.000,0.000,0.000,0.000000
8291491.000000,2,0.000,0.000,0.000,0.000,0.000,0.000000
8292842.000000,2,1.000,0.000,0.000,5.000,0.000,6.000000
8294212.000000,2,0.000,7.000,0.000,27.000,0.000,34.000000
8295578.000000,2,1.000,2.000,0.000,29.000,0.000,32.000000
8296965.000000,2,0.000,0.000,0.000,0.000,0.000,0.000000
8298348.000000,2,2.000,0.000,0.000,3.000,0.000,5.000000
8299705.000000,2,0.000,0.000,0.000,0.000,0.000,0.000000
8301073.000000,2,0.000,0.000,0.000,0.000,0.000,0.000000
8302441.000000,2,1.000,0.000,0.000,10.000,0.000,11.000000
8303815.000000,2,0.000,0.000,0.000,0.000,0.000,0.000000
8305204.000000,2,0.000,0.000,0.000,0.000,0.000,0.000000
8306552.000000,2,0.000,0.000,0.000,34.000,0.000,34.000000
8307913.000000,2,3.000,0.000,2.000,44.000,0.000,49.000000
8309292.000000,2,2.000,0.000,0.000,22.000,0.000,24.000000
8310673.000000,2,0.000,0.000,0.000,49.000,0.000,49.000000
8312033.000000,2,1.000,0.000,2.000,47.000,0.000,50.000000
8313418.000000,2,0.000,0.000,0.000,44.000,0.000,44.000000
8314811.000000,2,1.000,0.000,0.000,20.000,0.000,21.000000
8316176.000000,2,2.000,0.000,0.000,76.000,6.000,84.000000
8317530.000000,2,0.000,0.000,0.000,2.000,0.000,2.000000
8318895.000000,2,2.000,0.000,0.000,35.000,0.000,37.000000
8320279.000000,2,1.000,0.000,0.000,63.000,0.000,64.000000
8321641.000000,2,0.000,0.000,0.000,71.000,0.000,71.000000
8323012.000000,2,0.000,0.000,0.000,70.000,0.000,70.000000
8324395.000000,2,0.000,0.000,6.000,64.000,4.000,74.000000
8325760.000000,2,0.000,0.000,0.000,15.000,0.000,15.000000
8327130.000000,2,2.000,0.000,7.000,0.000,0.000,9.000000
8328467.000000,2,2.000,0.000,0.000,21.000,0.000,23.000000
8329832.000000,2,1.000,0.000,0.000,40.000,0.000,41.000000
8331191.000000,2,1.000,0.000,0.000,19.000,0.000,20.000000
8332537.000000,2,2.000,0.000,22.000,35.000,0.000,59.000000
8333918.000000,2,1.000,0.000,11.000,23.000,0.000,35.000000
8335278.000000,2,1.000,0.000,0.000,63.000,0.000,64.000000
8336627.000000,2,1.000,0.000,0.000,45.000,0.000,46.000000
8337975.000000,2,0.000,0.000,0.000,0.000,0.000,0.000000
8339341.000000,2,1.000,0.000,0.000,2.000,0.000,3.000000
8340708.000000,2,1.000,0.000,0.000,50.000,0.000,51.000000
8342089.000000,2,0.000,0.000,0.000,3.000,0.000,3.000000
8343460.000000,2,2.000,0.000,0.000,57.000,13.000,72.000000
8344823.000000,2,0.000,0.000,0.000,70.000,0.000,70.000000
8346205.000000,2,0.000,0.000,0.000,67.000,0.000,67.000000
8347563.000000,2,0.000,0.000,0.000,52.000,0.000,52.000000
8348944.000000,2,2.000,0.000,5.000,10.000,0.000,17.000000
8350297.000000,2,1.000,0.000,25.000,0.000,0.000,26.000000
8351649.000000,2,36.000,17.000,4.000,0.000,0.000,57.000000
8353013.000000,2,39.000,0.000,0.000,8.000,0.000,47.000000
8354372.000000,2,39.000,0.000,7.000,0.000,0.000,46.000000
8355731.000000,2,34.000,21.000,9.000,0.000,0.000,64.000000
8357070.000000,2,28.000,0.000,0.000,0.000,0.000,28.000000
8358402.000000,2,0.000,0.000,0.000,0.000,0.000,0.000000
8359784.000000,2,0.000,0.000,0.000,0.000,0.000,0.000000
8361154.000000,2,3.000,0.000,8.000,0.000,0.000,11.000000
8362517.000000,2,1.000,0.000,4.000,0.000,0.000,5.000000
8363883.000000,2,13.000,5.000,0.000,0.000,0.000,18.000000
8365251.000000,2,39.000,0.000,0.000,0.000,0.000,39.000000
8366619.000000,2,35.000,0.000,0.000,5.000,0.000,40.000000
8367987.000000,2,43.000,0.000,0.000,0.000,0.000,43.000000
8369325.000000,2,32.000,24.000,13.000,0.000,0.000,69.000000
8370694.000000,2,37.000,0.000,0.000,29.000,0.000,66.000000
8372063.000000,2,41.000,2.000,10.000,13.000,0.000,66.000000
8373419.000000,2,44.000,0.000,4.000,7.000,0.000,55.000000
8374776.000000,2,23.000,0.000,0.000,22.000,0.000,45.000000
8376130.000000,2,5.000,2.000,18.000,9.000,0.000,34.000000
8377458.000000,2,1.000,0.000,0.000,12.000,0.000,13.000000
8378798.000000,2,0.000,0.000,0.000,0.000,0.000,0.000000
8380154.000000,2,1.000,0.000,0.000,8.000,0.000,9.000000
8381497.000000,2,0.000,0.000,4.000,0.000,0.000,4.000000
8382853.000000,3,0.000,0.000,0.000,6.000,74.000,80.000000
8384202.000000,3,1.000,0.000,0.000,59.000,105.000,165.000000
8385549.000000,3,0.000,0.000,0.000,47.000,102.000,149.000000
8386906.000000,3,0.000,0.000,0.000,0.000,108.000,108.000000
8388261.000000,3,0.000,0.000,0.000,0.000,98.000,98.000000
8389635.000000,3,0.000,0.000,0.000,0.000,92.000,92.000000
8390972.000000,3,1.000,0.000,0.000,37.000,39.000,77.000000
8392348.000000,3,0.000,0.000,0.000,59.000,85.000,144.000000
8393696.000000,3,0.000,0.000,0.000,0.000,85.000,85.000000
8395081.000000,3,0.000,0.000,0.000,0.000,94.000,94.000000
8396435.000000,3,0.000,0.000,0.000,0.000,93.000,93.000000
8397809.000000,3,0.000,0.000,7.000,4.000,92.000,103.000000
8399171.000000,3,0.000,10.000,0.000,0.000,94.000,104.000000
8400514.000000,3,1.000,5.000,0.000,22.000,94.000,122.000000
8401878.000000,3,0.000,0.000,6.000,59.000,95.000,160.000000
8403242.000000,3,0.000,0.000,0.000,0.000,94.000,94.000000
8404578.000000,3,1.000,0.000,0.000,0.000,69.000,70.000000
8405939.000000,3,0.000,0.000,0.000,7.000,14.000,21.000000
8407292.000000,3,1.000,2.000,0.000,26.000,92.000,121.000000
8408639.000000,3,1.000,7.000,0.000,0.000,95.000,103.000000
8409999.000000,3,0.000,0.000,0.000,0.000,104.000,104.000000
8411365.000000,3,0.000,0.000,0.000,0.000,103.000,103.000000
8412724.000000,3,0.000,0.000,0.000,0.000,102.000,102.000000
8414077.000000,3,0.000,0.000,0.000,12.000,87.000,99.000000
8415449.000000,3,0.000,0.000,0.000,14.000,100.000,114.000000
8416805.000000,3,0.000,0.000,0.000,0.000,101.000,101.000000
8418181.000000,3,0.000,0.000,0.000,0.000,95.000,95.000000
8419520.000000,3,0.000,0.000,0.000,0.000,92.000,92.000000
8420881.000000,3,0.000,0.000,0.000,0.000,87.000,87.000000
8422251.000000,3,0.000,0.000,0.000,0.000,93.000,93.000000
8423608.000000,3,0.000,0.000,0.000,0.000,115.000,115.000000
8424942.000000,3,0.000,0.000,0.000,0.000,110.000,110.000000
8426279.000000,3,0.000,0.000,0.000,0.000,111.000,111.000000
8427645.000000,3,0.000,0.000,0.000,0.000,121.000,121.000000
8428976.000000,3,0.000,0.000,0.000,0.000,105.000,105.000000
8430321.000000,3,1.000,0.000,0.000,16.000,71.000,88.000000
8431650.000000,3,2.000,0.000,0.000,8.000,72.000,82.000000
8432976.000000,3,0.000,0.000,0.000,0.000,106.000,106.000000
8434322.000000,3,0.000,0.000,0.000,0.000,106.000,106.000000
8435683.000000,3,1.000,0.000,0.000,6.000,106.000,113.000000
8437039.000000,3,0.000,0.000,0.000,0.000,115.000,115.000000
8438387.000000,3,0.000,0.000,2.000,34.000,125.000,161.000000
8439767.000000,3,0.000,0.000,22.000,0.000,114.000,136.000000
8441118.000000,3,0.000,0.000,0.000,0.000,107.000,107.000000
8442470.000000,3,0.000,0.000,0.000,0.000,105.000,105.000000
8443795.000000,3,0.000,0.000,0.000,0.000,27.000,27.000000
8445095.000000,3,0.000,0.000,0.000,22.000,94.000,116.000000
8446443.000000,3,0.000,0.000,0.000,0.000,102.000,102.000000
8447793.000000,3,0.000,0.000,0.000,0.000,104.000,104.000000
8449192.000000,3,0.000,0.000,0.000,0.000,106.000,106.000000
8450530.000000,3,0.000,0.000,0.000,0.000,113.000,113.000000
8451919.000000,3,0.000,0.000,0.000,0.000,112.000,112.000000
8453325.000000,3,1.000,0.000,0.000,5.000,104.000,110.000000
8454729.000000,3,0.000,0.000,0.000,0.000,106.000,106.000000
8456143.000000,3,0.000,0.000,0.000,0.000,106.000,106.000000
8457533.000000,3,0.000,0.000,0.000,0.000,95.000,95.000000
8458957.000000,3,0.000,0.000,0.000,0.000,112.000,112.000000
8460360.000000,3,0.000,0.000,0.000,0.000,109.000,109.000000
8461752.000000,3,0.000,0.000,0.000,0.000,104.000,104.000000
8463143.000000,3,0.000,0.000,0.000,2.000,102.000,104.000000
8464522.000000,3,0.000,0.000,0.000,0.000,103.000,103.000000
8465916.000000,3,27.000,0.000,0.000,0.000,105.000,132.000000
8467346.000000,3,23.000,0.000,0.000,0.000,106.000,129.000000
8468721.000000,3,0.000,0.000,3.000,0.000,115.000,118.000000
8470143.000000,3,0.000,0.000,0.000,0.000,114.000,114.000000
8471536.000000,3,0.000,0.000,0.000,0.000,102.000,102.000000
8472934.000000,3,0.000,0.000,13.000,0.000,94.000,107.000000
8474333.000000,3,0.000,0.000,0.000,0.000,102.000,102.000000
8475744.000000,3,0.000,0.000,0.000,0.000,114.000,114.000000
8477136.000000,3,0.000,0.000,0.000,0.000,117.000,117.000000
8478549.000000,3,0.000,0.000,0.000,0.000,103.000,103.000000
8479948.000000,3,3.000,0.000,0.000,0.000,114.000,117.000000
8481335.000000,3,58.000,0.000,0.000,0.000,105.000,163.000000
8482733.000000,3,60.000,0.000,0.000,0.000,102.000,162.000000
8484127.000000,3,60.000,0.000,0.000,0.000,116.000,176.000000
8485524.000000,3,58.000,0.000,0.000,0.000,112.000,170.000000
8486899.000000,3,58.000,0.000,0.000,0.000,92.000,150.000000
8488294.000000,3,60.000,0.000,0.000,0.000,102.000,162.000000
8489686.000000,3,25.000,0.000,0.000,0.000,106.000,131.000000
8491069.000000,3,0.000,0.000,0.000,0.000,113.000,113.000000
8492491.000000,3,0.000,0.000,0.000,0.000,108.000,108.000000
8493911.000000,3,0.000,0.000,0.000,0.000,104.000,104.000000
8495296.000000,3,0.000,0.000,0.000,0.000,103.000,103.000000
8496704.000000,3,0.000,0.000,0.000,0.000,104.000,104.000000
8498111.000000,3,0.000,0.000,0.000,0.000,110.000,110.000000
8499511.000000,3,0.000,0.000,0.000,0.000,124.000,124.000000
8500941.000000,3,0.000,0.000,0.000,0.000,105.000,105.000000
8502333.000000,3,0.000,0.000,0.000,0.000,103.000,103.000000
8503733.000000,3,0.000,0.000,0.000,0.000,118.000,118.000000
8505151.000000,3,0.000,0.000,0.000,0.000,104.000,104.000000
8506540.000000,4,0.000,22.000,11.000,0.000,97.000,130.000000
8507950.000000,4,0.000,105.000,51.000,0.000,0.000,156.000000
8509359.000000,4,0.000,58.000,76.000,10.000,0.000,144.000000
8510756.000000,4,0.000,39.000,48.000,21.000,0.000,108.000000
8512153.000000,4,0.000,0.000,18.000,89.000,0.000,107.000000
8513575.000000,4,52.000,43.000,46.000,0.000,0.000,141.000000
8514961.000000,4,107.000,56.000,0.000,0.000,0.000,163.000000
8516373.000000,4,56.000,68.000,0.000,0.000,0.000,124.000000
8517771.000000,4,0.000,106.000,0.000,0.000,0.000,106.000000
8519127.000000,4,0.000,105.000,0.000,0.000,0.000,105.000000
8520501.000000,4,27.000,65.000,15.000,6.000,0.000,113.000000
8521864.000000,4,81.000,54.000,47.000,29.000,0.000,211.000000
8523241.000000,4,1.000,11.000,96.000,31.000,0.000,139.000000
8524611.000000,4,0.000,99.000,52.000,4.000,0.000,155.000000
8525970.000000,4,0.000,91.000,20.000,4.000,0.000,115.000000
8527363.000000,4,0.000,0.000,0.000,107.000,0.000,107.000000
8528725.000000,4,0.000,45.000,29.000,32.000,0.000,106.000000
8530048.000000,4,88.000,35.000,29.000,0.000,0.000,152.000000
8531424.000000,4,94.000,25.000,11.000,13.000,0.000,143.000000
8532743.000000,4,0.000,41.000,40.000,47.000,0.000,128.000000
8534061.000000,4,0.000,0.000,0.000,105.000,0.000,105.000000
8535394.000000,4,60.000,28.000,22.000,25.000,0.000,135.000000
8536757.000000,4,106.000,41.000,33.000,32.000,0.000,212.000000
8538151.000000,4,105.000,13.000,15.000,0.000,0.000,133.000000
8539541.000000,4,68.000,40.000,0.000,0.000,0.000,108.000000
8540943.000000,4,84.000,20.000,5.000,4.000,0.000,113.000000
8542334.000000,4,0.000,104.000,42.000,0.000,0.000,146.000000
8543711.000000,4,0.000,106.000,30.000,13.000,0.000,149.000000
8545078.000000,4,0.000,105.000,0.000,5.000,0.000,110.000000
8546493.000000,4,0.000,107.000,8.000,0.000,0.000,115.000000
8547893.000000,4,96.000,10.000,12.000,46.000,0.000,164.000000
8549292.000000,4,64.000,46.000,17.000,57.000,6.000,190.000000
8550687.000000,4,106.000,27.000,47.000,62.000,0.000,242.000000
8552081.000000,4,103.000,11.000,46.000,55.000,0.000,215.000000
8553470.000000,4,95.000,0.000,7.000,13.000,0.000,115.000000
8554839.000000,4,104.000,0.000,0.000,27.000,0.000,131.000000
8556211.000000,4,100.000,0.000,0.000,0.000,0.000,100.000000
8557599.000000,4,87.000,24.000,0.000,10.000,0.000,121.000000
8558978.000000,4,104.000,0.000,21.000,8.000,0.000,133.000000
8560373.000000,4,100.000,10.000,33.000,0.000,0.000,143.000000
8561760.000000,4,95.000,8.000,12.000,0.000,0.000,115.000000
8563132.000000,4,106.000,0.000,15.000,0.000,0.000,121.000000
8564507.000000,4,98.000,0.000,0.000,29.000,0.000,127.000000
8565897.000000,4,99.000,0.000,0.000,21.000,0.000,120.000000
8567288.000000,4,106.000,0.000,12.000,0.000,0.000,118.000000
8568670.000000,4,55.000,50.000,0.000,0.000,0.000,105.000000
8570055.000000,4,104.000,22.000,25.000,0.000,0.000,151.000000
8571442.000000,4,105.000,6.000,46.000,0.000,0.000,157.000000
8572823.000000,4,97.000,11.000,42.000,1.000,0.000,151.000000
8574212.000000,4,38.000,64.000,1.000,4.000,0.000,107.000000
8575633.000000,4,102.000,17.000,29.000,0.000,0.000,148.000000
8577045.000000,4,99.000,0.000,28.000,0.000,0.000,127.000000
8578474.000000,4,96.000,0.000,0.000,39.000,0.000,135.000000
8579859.000000,4,105.000,0.000,2.000,58.000,0.000,165.000000
8581241.000000,4,104.000,15.000,34.000,56.000,0.000,209.000000
8582611.000000,4,103.000,16.000,35.000,56.000,0.000,210.000000
8583926.000000,4,100.000,0.000,29.000,59.000,0.000,188.000000
8585240.000000,4,103.000,0.000,48.000,57.000,0.000,208.000000
8586555.000000,4,103.000,0.000,48.000,59.000,0.000,210.000000
8587877.000000,4,104.000,0.000,40.000,57.000,0.000,201.000000
8589240.000000,4,91.000,26.000,10.000,35.000,0.000,162.000000
8590615.000000,4,72.000,34.000,0.000,0.000,0.000,106.000000
8591995.000000,4,102.000,3.000,5.000,2.000,0.000,112.000000
8593335.000000,4,88.000,20.000,0.000,0.000,0.000,108.000000
8594725.000000,4,99.000,0.000,0.000,0.000,0.000,99.000000
8596131.000000,4,98.000,0.000,0.000,0.000,0.000,98.000000
8597529.000000,4,57.000,38.000,9.000,0.000,0.000,104.000000
8598901.000000,4,90.000,9.000,0.000,0.000,0.000,99.000000
8600203.000000,4,77.000,0.000,0.000,0.000,0.000,77.000000
8601541.000000,4,102.000,4.000,0.000,16.000,0.000,122.000000
8602875.000000,4,0.000,31.000,39.000,31.000,0.000,101.000000
8604211.000000,4,93.000,13.000,0.000,0.000,0.000,106.000000
8605540.000000,4,100.000,0.000,0.000,0.000,0.000,100.000000
8606859.000000,4,91.000,4.000,4.000,0.000,0.000,99.000000
8608217.000000,4,50.000,57.000,0.000,0.000,0.000,107.000000
8609585.000000,4,93.000,0.000,0.000,0.000,0.000,93.000000
8610975.000000,4,102.000,0.000,0.000,0.000,0.000,102.000000
8612363.000000,4,103.000,0.000,0.000,0.000,0.000,103.000000
8613761.000000,4,94.000,0.000,0.000,0.000,0.000,94.000000
8615173.000000,4,94.000,0.000,0.000,0.000,0.000,94.000000
8616545.000000,4,98.000,0.000,0.000,0.000,0.000,98.000000
8617946.000000,4,105.000,0.000,0.000,0.000,0.000,105.000000
8619319.000000,4,95.000,0.000,0.000,0.000,0.000,95.000000
8620713.000000,4,92.000,11.000,0.000,0.000,0.000,103.000000
8622081.000000,4,95.000,0.000,0.000,0.000,0.000,95.000000
8623497.000000,4,115.000,0.000,0.000,0.000,0.000,115.000000
8624897.000000,4,118.000,0.000,0.000,0.000,0.000,118.000000
8626282.000000,4,94.000,6.000,2.000,0.000,0.000,102.000000
8627677.000000,4,90.000,0.000,0.000,0.000,0.000,90.000000
8629047.000000,4,112.000,0.000,0.000,0.000,0.000,112.000000
8630447.000000,4,106.000,0.000,0.000,0.000,0.000,106.000000
8631835.000000,4,93.000,0.000,0.000,0.000,0.000,93.000000
8633241.000000,4,99.000,0.000,0.000,0.000,0.000,99.000000
8634657.000000,5,108.000,0.000,0.000,26.000,18.000,152.000000
8636035.000000,5,114.000,0.000,0.000,125.000,85.000,324.000000
8637396.000000,5,109.000,0.000,0.000,125.000,77.000,311.000000
8638746.000000,5,125.000,0.000,0.000,125.000,78.000,328.000000
8640085.000000,5,125.000,7.000,0.000,125.000,79.000,336.000000
8641452.000000,5,111.000,9.000,5.000,114.000,87.000,326.000000
8642819.000000,5,105.000,0.000,0.000,117.000,85.000,307.000000
8644207.000000,5,108.000,0.000,0.000,115.000,91.000,314.000000
8645599.000000,5,112.000,0.000,0.000,107.000,82.000,301.000000
8646945.000000,5,119.000,0.000,0.000,112.000,79.000,310.000000
8648316.000000,5,78.000,28.000,0.000,125.000,84.000,315.000000
8649668.000000,5,114.000,13.000,0.000,125.000,85.000,337.000000
8651059.000000,5,109.000,0.000,0.000,125.000,91.000,325.000000
8652396.000000,5,114.000,0.000,0.000,125.000,86.000,325.000000
8653764.000000,5,125.000,0.000,0.000,125.000,79.000,329.000000
8655131.000000,5,42.000,71.000,0.000,103.000,77.000,293.000000
8656487.000000,5,8.000,111.000,0.000,77.000,78.000,274.000000
8657835.000000,5,106.000,0.000,6.000,125.000,89.000,326.000000
8659189.000000,5,106.000,0.000,31.000,125.000,90.000,352.000000
8660546.000000,5,106.000,0.000,0.000,124.000,86.000,316.000000
8661940.000000,5,106.000,0.000,0.000,104.000,84.000,294.000000
8663296.000000,5,43.000,65.000,0.000,36.000,82.000,226.000000
8664677.000000,5,0.000,105.000,0.000,54.000,86.000,245.000000
8666080.000000,5,0.000,106.000,0.000,125.000,89.000,320.000000
8667419.000000,5,22.000,85.000,0.000,125.000,85.000,317.000000
8668817.000000,5,108.000,0.000,0.000,33.000,78.000,219.000000
8670213.000000,5,125.000,0.000,0.000,99.000,78.000,302.000000
8671548.000000,5,105.000,0.000,4.000,119.000,82.000,310.000000
8672877.000000,5,101.000,0.000,0.000,105.000,79.000,285.000000
8674233.000000,5,95.000,0.000,0.000,111.000,90.000,296.000000
8675591.000000,5,90.000,0.000,56.000,62.000,91.000,299.000000
8676950.000000,5,63.000,37.000,0.000,30.000,98.000,228.000000
8678319.000000,5,104.000,0.000,0.000,90.000,91.000,285.000000
8679651.000000,5,97.000,0.000,0.000,57.000,88.000,242.000000
8681026.000000,5,97.000,0.000,0.000,125.000,87.000,309.000000
8682392.000000,5,95.000,0.000,0.000,39.000,89.000,223.000000
8683751.000000,5,96.000,0.000,0.000,112.000,84.000,292.000000
8685118.000000,5,90.000,1.000,0.000,113.000,84.000,288.000000
8686501.000000,5,93.000,0.000,0.000,23.000,92.000,208.000000
8687871.000000,5,94.000,0.000,0.000,89.000,84.000,267.000000
8689269.000000,5,90.000,0.000,0.000,110.000,85.000,285.000000
8690701.000000,5,97.000,0.000,0.000,125.000,86.000,308.000000
8692070.000000,5,91.000,0.000,0.000,112.000,86.000,289.000000
8693437.000000,5,89.000,0.000,0.000,107.000,82.000,278.000000
8694809.000000,5,88.000,0.000,0.000,106.000,83.000,277.000000
8696220.000000,5,93.000,0.000,0.000,71.000,84.000,248.000000
8697613.000000,5,107.000,0.000,0.000,38.000,81.000,226.000000
8698967.000000,5,76.000,18.000,24.000,59.000,85.000,262.000000
8700329.000000,5,81.000,12.000,0.000,25.000,84.000,202.000000
8701744.000000,5,100.000,0.000,0.000,125.000,82.000,307.000000
8703152.000000,5,95.000,0.000,0.000,119.000,85.000,299.000000
8704553.000000,5,91.000,0.000,0.000,113.000,84.000,288.000000
8705917.000000,5,96.000,0.000,0.000,67.000,84.000,247.000000
8707304.000000,5,100.000,0.000,0.000,96.000,84.000,280.000000
8708681.000000,5,93.000,0.000,0.000,24.000,83.000,200.000000
8710080.000000,5,99.000,0.000,0.000,86.000,84.000,269.000000
8711493.000000,5,94.000,0.000,11.000,122.000,87.000,314.000000
8712912.000000,5,90.000,0.000,0.000,110.000,83.000,283.000000
8714300.000000,5,65.000,28.000,6.000,46.000,82.000,227.000000
8715684.000000,5,90.000,58.000,51.000,26.000,55.000,280.000000
8717089.000000,5,92.000,7.000,28.000,84.000,72.000,283.000000
8718472.000000,5,86.000,46.000,17.000,71.000,60.000,280.000000
8719909.000000,5,87.000,22.000,0.000,104.000,74.000,287.000000
8721285.000000,5,86.000,8.000,0.000,85.000,72.000,251.000000
8722692.000000,5,92.000,0.000,0.000,72.000,68.000,232.000000
8724090.000000,5,94.000,1.000,15.000,94.000,71.000,275.000000
8725441.000000,5,86.000,0.000,37.000,77.000,73.000,273.000000
8726813.000000,5,84.000,0.000,0.000,104.000,75.000,263.000000
8728210.000000,5,76.000,13.000,0.000,26.000,72.000,187.000000
8729580.000000,5,91.000,0.000,0.000,100.000,67.000,258.000000
8730953.000000,5,90.000,0.000,0.000,107.000,72.000,269.000000
8732297.000000,5,86.000,7.000,2.000,106.000,73.000,274.000000
8733650.000000,5,90.000,48.000,33.000,76.000,37.000,284.000000
8734987.000000,5,84.000,28.000,34.000,73.000,59.000,278.000000
8736288.000000,5,86.000,0.000,0.000,103.000,73.000,262.000000
8737622.000000,5,91.000,15.000,83.000,38.000,45.000,272.000000
8738967.000000,5,81.000,0.000,5.000,67.000,67.000,220.000000
8740321.000000,5,84.000,0.000,0.000,55.000,73.000,212.000000
8741647.000000,5,86.000,0.000,0.000,105.000,78.000,269.000000
8742970.000000,5,87.000,0.000,13.000,94.000,80.000,274.000000
8744289.000000,5,88.000,0.000,52.000,53.000,79.000,272.000000
8745625.000000,5,86.000,0.000,0.000,109.000,74.000,269.000000
8746962.000000,5,96.000,0.000,0.000,106.000,74.000,276.000000
8748304.000000,5,98.000,0.000,0.000,120.000,82.000,300.000000
8749611.000000,5,94.000,11.000,57.000,47.000,82.000,291.000000
8750948.000000,6,100.000,22.000,18.000,8.000,91.000,239.000000
8752274.000000,6,116.000,0.000,0.000,0.000,83.000,199.000000
8753610.000000,6,116.000,0.000,0.000,0.000,91.000,207.000000
8754947.000000,6,104.000,0.000,0.000,0.000,98.000,202.000000
8756316.000000,6,106.000,0.000,0.000,0.000,98.000,204.000000
8757704.000000,6,122.000,0.000,0.000,0.000,83.000,205.000000
8759079.000000,6,125.000,0.000,0.000,18.000,64.000,207.000000
8760431.000000,6,116.000,0.000,0.000,4.000,84.000,204.000000
8761787.000000,6,125.000,0.000,3.000,0.000,86.000,214.000000
8763127.000000,6,110.000,7.000,2.000,0.000,102.000,221.000000
8764467.000000,6,102.000,44.000,0.000,0.000,95.000,241.000000
8765794.000000,6,106.000,40.000,0.000,0.000,87.000,233.000000
8767109.000000,6,125.000,0.000,0.000,0.000,87.000,212.000000
8768446.000000,6,125.000,7.000,0.000,0.000,86.000,218.000000
8769772.000000,6,122.000,25.000,2.000,0.000,92.000,241.000000
8771103.000000,6,112.000,4.000,0.000,0.000,94.000,210.000000
8772410.000000,6,118.000,0.000,0.000,0.000,86.000,204.000000
8773757.000000,6,125.000,0.000,0.000,0.000,84.000,209.000000
8775076.000000,6,109.000,0.000,0.000,0.000,89.000,198.000000
8776462.000000,6,104.000,0.000,0.000,0.000,100.000,204.000000
8777785.000000,6,120.000,0.000,0.000,0.000,91.000,211.000000
8779146.000000,6,125.000,0.000,0.000,0.000,79.000,204.000000
8780501.000000,6,125.000,0.000,0.000,0.000,84.000,209.000000
8781850.000000,6,125.000,0.000,0.000,0.000,85.000,210.000000
8783198.000000,6,116.000,0.000,0.000,0.000,86.000,202.000000
8784537.000000,6,105.000,0.000,0.000,0.000,86.000,191.000000
8785864.000000,6,104.000,5.000,0.000,0.000,88.000,197.000000
8787226.000000,6,106.000,0.000,0.000,0.000,54.000,160.000000
8788601.000000,6,106.000,0.000,0.000,0.000,93.000,199.000000
8789944.000000,6,119.000,0.000,36.000,0.000,118.000,273.000000
8791276.000000,6,125.000,34.000,21.000,0.000,125.000,305.000000
8792614.000000,6,125.000,12.000,0.000,0.000,125.000,262.000000
8793968.000000,6,122.000,0.000,0.000,0.000,125.000,247.000000
8795311.000000,6,106.000,0.000,0.000,0.000,123.000,229.000000
8796659.000000,6,103.000,0.000,0.000,0.000,122.000,225.000000
8797996.000000,6,102.000,0.000,0.000,0.000,112.000,214.000000
8799350.000000,6,104.000,0.000,0.000,0.000,118.000,222.000000
8800671.000000,6,105.000,0.000,0.000,0.000,112.000,217.000000
8801986.000000,6,110.000,0.000,0.000,0.000,124.000,234.000000
8803336.000000,6,100.000,0.000,0.000,0.000,125.000,225.000000
8804716.000000,6,106.000,24.000,0.000,0.000,125.000,255.000000
8806073.000000,6,112.000,7.000,0.000,0.000,114.000,233.000000
8807472.000000,6,107.000,0.000,0.000,0.000,106.000,213.000000
8808834.000000,6,103.000,0.000,0.000,0.000,104.000,207.000000
8810210.000000,6,104.000,0.000,0.000,0.000,105.000,209.000000
8811541.000000,6,105.000,0.000,0.000,0.000,107.000,212.000000
8812845.000000,6,106.000,3.000,0.000,0.000,104.000,213.000000
8814191.000000,6,104.000,0.000,0.000,0.000,107.000,211.000000
8815531.000000,6,108.000,1.000,0.000,0.000,116.000,225.000000
8816889.000000,6,105.000,0.000,0.000,0.000,106.000,211.000000
8818199.000000,6,103.000,0.000,0.000,0.000,107.000,210.000000
8819513.000000,6,104.000,0.000,0.000,0.000,116.000,220.000000
8820848.000000,6,109.000,0.000,0.000,0.000,125.000,234.000000
8822144.000000,6,105.000,0.000,0.000,0.000,117.000,222.000000
8823519.000000,6,112.000,0.000,0.000,0.000,119.000,231.000000
8824889.000000,6,107.000,0.000,0.000,0.000,109.000,216.000000
8826258.000000,6,105.000,0.000,0.000,0.000,106.000,211.000000
8827612.000000,6,102.000,0.000,0.000,0.000,106.000,208.000000
8828982.000000,6,105.000,0.000,0.000,0.000,107.000,212.000000
8830385.000000,6,104.000,0.000,0.000,0.000,93.000,197.000000
8831767.000000,6,111.000,0.000,0.000,0.000,98.000,209.000000
8833169.000000,6,120.000,0.000,0.000,0.000,105.000,225.000000
8834555.000000,6,108.000,0.000,0.000,0.000,93.000,201.000000
8835920.000000,6,107.000,0.000,0.000,0.000,102.000,209.000000
8837295.000000,6,103.000,0.000,0.000,0.000,106.000,209.000000
8838671.000000,6,108.000,0.000,0.000,40.000,59.000,207.000000
8840068.000000,6,107.000,0.000,0.000,0.000,101.000,208.000000
8841439.000000,6,110.000,0.000,0.000,0.000,92.000,202.000000
8842786.000000,6,107.000,0.000,0.000,0.000,103.000,210.000000
8844136.000000,6,105.000,0.000,0.000,0.000,94.000,199.000000
8845477.000000,6,97.000,12.000,0.000,0.000,87.000,196.000000
8846823.000000,6,104.000,2.000,0.000,0.000,101.000,207.000000
8848217.000000,6,94.000,0.000,0.000,41.000,64.000,199.000000
8849622.000000,6,115.000,0.000,0.000,0.000,90.000,205.000000
8851044.000000,6,106.000,0.000,0.000,0.000,99.000,205.000000
8852444.000000,6,103.000,0.000,0.000,0.000,104.000,207.000000
8853821.000000,6,105.000,0.000,0.000,0.000,106.000,211.000000
8855177.000000,6,106.000,0.000,0.000,0.000,98.000,204.000000
8856519.000000,6,104.000,0.000,0.000,0.000,105.000,209.000000
8857898.000000,6,104.000,0.000,0.000,0.000,107.000,211.000000
8859256.000000,6,102.000,0.000,0.000,0.000,95.000,197.000000
8860631.000000,6,103.000,0.000,0.000,0.000,104.000,207.000000
8861999.000000,6,104.000,0.000,0.000,0.000,104.000,208.000000
8863349.000000,6,108.000,0.000,0.000,0.000,95.000,203.000000
8864699.000000,6,103.000,0.000,0.000,0.000,86.000,189.000000
8866048.000000,6,110.000,0.000,0.000,0.000,89.000,199.000000
8867431.000000,6,114.000,0.000,0.000,0.000,97.000,211.000000
