5498583.000000,1,0.000,0.000,0.000,0.000,0.000,0.000000
5499963.000000,1,29.000,12.000,21.000,37.000,24.000,123.000000
5501347.000000,1,27.000,27.000,4.000,31.000,24.000,113.000000
5502731.000000,1,29.000,0.000,32.000,40.000,26.000,127.000000
5504100.000000,1,28.000,0.000,16.000,36.000,32.000,112.000000
5505487.000000,1,25.000,7.000,0.000,32.000,36.000,100.000000
5506840.000000,1,27.000,0.000,0.000,29.000,34.000,90.000000
5508232.000000,1,29.000,0.000,0.000,32.000,31.000,92.000000
5509605.000000,1,29.000,0.000,16.000,35.000,28.000,108.000000
5510964.000000,1,22.000,12.000,39.000,44.000,23.000,140.000000
5512326.000000,1,29.000,2.000,38.000,42.000,37.000,148.000000
5513688.000000,1,31.000,15.000,26.000,42.000,24.000,138.000000
5515064.000000,1,34.000,15.000,29.000,41.000,22.000,141.000000
5516465.000000,1,29.000,30.000,18.000,36.000,25.000,138.000000
5517827.000000,1,29.000,0.000,36.000,42.000,27.000,134.000000
5519209.000000,1,30.000,0.000,37.000,42.000,34.000,143.000000
5520581.000000,1,30.000,0.000,31.000,39.000,32.000,132.000000
5521985.000000,1,28.000,0.000,16.000,33.000,30.000,107.000000
5523373.000000,1,28.000,0.000,29.000,35.000,24.000,116.000000
5524757.000000,1,30.000,0.000,37.000,41.000,29.000,137.000000
5526124.000000,1,29.000,21.000,18.000,42.000,29.000,139.000000
5527497.000000,1,28.000,2.000,30.000,36.000,27.000,123.000000
5528853.000000,1,27.000,0.000,28.000,31.000,25.000,111.000000
5530228.000000,1,25.000,10.000,34.000,39.000,31.000,139.000000
5531601.000000,1,30.000,0.000,38.000,42.000,33.000,143.000000
5532984.000000,1,28.000,0.000,28.000,34.000,29.000,119.000000
5534347.000000,1,29.000,0.000,28.000,38.000,34.000,129.000000
5535726.000000,1,29.000,0.000,19.000,37.000,35.000,120.000000
5537093.000000,1,30.000,0.000,32.000,40.000,29.000,131.000000
5538449.000000,1,28.000,15.000,25.000,35.000,26.000,129.000000
5539812.000000,1,27.000,30.000,32.000,29.000,23.000,141.000000
5541177.000000,1,27.000,30.000,29.000,30.000,23.000,139.000000
5542565.000000,1,26.000,6.000,26.000,30.000,22.000,110.000000
5543953.000000,1,27.000,29.000,29.000,30.000,25.000,140.000000
5545328.000000,1,26.000,28.000,29.000,28.000,22.000,133.000000
5546700.000000,1,26.000,29.000,35.000,29.000,23.000,142.000000
5548075.000000,1,25.000,29.000,31.000,29.000,22.000,136.000000
5549430.000000,1,25.000,29.000,30.000,31.000,23.000,138.000000
5550806.000000,1,24.000,27.000,29.000,28.000,22.000,130.000000
5552180.000000,1,26.000,30.000,34.000,30.000,22.000,142.000000
5553539.000000,1,25.000,28.000,31.000,29.000,22.000,135.000000
5554913.000000,1,25.000,29.000,9.000,31.000,20.000,114.000000
5556291.000000,1,26.000,28.000,28.000,29.000,23.000,134.000000
5557668.000000,1,26.000,29.000,30.000,30.000,23.000,138.000000
5559060.000000,1,26.000,29.000,12.000,30.000,22.000,119.000000
5560448.000000,1,27.000,29.000,19.000,29.000,21.000,125.000000
5561821.000000,1,27.000,29.000,31.000,29.000,21.000,137.000000
5563209.000000,1,26.000,29.000,31.000,32.000,21.000,139.000000
5564611.000000,1,26.000,12.000,25.000,31.000,20.000,114.000000
5565990.000000,1,27.000,29.000,24.000,29.000,22.000,131.000000
5567388.000000,1,27.000,29.000,30.000,29.000,22.000,137.000000
5568787.000000,1,27.000,29.000,30.000,29.000,22.000,137.000000
5570158.000000,1,26.000,27.000,29.000,29.000,22.000,133.000000
5571539.000000,1,25.000,29.000,30.000,29.000,21.000,134.000000
5572911.000000,1,26.000,28.000,31.000,29.000,21.000,135.000000
5574289.000000,1,25.000,22.000,25.000,30.000,22.000,124.000000
5575670.000000,1,27.000,28.000,28.000,30.000,22.000,135.000000
5577059.000000,1,26.000,28.000,21.000,29.000,21.000,125.000000
5578434.000000,1,24.000,28.000,28.000,29.000,20.000,129.000000
5579811.000000,1,23.000,29.000,30.000,29.000,20.000,131.000000
5581173.000000,1,24.000,28.000,31.000,29.000,20.000,132.000000
5582539.000000,1,24.000,29.000,30.000,29.000,21.000,133.000000
5583917.000000,1,24.000,29.000,35.000,29.000,22.000,139.000000
5585314.000000,1,25.000,28.000,37.000,30.000,21.000,141.000000
5586693.000000,1,23.000,29.000,35.000,29.000,21.000,137.000000
5588061.000000,1,23.000,27.000,30.000,29.000,21.000,130.000000
5589436.000000,1,23.000,28.000,30.000,28.000,21.000,130.000000
5590803.000000,1,24.000,28.000,26.000,32.000,21.000,131.000000
5592227.000000,1,25.000,25.000,29.000,32.000,21.000,132.000000
5593589.000000,1,22.000,28.000,32.000,28.000,21.000,131.000000
5594954.000000,1,25.000,29.000,36.000,30.000,22.000,142.000000
5596324.000000,1,25.000,28.000,33.000,30.000,21.000,137.000000
5597676.000000,1,25.000,29.000,36.000,29.000,20.000,139.000000
5599054.000000,1,24.000,28.000,35.000,29.000,21.000,137.000000
5600440.000000,1,25.000,29.000,38.000,31.000,21.000,144.000000
5601800.000000,1,24.000,28.000,36.000,30.000,21.000,139.000000
5603141.000000,1,24.000,29.000,25.000,33.000,23.000,134.000000
5604485.000000,1,24.000,28.000,33.000,30.000,22.000,137.000000
5605848.000000,1,25.000,21.000,27.000,33.000,22.000,128.000000
5607221.000000,1,23.000,28.000,25.000,31.000,22.000,129.000000
5608568.000000,1,24.000,29.000,35.000,29.000,22.000,139.000000
5609925.000000,1,24.000,29.000,36.000,29.000,23.000,141.000000
5611288.000000,1,25.000,30.000,35.000,30.000,23.000,143.000000
5612659.000000,1,25.000,29.000,31.000,31.000,23.000,139.000000
5614032.000000,1,25.000,29.000,36.000,30.000,23.000,143.000000
5615399.000000,1,25.000,28.000,35.000,30.000,23.000,141.000000
5616764.000000,1,24.000,28.000,27.000,30.000,22.000,131.000000
5618133.000000,2,6.000,7.000,0.000,9.000,6.000,28.000000
5619514.000000,2,0.000,0.000,0.000,0.000,0.000,0.000000
5620894.000000,2,1.000,0.000,10.000,6.000,0.000,17.000000
5622263.000000,2,0.000,0.000,12.000,5.000,0.000,17.000000
5623634.000000,2,0.000,0.000,0.000,9.000,0.000,9.000000
5625026.000000,2,2.000,0.000,2.000,19.000,0.000,23.000000
5626390.000000,2,0.000,0.000,0.000,0.000,0.000,0.000000
5627781.000000,2,0.000,0.000,0.000,0.000,0.000,0.000000
5629168.000000,2,1.000,0.000,7.000,0.000,0.000,8.000000
5630541.000000,2,1.000,2.000,20.000,12.000,0.000,35.000000
5631918.000000,2,0.000,2.000,1.000,23.000,2.000,28.000000
5633275.000000,2,1.000,0.000,0.000,9.000,0.000,10.000000
5634644.000000,2,0.000,0.000,0.000,0.000,0.000,0.000000
5636013.000000,2,1.000,0.000,0.000,2.000,0.000,3.000000
5637399.000000,2,0.000,0.000,0.000,0.000,0.000,0.000000
5638758.000000,2,2.000,11.000,0.000,2.000,0.000,15.000000
5640153.000000,2,0.000,0.000,0.000,0.000,0.000,0.000000
5641533.000000,2,0.000,0.000,0.000,0.000,0.000,0.000000
5642916.000000,2,0.000,0.000,0.000,0.000,0.000,0.000000
5644304.000000,2,0.000,0.000,0.000,0.000,0.000,0.000000
5645677.000000,2,1.000,0.000,0.000,3.000,0.000,4.000000
5647049.000000,2,0.000,3.000,0.000,10.000,0.000,13.000000
5648410.000000,2,1.000,1.000,0.000,9.000,0.000,11.000000
5649796.000000,2,0.000,0.000,0.000,0.000,0.000,0.000000
5651161.000000,2,2.000,0.000,0.000,2.000,0.000,4.000000
5652520.000000,2,0.000,0.000,0.000,0.000,0.000,0.000000
5653893.000000,2,0.000,0.000,0.000,0.000,0.000,0.000000
5655260.000000,2,1.000,0.000,0.000,4.000,0.000,5.000000
5656641.000000,2,0.000,0.000,0.000,0.000,0.000,0.000000
5658035.000000,2,0.000,0.000,0.000,0.000,0.000,0.000000
5659417.000000,2,0.000,0.000,0.000,12.000,0.000,12.000000
5660796.000000,2,3.000,0.000,2.000,14.000,0.000,19.000000
5662186.000000,2,2.000,0.000,0.000,8.000,0.000,10.000000
5663564.000000,2,0.000,0.000,0.000,17.000,0.000,17.000000
5664952.000000,2,1.000,0.000,2.000,16.000,0.000,19.000000
5666330.000000,2,0.000,0.000,0.000,14.000,0.000,14.000000
5667696.000000,2,1.000,0.000,0.000,7.000,0.000,8.000000
5669058.000000,2,2.000,0.000,0.000,24.000,3.000,29.000000
5670434.000000,2,0.000,0.000,0.000,1.000,0.000,1.000000
5671798.000000,2,2.000,0.000,0.000,12.000,0.000,14.000000
5673169.000000,2,1.000,0.000,0.000,21.000,0.000,22.000000
5674567.000000,2,0.000,0.000,0.000,23.000,0.000,23.000000
5675952.000000,2,0.000,0.000,0.000,22.000,0.000,22.000000
5677311.000000,2,0.000,0.000,3.000,21.000,2.000,26.000000
5678698.000000,2,0.000,0.000,0.000,5.000,0.000,5.000000
5680053.000000,2,2.000,0.000,3.000,0.000,0.000,5.000000
5681426.000000,2,2.000,0.000,0.000,9.000,0.000,11.000000
5682819.000000,2,1.000,0.000,0.000,13.000,0.000,14.000000
5684178.000000,2,1.000,0.000,0.000,7.000,0.000,8.000000
5685547.000000,2,2.000,0.000,9.000,11.000,0.000,22.000000
5686919.000000,2,1.000,0.000,4.000,8.000,0.000,13.000000
5688297.000000,2,1.000,0.000,0.000,22.000,0.000,23.000000
5689676.000000,2,1.000,0.000,0.000,14.000,0.000,15.000000
5691046.000000,2,0.000,0.000,0.000,0.000,0.000,0.000000
5692435.000000,2,1.000,0.000,0.000,2.000,0.000,3.000000
5693830.000000,2,1.000,0.000,0.000,16.000,0.000,17.000000
5695213.000000,2,0.000,0.000,0.000,1.000,0.000,1.000000
5696590.000000,2,2.000,0.000,0.000,19.000,5.000,26.000000
5697961.000000,2,0.000,0.000,0.000,22.000,0.000,22.000000
5699324.000000,2,0.000,0.000,0.000,23.000,0.000,23.000000
5700701.000000,2,0.000,0.000,0.000,16.000,0.000,16.000000
5702073.000000,2,2.000,0.000,3.000,6.000,0.000,11.000000
5703454.000000,2,1.000,0.000,9.000,0.000,0.000,10.000000
5704847.000000,2,14.000,6.000,2.000,0.000,0.000,22.000000
5706211.000000,2,12.000,0.000,0.000,4.000,0.000,16.000000
5707570.000000,2,13.000,0.000,3.000,0.000,0.000,16.000000
5708932.000000,2,12.000,8.000,4.000,0.000,0.000,24.000000
5710297.000000,2,9.000,0.000,0.000,0.000,0.000,9.000000
5711683.000000,2,0.000,0.000,0.000,0.000,0.000,0.000000
5713072.000000,2,0.000,0.000,0.000,0.000,0.000,0.000000
5714441.000000,2,3.000,0.000,5.000,0.000,0.000,8.000000
5715805.000000,2,1.000,0.000,3.000,0.000,0.000,4.000000
5717181.000000,2,7.000,4.000,0.000,0.000,0.000,11.000000
5718550.000000,2,13.000,0.000,0.000,0.000,0.000,13.000000
5719930.000000,2,12.000,0.000,0.000,3.000,0.000,15.000000
5721309.000000,2,14.000,0.000,0.000,0.000,0.000,14.000000
5722698.000000,2,11.000,9.000,5.000,0.000,0.000,25.000000
5724069.000000,2,12.000,0.000,0.000,10.000,0.000,22.000000
5725468.000000,2,14.000,2.000,4.000,6.000,0.000,26.000000
5726836.000000,2,14.000,0.000,2.000,5.000,0.000,21.000000
5728197.000000,2,9.000,0.000,0.000,8.000,0.000,17.000000
5729585.000000,2,4.000,2.000,8.000,4.000,0.000,18.000000
5730955.000000,2,1.000,0.000,0.000,4.000,0.000,5.000000
5732315.000000,2,0.000,0.000,0.000,0.000,0.000,0.000000
5733691.000000,2,1.000,0.000,0.000,4.000,0.000,5.000000
5735053.000000,2,0.000,0.000,2.000,0.000,0.000,2.000000
5736423.000000,3,0.000,0.000,0.000,3.000,22.000,25.000000
5737810.000000,3,1.000,0.000,0.000,22.000,30.000,53.000000
5739179.000000,3,0.000,0.000,0.000,15.000,29.000,44.000000
5740564.000000,3,0.000,0.000,0.000,0.000,30.000,30.000000
5741941.000000,3,0.000,0.000,0.000,0.000,29.000,29.000000
5743301.000000,3,0.000,0.000,0.000,0.000,28.000,28.000000
5744657.000000,3,1.000,0.000,0.000,13.000,13.000,27.000000
5746046.000000,3,0.000,0.000,0.000,19.000,26.000,45.000000
5747428.000000,3,0.000,0.000,0.000,0.000,27.000,27.000000
5748820.000000,3,0.000,0.000,0.000,0.000,28.000,28.000000
5750183.000000,3,0.000,0.000,0.000,0.000,28.000,28.000000
5751553.000000,3,0.000,0.000,6.000,2.000,29.000,37.000000
5752914.000000,3,0.000,6.000,0.000,0.000,28.000,34.000000
5754284.000000,3,1.000,2.000,0.000,8.000,28.000,39.000000
5755666.000000,3,0.000,0.000,3.000,19.000,28.000,50.000000
5757033.000000,3,0.000,0.000,0.000,0.000,29.000,29.000000
5758427.000000,3,1.000,0.000,0.000,0.000,20.000,21.000000
5759782.000000,3,0.000,0.000,0.000,4.000,6.000,10.000000
5761146.000000,3,1.000,2.000,0.000,8.000,28.000,39.000000
5762512.000000,3,1.000,4.000,0.000,0.000,27.000,32.000000
5763876.000000,3,0.000,0.000,0.000,0.000,29.000,29.000000
5765221.000000,3,0.000,0.000,0.000,0.000,30.000,30.000000
5766587.000000,3,0.000,0.000,0.000,0.000,29.000,29.000000
5767954.000000,3,0.000,0.000,0.000,5.000,27.000,32.000000
5769329.000000,3,0.000,0.000,0.000,4.000,29.000,33.000000
5770709.000000,3,0.000,0.000,0.000,0.000,29.000,29.000000
5772119.000000,3,0.000,0.000,0.000,0.000,28.000,28.000000
5773493.000000,3,0.000,0.000,0.000,0.000,28.000,28.000000
5774823.000000,3,0.000,0.000,0.000,0.000,27.000,27.000000
5776182.000000,3,0.000,0.000,0.000,0.000,28.000,28.000000
5777572.000000,3,0.000,0.000,0.000,0.000,36.000,36.000000
5778944.000000,3,0.000,0.000,0.000,0.000,33.000,33.000000
5780322.000000,3,0.000,0.000,0.000,0.000,35.000,35.000000
5781684.000000,3,0.000,0.000,0.000,0.000,35.000,35.000000
5783051.000000,3,0.000,0.000,0.000,0.000,31.000,31.000000
5784416.000000,3,1.000,0.000,0.000,6.000,22.000,29.000000
5785805.000000,3,2.000,0.000,0.000,4.000,23.000,29.000000
5787197.000000,3,0.000,0.000,0.000,0.000,32.000,32.000000
5788566.000000,3,0.000,0.000,0.000,0.000,29.000,29.000000
5789966.000000,3,1.000,0.000,0.000,4.000,30.000,35.000000
5791338.000000,3,0.000,0.000,0.000,0.000,37.000,37.000000
5792730.000000,3,0.000,0.000,2.000,12.000,36.000,50.000000
5794099.000000,3,0.000,0.000,7.000,0.000,33.000,40.000000
5795477.000000,3,0.000,0.000,0.000,0.000,29.000,29.000000
5796865.000000,3,0.000,0.000,0.000,0.000,31.000,31.000000
5798248.000000,3,0.000,0.000,0.000,0.000,9.000,9.000000
5799615.000000,3,0.000,0.000,0.000,8.000,29.000,37.000000
5800979.000000,3,0.000,0.000,0.000,0.000,29.000,29.000000
5802357.000000,3,0.000,0.000,0.000,0.000,32.000,32.000000
5803725.000000,3,0.000,0.000,0.000,0.000,33.000,33.000000
5805110.000000,3,0.000,0.000,0.000,0.000,38.000,38.000000
5806479.000000,3,0.000,0.000,0.000,0.000,33.000,33.000000
5807848.000000,3,1.000,0.000,0.000,3.000,31.000,35.000000
5809218.000000,3,0.000,0.000,0.000,0.000,30.000,30.000000
5810603.000000,3,0.000,0.000,0.000,0.000,32.000,32.000000
5811992.000000,3,0.000,0.000,0.000,0.000,29.000,29.000000
5813369.000000,3,0.000,0.000,0.000,0.000,35.000,35.000000
5814742.000000,3,0.000,0.000,0.000,0.000,33.000,33.000000
5816113.000000,3,0.000,0.000,0.000,0.000,31.000,31.000000
5817492.000000,3,0.000,0.000,0.000,2.000,29.000,31.000000
5818893.000000,3,0.000,0.000,0.000,0.000,30.000,30.000000
5820268.000000,3,10.000,0.000,0.000,0.000,31.000,41.000000
5821655.000000,3,7.000,0.000,0.000,0.000,30.000,37.000000
5823022.000000,3,0.000,0.000,2.000,0.000,35.000,37.000000
5824380.000000,3,0.000,0.000,0.000,0.000,35.000,35.000000
5825758.000000,3,0.000,0.000,0.000,0.000,31.000,31.000000
5827148.000000,3,0.000,0.000,6.000,0.000,29.000,35.000000
5828545.000000,3,0.000,0.000,0.000,0.000,30.000,30.000000
5829907.000000,3,0.000,0.000,0.000,0.000,36.000,36.000000
5831256.000000,3,0.000,0.000,0.000,0.000,34.000,34.000000
5832629.000000,3,0.000,0.000,0.000,0.000,32.000,32.000000
5834026.000000,3,2.000,0.000,0.000,0.000,36.000,38.000000
5835398.000000,3,19.000,0.000,0.000,0.000,31.000,50.000000
5836779.000000,3,19.000,0.000,0.000,0.000,30.000,49.000000
5838164.000000,3,19.000,0.000,0.000,0.000,37.000,56.000000
5839557.000000,3,19.000,0.000,0.000,0.000,33.000,52.000000
5840934.000000,3,19.000,0.000,0.000,0.000,31.000,50.000000
5842313.000000,3,19.000,0.000,0.000,0.000,29.000,48.000000
5843714.000000,3,8.000,0.000,0.000,0.000,32.000,40.000000
5845084.000000,3,0.000,0.000,0.000,0.000,36.000,36.000000
5846494.000000,3,0.000,0.000,0.000,0.000,33.000,33.000000
5847859.000000,3,0.000,0.000,0.000,0.000,32.000,32.000000
5849166.000000,3,0.000,0.000,0.000,0.000,30.000,30.000000
5850546.000000,3,0.000,0.000,0.000,0.000,31.000,31.000000
5851904.000000,3,0.000,0.000,0.000,0.000,35.000,35.000000
5853313.000000,3,0.000,0.000,0.000,0.000,36.000,36.000000
5854714.000000,3,0.000,0.000,0.000,0.000,33.000,33.000000
5856091.000000,3,0.000,0.000,0.000,0.000,30.000,30.000000
5857492.000000,3,0.000,0.000,0.000,0.000,37.000,37.000000
5858884.000000,3,0.000,0.000,0.000,0.000,31.000,31.000000
5860242.000000,4,0.000,9.000,5.000,0.000,28.000,42.000000
5861608.000000,4,0.000,30.000,16.000,0.000,0.000,46.000000
5862956.000000,4,0.000,17.000,25.000,4.000,0.000,46.000000
5864336.000000,4,0.000,15.000,17.000,8.000,0.000,40.000000
5865728.000000,4,0.000,0.000,7.000,25.000,0.000,32.000000
5867136.000000,4,18.000,15.000,15.000,0.000,0.000,48.000000
5868531.000000,4,35.000,18.000,0.000,0.000,0.000,53.000000
5869908.000000,4,16.000,22.000,0.000,0.000,0.000,38.000000
5871330.000000,4,0.000,30.000,0.000,0.000,0.000,30.000000
5872736.000000,4,0.000,29.000,0.000,0.000,0.000,29.000000
5874125.000000,4,10.000,20.000,6.000,3.000,0.000,39.000000
5875497.000000,4,26.000,19.000,17.000,11.000,0.000,73.000000
5876832.000000,4,1.000,3.000,29.000,12.000,0.000,45.000000
5878213.000000,4,0.000,31.000,16.000,1.000,0.000,48.000000
5879576.000000,4,0.000,29.000,8.000,3.000,0.000,40.000000
5880926.000000,4,0.000,0.000,0.000,33.000,0.000,33.000000
5882312.000000,4,0.000,15.000,10.000,9.000,0.000,34.000000
5883676.000000,4,30.000,13.000,11.000,0.000,0.000,54.000000
5885054.000000,4,29.000,8.000,4.000,6.000,0.000,47.000000
5886420.000000,4,0.000,11.000,13.000,16.000,0.000,40.000000
5887773.000000,4,0.000,0.000,0.000,31.000,0.000,31.000000
5889159.000000,4,20.000,10.000,9.000,8.000,0.000,47.000000
5890538.000000,4,31.000,14.000,13.000,10.000,0.000,68.000000
5891929.000000,4,30.000,5.000,5.000,0.000,0.000,40.000000
5893316.000000,4,21.000,14.000,0.000,0.000,0.000,35.000000
5894687.000000,4,26.000,7.000,4.000,4.000,0.000,41.000000
5896059.000000,4,0.000,31.000,14.000,0.000,0.000,45.000000
5897446.000000,4,0.000,30.000,11.000,5.000,0.000,46.000000
5898854.000000,4,0.000,30.000,0.000,2.000,0.000,32.000000
5900222.000000,4,0.000,31.000,4.000,0.000,0.000,35.000000
5901605.000000,4,30.000,2.000,3.000,16.000,0.000,51.000000
5902984.000000,4,19.000,14.000,7.000,18.000,3.000,61.000000
5904350.000000,4,31.000,11.000,16.000,20.000,0.000,78.000000
5905735.000000,4,30.000,5.000,17.000,20.000,0.000,72.000000
5907089.000000,4,28.000,0.000,2.000,3.000,0.000,33.000000
5908477.000000,4,30.000,0.000,0.000,11.000,0.000,41.000000
5909850.000000,4,29.000,0.000,0.000,0.000,0.000,29.000000
5911218.000000,4,25.000,8.000,0.000,4.000,0.000,37.000000
5912643.000000,4,30.000,0.000,8.000,3.000,0.000,41.000000
5914063.000000,4,30.000,4.000,12.000,0.000,0.000,46.000000
5915453.000000,4,28.000,4.000,4.000,0.000,0.000,36.000000
5916836.000000,4,30.000,0.000,6.000,0.000,0.000,36.000000
5918224.000000,4,29.000,0.000,0.000,11.000,0.000,40.000000
5919590.000000,4,29.000,0.000,0.000,6.000,0.000,35.000000
5920962.000000,4,30.000,0.000,5.000,0.000,0.000,35.000000
5922333.000000,4,17.000,16.000,0.000,0.000,0.000,33.000000
5923719.000000,4,30.000,8.000,11.000,0.000,0.000,49.000000
5925079.000000,4,29.000,4.000,16.000,0.000,0.000,49.000000
5926451.000000,4,27.000,5.000,14.000,2.000,0.000,48.000000
5927816.000000,4,12.000,19.000,2.000,2.000,0.000,35.000000
5929171.000000,4,30.000,7.000,11.000,0.000,0.000,48.000000
5930564.000000,4,29.000,0.000,10.000,0.000,0.000,39.000000
5931933.000000,4,29.000,0.000,0.000,14.000,0.000,43.000000
5933320.000000,4,29.000,0.000,2.000,18.000,0.000,49.000000
5934708.000000,4,30.000,6.000,11.000,19.000,0.000,66.000000
5936095.000000,4,30.000,5.000,12.000,18.000,0.000,65.000000
5937472.000000,4,29.000,0.000,10.000,19.000,0.000,58.000000
5938854.000000,4,30.000,0.000,16.000,19.000,0.000,65.000000
5940232.000000,4,29.000,0.000,16.000,19.000,0.000,64.000000
5941611.000000,4,30.000,0.000,12.000,19.000,0.000,61.000000
5942972.000000,4,27.000,11.000,4.000,11.000,0.000,53.000000
5944352.000000,4,23.000,10.000,0.000,0.000,0.000,33.000000
5945725.000000,4,29.000,2.000,3.000,2.000,0.000,36.000000
5947119.000000,4,27.000,7.000,0.000,0.000,0.000,34.000000
5948498.000000,4,29.000,0.000,0.000,0.000,0.000,29.000000
5949854.000000,4,29.000,0.000,0.000,0.000,0.000,29.000000
5951206.000000,4,17.000,15.000,4.000,0.000,0.000,36.000000
5952563.000000,4,27.000,2.000,0.000,0.000,0.000,29.000000
5953951.000000,4,26.000,0.000,0.000,0.000,0.000,26.000000
5955320.000000,4,29.000,3.000,0.000,6.000,0.000,38.000000
5956685.000000,4,0.000,11.000,15.000,11.000,0.000,37.000000
5958053.000000,4,30.000,4.000,0.000,0.000,0.000,34.000000
5959425.000000,4,29.000,0.000,0.000,0.000,0.000,29.000000
5960817.000000,4,28.000,2.000,2.000,0.000,0.000,32.000000
5962193.000000,4,18.000,19.000,0.000,0.000,0.000,37.000000
5963584.000000,4,27.000,0.000,0.000,0.000,0.000,27.000000
5964933.000000,4,29.000,0.000,0.000,0.000,0.000,29.000000
5966322.000000,4,30.000,0.000,0.000,0.000,0.000,30.000000
5967694.000000,4,28.000,0.000,0.000,0.000,0.000,28.000000
5969073.000000,4,28.000,0.000,0.000,0.000,0.000,28.000000
5970441.000000,4,29.000,0.000,0.000,0.000,0.000,29.000000
5971811.000000,4,32.000,0.000,0.000,0.000,0.000,32.000000
5973169.000000,4,29.000,0.000,0.000,0.000,0.000,29.000000
5974519.000000,4,28.000,5.000,0.000,0.000,0.000,33.000000
5975888.000000,4,28.000,0.000,0.000,0.000,0.000,28.000000
5977259.000000,4,34.000,0.000,0.000,0.000,0.000,34.000000
5978657.000000,4,37.000,0.000,0.000,0.000,0.000,37.000000
5980027.000000,4,28.000,3.000,2.000,0.000,0.000,33.000000
5981414.000000,4,27.000,0.000,0.000,0.000,0.000,27.000000
5982789.000000,4,35.000,0.000,0.000,0.000,0.000,35.000000
5984158.000000,4,32.000,0.000,0.000,0.000,0.000,32.000000
5985550.000000,4,28.000,0.000,0.000,0.000,0.000,28.000000
5986912.000000,4,31.000,0.000,0.000,0.000,0.000,31.000000
5988278.000000,5,35.000,0.000,0.000,10.000,7.000,52.000000
5989652.000000,5,35.000,0.000,0.000,41.000,26.000,102.000000
5991038.000000,5,37.000,0.000,0.000,41.000,24.000,102.000000
5992405.000000,5,37.000,0.000,0.000,43.000,25.000,105.000000
5993778.000000,5,42.000,3.000,0.000,42.000,25.000,112.000000
5995161.000000,5,33.000,3.000,3.000,35.000,27.000,101.000000
5996544.000000,5,30.000,0.000,0.000,36.000,26.000,92.000000
5997909.000000,5,30.000,0.000,0.000,37.000,28.000,95.000000
5999286.000000,5,36.000,0.000,0.000,36.000,25.000,97.000000
6000670.000000,5,33.000,0.000,0.000,36.000,25.000,94.000000
6002021.000000,5,24.000,11.000,0.000,40.000,27.000,102.000000
6003393.000000,5,36.000,5.000,0.000,40.000,26.000,107.000000
6004785.000000,5,35.000,0.000,0.000,35.000,27.000,97.000000
6006155.000000,5,36.000,0.000,0.000,39.000,26.000,101.000000
6007512.000000,5,36.000,0.000,0.000,40.000,25.000,101.000000
6008878.000000,5,13.000,25.000,0.000,34.000,24.000,96.000000
6010245.000000,5,5.000,33.000,0.000,27.000,25.000,90.000000
6011607.000000,5,30.000,0.000,3.000,39.000,27.000,99.000000
6012982.000000,5,32.000,0.000,10.000,34.000,27.000,103.000000
6014358.000000,5,35.000,0.000,0.000,36.000,27.000,98.000000
6015734.000000,5,30.000,0.000,0.000,32.000,25.000,87.000000
6017096.000000,5,12.000,20.000,0.000,12.000,25.000,69.000000
6018472.000000,5,0.000,30.000,0.000,17.000,27.000,74.000000
6019850.000000,5,0.000,32.000,0.000,37.000,27.000,96.000000
6021233.000000,5,8.000,25.000,0.000,39.000,26.000,98.000000
6022606.000000,5,37.000,0.000,0.000,10.000,25.000,72.000000
6023986.000000,5,37.000,0.000,0.000,34.000,24.000,95.000000
6025365.000000,5,32.000,0.000,3.000,36.000,26.000,97.000000
6026754.000000,5,29.000,0.000,0.000,31.000,24.000,84.000000
6028147.000000,5,29.000,0.000,0.000,35.000,27.000,91.000000
6029519.000000,5,27.000,0.000,18.000,20.000,28.000,93.000000
6030890.000000,5,20.000,12.000,0.000,9.000,30.000,71.000000
6032263.000000,5,29.000,0.000,0.000,28.000,27.000,84.000000
6033630.000000,5,29.000,0.000,0.000,18.000,27.000,74.000000
6035023.000000,5,28.000,0.000,0.000,38.000,28.000,94.000000
6036383.000000,5,28.000,0.000,0.000,15.000,27.000,70.000000
6037732.000000,5,28.000,0.000,0.000,35.000,26.000,89.000000
6039100.000000,5,28.000,1.000,0.000,32.000,26.000,87.000000
6040472.000000,5,27.000,0.000,0.000,7.000,27.000,61.000000
6041846.000000,5,28.000,0.000,0.000,28.000,27.000,83.000000
6043197.000000,5,28.000,0.000,0.000,34.000,26.000,88.000000
6044623.000000,5,29.000,0.000,0.000,38.000,26.000,93.000000
6045997.000000,5,27.000,0.000,0.000,34.000,27.000,88.000000
6047365.000000,5,27.000,0.000,0.000,36.000,25.000,88.000000
6048719.000000,5,27.000,0.000,0.000,30.000,26.000,83.000000
6050087.000000,5,28.000,0.000,0.000,22.000,26.000,76.000000
6051446.000000,5,30.000,0.000,0.000,15.000,25.000,70.000000
6052821.000000,5,21.000,7.000,9.000,20.000,26.000,83.000000
6054155.000000,5,26.000,3.000,0.000,10.000,25.000,64.000000
6055504.000000,5,29.000,0.000,0.000,38.000,26.000,93.000000
6056881.000000,5,29.000,0.000,0.000,37.000,26.000,92.000000
6058267.000000,5,27.000,0.000,0.000,35.000,26.000,88.000000
6059645.000000,5,29.000,0.000,0.000,20.000,26.000,75.000000
6061001.000000,5,29.000,0.000,0.000,30.000,26.000,85.000000
6062352.000000,5,28.000,0.000,0.000,8.000,25.000,61.000000
6063701.000000,5,28.000,0.000,0.000,29.000,27.000,84.000000
6065081.000000,5,29.000,0.000,5.000,34.000,26.000,94.000000
6066391.000000,5,27.000,0.000,0.000,32.000,26.000,85.000000
6067742.000000,5,23.000,10.000,4.000,16.000,25.000,78.000000
6069094.000000,5,27.000,21.000,19.000,9.000,18.000,94.000000
6070469.000000,5,28.000,4.000,10.000,27.000,22.000,91.000000
6071826.000000,5,26.000,15.000,5.000,25.000,20.000,91.000000
6073172.000000,5,27.000,8.000,0.000,30.000,23.000,88.000000
6074502.000000,5,27.000,4.000,0.000,24.000,23.000,78.000000
6075827.000000,5,28.000,0.000,0.000,24.000,22.000,74.000000
6077152.000000,5,28.000,2.000,6.000,33.000,23.000,92.000000
6078516.000000,5,27.000,0.000,13.000,26.000,24.000,90.000000
6079854.000000,5,26.000,0.000,0.000,31.000,24.000,81.000000
6081185.000000,5,25.000,6.000,0.000,7.000,22.000,60.000000
6082511.000000,5,27.000,0.000,0.000,34.000,22.000,83.000000
6083746.000000,5,27.000,0.000,0.000,35.000,23.000,85.000000
6084977.000000,5,27.000,4.000,2.000,34.000,23.000,90.000000
6086195.000000,5,28.000,17.000,11.000,26.000,14.000,96.000000
6087560.000000,5,26.000,8.000,11.000,24.000,19.000,88.000000
6088926.000000,5,26.000,0.000,0.000,30.000,23.000,79.000000
6090297.000000,5,28.000,6.000,27.000,12.000,14.000,87.000000
6091668.000000,5,25.000,0.000,2.000,21.000,23.000,71.000000
6093024.000000,5,26.000,0.000,0.000,17.000,23.000,66.000000
6094354.000000,5,26.000,0.000,0.000,30.000,24.000,80.000000
6095709.000000,5,27.000,0.000,6.000,30.000,24.000,87.000000
6097077.000000,5,27.000,0.000,15.000,17.000,25.000,84.000000
6098432.000000,5,26.000,0.000,0.000,29.000,23.000,78.000000
6099807.000000,5,29.000,0.000,0.000,32.000,23.000,84.000000
6101201.000000,5,29.000,0.000,0.000,36.000,26.000,91.000000
6102546.000000,5,28.000,5.000,18.000,15.000,25.000,91.000000
6103888.000000,6,32.000,6.000,7.000,4.000,28.000,77.000000
6105231.000000,6,37.000,0.000,0.000,0.000,26.000,63.000000
6106574.000000,6,35.000,0.000,0.000,0.000,27.000,62.000000
6107942.000000,6,30.000,0.000,0.000,0.000,28.000,58.000000
6109275.000000,6,32.000,0.000,0.000,0.000,29.000,61.000000
6110608.000000,6,40.000,0.000,0.000,0.000,25.000,65.000000
6111941.000000,6,42.000,0.000,0.000,7.000,20.000,69.000000
6113291.000000,6,34.000,0.000,0.000,1.000,27.000,62.000000
6114651.000000,6,38.000,0.000,2.000,0.000,26.000,66.000000
6115987.000000,6,31.000,5.000,2.000,0.000,29.000,67.000000
6117343.000000,6,30.000,15.000,0.000,0.000,28.000,73.000000
6118702.000000,6,32.000,13.000,0.000,0.000,27.000,72.000000
6120110.000000,6,40.000,0.000,0.000,0.000,27.000,67.000000
6121451.000000,6,39.000,3.000,0.000,0.000,27.000,69.000000
6122780.000000,6,39.000,10.000,2.000,0.000,28.000,79.000000
6124133.000000,6,33.000,1.000,0.000,0.000,29.000,63.000000
6125479.000000,6,38.000,0.000,0.000,0.000,26.000,64.000000
6126818.000000,6,37.000,0.000,0.000,0.000,26.000,63.000000
6128156.000000,6,32.000,0.000,0.000,0.000,27.000,59.000000
6129491.000000,6,29.000,0.000,0.000,0.000,28.000,57.000000
6130831.000000,6,38.000,0.000,0.000,0.000,28.000,66.000000
6132172.000000,6,34.000,0.000,0.000,0.000,24.000,58.000000
6133514.000000,6,33.000,0.000,0.000,0.000,26.000,59.000000
6134860.000000,6,37.000,0.000,0.000,0.000,27.000,64.000000
6136212.000000,6,35.000,0.000,0.000,0.000,26.000,61.000000
6137564.000000,6,30.000,0.000,0.000,0.000,27.000,57.000000
6138904.000000,6,30.000,3.000,0.000,0.000,27.000,60.000000
6140224.000000,6,35.000,0.000,0.000,0.000,17.000,52.000000
6141539.000000,6,31.000,0.000,0.000,0.000,28.000,59.000000
6142837.000000,6,37.000,0.000,13.000,0.000,36.000,86.000000
6144148.000000,6,39.000,12.000,7.000,0.000,38.000,96.000000
6145514.000000,6,41.000,4.000,0.000,0.000,41.000,86.000000
6146848.000000,6,37.000,0.000,0.000,0.000,40.000,77.000000
6148192.000000,6,31.000,0.000,0.000,0.000,39.000,70.000000
6149526.000000,6,30.000,0.000,0.000,0.000,35.000,65.000000
6150879.000000,6,30.000,0.000,0.000,0.000,33.000,63.000000
6152233.000000,6,32.000,0.000,0.000,0.000,38.000,70.000000
6153594.000000,6,30.000,0.000,0.000,0.000,32.000,62.000000
6154943.000000,6,34.000,0.000,0.000,0.000,39.000,73.000000
6156272.000000,6,29.000,0.000,0.000,0.000,36.000,65.000000
6157631.000000,6,32.000,10.000,0.000,0.000,35.000,77.000000
6158991.000000,6,33.000,2.000,0.000,0.000,35.000,70.000000
6160340.000000,6,33.000,0.000,0.000,0.000,31.000,64.000000
6161703.000000,6,30.000,0.000,0.000,0.000,32.000,62.000000
6163047.000000,6,30.000,0.000,0.000,0.000,34.000,64.000000
6164391.000000,6,31.000,0.000,0.000,0.000,31.000,62.000000
6165749.000000,6,33.000,2.000,0.000,0.000,32.000,67.000000
6167119.000000,6,32.000,0.000,0.000,0.000,32.000,64.000000
6168484.000000,6,33.000,2.000,0.000,0.000,35.000,70.000000
6169837.000000,6,32.000,0.000,0.000,0.000,36.000,68.000000
6171188.000000,6,30.000,0.000,0.000,0.000,36.000,66.000000
6172559.000000,6,31.000,0.000,0.000,0.000,34.000,65.000000
6173923.000000,6,32.000,0.000,0.000,0.000,37.000,69.000000
6175301.000000,6,30.000,0.000,0.000,0.000,34.000,64.000000
6176649.000000,6,36.000,0.000,0.000,0.000,34.000,70.000000
6178018.000000,6,31.000,0.000,0.000,0.000,32.000,63.000000
6179371.000000,6,30.000,0.000,0.000,0.000,33.000,63.000000
6180760.000000,6,30.000,0.000,0.000,0.000,32.000,62.000000
6182103.000000,6,33.000,0.000,0.000,0.000,32.000,65.000000
6183476.000000,6,32.000,0.000,0.000,0.000,28.000,60.000000
6184861.000000,6,36.000,0.000,0.000,0.000,32.000,68.000000
6186212.000000,6,36.000,0.000,0.000,0.000,32.000,68.000000
6187552.000000,6,33.000,0.000,0.000,0.000,28.000,61.000000
6188924.000000,6,30.000,0.000,0.000,0.000,31.000,61.000000
6190272.000000,6,30.000,0.000,0.000,0.000,33.000,63.000000
6191657.000000,6,29.000,0.000,0.000,14.000,19.000,62.000000
6193007.000000,6,31.000,0.000,0.000,0.000,30.000,61.000000
6194359.000000,6,33.000,0.000,0.000,0.000,27.000,60.000000
6195731.000000,6,34.000,0.000,0.000,0.000,30.000,64.000000
6197083.000000,6,31.000,0.000,0.000,0.000,28.000,59.000000
6198457.000000,6,31.000,5.000,0.000,0.000,27.000,63.000000
6199815.000000,6,31.000,1.000,0.000,0.000,29.000,61.000000
6201190.000000,6,29.000,0.000,0.000,13.000,21.000,63.000000
6202570.000000,6,34.000,0.000,0.000,0.000,27.000,61.000000
6203942.000000,6,31.000,0.000,0.000,0.000,29.000,60.000000
6205307.000000,6,29.000,0.000,0.000,0.000,30.000,59.000000
6206667.000000,6,32.000,0.000,0.000,0.000,29.000,61.000000
6208031.000000,6,31.000,0.000,0.000,0.000,29.000,60.000000
6209407.000000,6,30.000,0.000,0.000,0.000,30.000,60.000000
6210747.000000,6,30.000,0.000,0.000,0.000,30.000,60.000000
6212118.000000,6,30.000,0.000,0.000,0.000,28.000,58.000000
6213455.000000,6,30.000,0.000,0.000,0.000,28.000,58.000000
6214811.000000,6,32.000,0.000,0.000,0.000,29.000,61.000000
6216149.000000,6,32.000,0.000,0.000,0.000,28.000,60.000000
6217492.000000,6,30.000,0.000,0.000,0.000,26.000,56.000000
6218840.000000,6,34.000,0.000,0.000,0.000,28.000,62.000000
6220187.000000,6,33.000,0.000,0.000,0.000,28.000,61.000000
