13214040.000000,1,0.000,0.000,0.000,0.000,0.000,0.000,0.000,0.000,0.000,0.000,0.000,0.000000
13215441.000000,1,74.000,69.000,64.000,67.000,54.000,46.000,17.000,0.000,0.000,15.000,74.000,480.000000
13221276.000000,1,71.000,66.000,60.000,63.000,52.000,44.000,30.000,0.000,0.000,0.000,71.000,457.000000
13231650.000000,1,73.000,73.000,66.000,71.000,57.000,47.000,39.000,0.000,0.000,0.000,67.000,493.000000
13242087.000000,1,72.000,76.000,66.000,71.000,58.000,49.000,36.000,0.000,0.000,0.000,66.000,494.000000
13252468.000000,1,71.000,77.000,65.000,70.000,60.000,54.000,15.000,0.000,0.000,17.000,63.000,492.000000
13262819.000000,1,68.000,73.000,62.000,71.000,58.000,52.000,0.000,0.000,0.000,40.000,61.000,485.000000
13273196.000000,1,69.000,74.000,64.000,72.000,54.000,52.000,11.000,0.000,0.000,25.000,64.000,485.000000
13282243.000000,1,72.000,76.000,66.000,71.000,55.000,50.000,39.000,0.000,0.000,0.000,63.000,492.000000
13283650.000000,1,77.000,77.000,69.000,73.000,53.000,46.000,36.000,0.000,0.000,0.000,66.000,497.000000
13285055.000000,1,77.000,72.000,66.000,71.000,53.000,48.000,4.000,0.000,0.000,33.000,66.000,490.000000
13286458.000000,1,77.000,74.000,67.000,72.000,53.000,47.000,0.000,0.000,0.000,42.000,65.000,497.000000
13287887.000000,1,77.000,74.000,69.000,71.000,51.000,45.000,21.000,0.000,0.000,11.000,71.000,490.000000
13289304.000000,1,72.000,69.000,66.000,69.000,56.000,41.000,42.000,0.000,0.000,0.000,67.000,482.000000
13290755.000000,1,77.000,71.000,68.000,70.000,54.000,46.000,22.000,0.000,0.000,11.000,70.000,489.000000
13292207.000000,1,75.000,75.000,70.000,71.000,54.000,47.000,0.000,0.000,0.000,45.000,63.000,500.000000
13293655.000000,1,75.000,73.000,67.000,72.000,55.000,49.000,20.000,0.000,0.000,15.000,65.000,491.000000
13295103.000000,1,70.000,70.000,63.000,69.000,54.000,50.000,25.000,0.000,0.000,11.000,65.000,477.000000
13296544.000000,1,67.000,70.000,64.000,67.000,54.000,49.000,37.000,0.000,0.000,2.000,66.000,476.000000
13297990.000000,1,74.000,76.000,68.000,70.000,51.000,47.000,32.000,0.000,0.000,4.000,66.000,488.000000
13299420.000000,1,77.000,73.000,68.000,68.000,52.000,47.000,0.000,0.000,0.000,39.000,67.000,491.000000
13300840.000000,1,72.000,70.000,63.000,70.000,54.000,48.000,25.000,0.000,0.000,11.000,66.000,479.000000
13302260.000000,1,63.000,71.000,61.000,66.000,57.000,46.000,43.000,0.000,0.000,0.000,64.000,471.000000
13303696.000000,1,75.000,69.000,68.000,69.000,49.000,48.000,30.000,0.000,0.000,5.000,67.000,480.000000
13305136.000000,1,75.000,76.000,69.000,71.000,52.000,47.000,0.000,0.000,0.000,31.000,65.000,486.000000
13306551.000000,1,66.000,72.000,61.000,66.000,54.000,48.000,0.000,0.000,0.000,40.000,65.000,472.000000
13307978.000000,1,72.000,73.000,63.000,70.000,55.000,50.000,7.000,0.000,0.000,34.000,62.000,486.000000
13309417.000000,1,72.000,77.000,66.000,72.000,55.000,51.000,37.000,0.000,0.000,0.000,63.000,493.000000
13310860.000000,1,76.000,72.000,68.000,69.000,49.000,47.000,32.000,0.000,0.000,0.000,66.000,479.000000
13312286.000000,1,69.000,68.000,64.000,65.000,50.000,43.000,36.000,0.000,0.000,0.000,69.000,464.000000
13313710.000000,1,71.000,66.000,66.000,62.000,53.000,33.000,34.000,0.000,0.000,0.000,71.000,456.000000
13315129.000000,1,70.000,64.000,65.000,63.000,52.000,21.000,31.000,0.000,14.000,0.000,71.000,451.000000
13316582.000000,1,68.000,68.000,63.000,65.000,49.000,48.000,30.000,0.000,0.000,0.000,68.000,459.000000
13318019.000000,1,72.000,67.000,67.000,59.000,57.000,19.000,31.000,0.000,15.000,0.000,71.000,458.000000
13319447.000000,1,66.000,62.000,61.000,57.000,51.000,11.000,6.000,0.000,22.000,29.000,71.000,436.000000
13320884.000000,1,70.000,66.000,67.000,57.000,52.000,35.000,29.000,0.000,0.000,8.000,71.000,455.000000
13322329.000000,1,71.000,64.000,67.000,57.000,50.000,36.000,21.000,0.000,0.000,16.000,72.000,454.000000
13323737.000000,1,72.000,66.000,67.000,57.000,52.000,36.000,32.000,0.000,0.000,3.000,71.000,456.000000
13325173.000000,1,66.000,63.000,63.000,54.000,51.000,35.000,4.000,0.000,0.000,33.000,72.000,441.000000
13326622.000000,1,71.000,65.000,69.000,58.000,50.000,35.000,38.000,0.000,0.000,0.000,71.000,457.000000
13328055.000000,1,68.000,65.000,66.000,57.000,50.000,11.000,30.000,0.000,22.000,0.000,71.000,440.000000
13329490.000000,1,71.000,64.000,65.000,56.000,49.000,39.000,31.000,0.000,0.000,0.000,71.000,446.000000
13330927.000000,1,72.000,67.000,66.000,58.000,51.000,35.000,31.000,0.000,0.000,0.000,71.000,451.000000
13332361.000000,1,69.000,66.000,64.000,56.000,51.000,33.000,32.000,0.000,0.000,0.000,71.000,442.000000
13333795.000000,1,69.000,65.000,66.000,58.000,50.000,30.000,31.000,0.000,7.000,0.000,71.000,447.000000
13335251.000000,1,71.000,66.000,67.000,59.000,51.000,30.000,32.000,0.000,8.000,0.000,71.000,455.000000
13336689.000000,1,68.000,64.000,66.000,52.000,54.000,10.000,33.000,0.000,25.000,0.000,71.000,443.000000
13338114.000000,1,71.000,67.000,70.000,58.000,49.000,35.000,16.000,0.000,0.000,20.000,71.000,457.000000
13339523.000000,1,66.000,66.000,60.000,63.000,44.000,43.000,0.000,0.000,0.000,31.000,69.000,442.000000
13340950.000000,1,72.000,64.000,66.000,61.000,51.000,34.000,31.000,0.000,0.000,0.000,72.000,451.000000
13342379.000000,1,66.000,67.000,66.000,62.000,50.000,31.000,33.000,0.000,0.000,0.000,70.000,445.000000
13343816.000000,1,71.000,67.000,67.000,63.000,51.000,29.000,32.000,0.000,0.000,0.000,71.000,451.000000
13345235.000000,1,67.000,65.000,62.000,57.000,50.000,13.000,7.000,0.000,21.000,26.000,70.000,438.000000
13346646.000000,1,68.000,61.000,66.000,57.000,48.000,32.000,24.000,0.000,0.000,7.000,71.000,434.000000
13348088.000000,1,71.000,62.000,66.000,58.000,49.000,34.000,31.000,0.000,0.000,0.000,71.000,442.000000
13349512.000000,1,72.000,66.000,67.000,56.000,50.000,39.000,31.000,0.000,0.000,0.000,71.000,452.000000
13350956.000000,1,71.000,66.000,66.000,61.000,49.000,17.000,31.000,0.000,16.000,0.000,71.000,448.000000
13352392.000000,1,66.000,62.000,66.000,58.000,48.000,32.000,25.000,0.000,4.000,6.000,71.000,438.000000
13353828.000000,1,70.000,65.000,66.000,55.000,47.000,33.000,35.000,0.000,0.000,0.000,72.000,443.000000
13355261.000000,1,72.000,63.000,65.000,52.000,47.000,30.000,37.000,0.000,0.000,0.000,71.000,437.000000
13356729.000000,1,71.000,67.000,65.000,53.000,46.000,22.000,35.000,0.000,8.000,0.000,71.000,438.000000
13358155.000000,1,72.000,65.000,64.000,54.000,47.000,18.000,36.000,0.000,13.000,0.000,72.000,441.000000
13359596.000000,1,70.000,67.000,66.000,53.000,50.000,33.000,40.000,0.000,0.000,0.000,71.000,450.000000
13361024.000000,1,72.000,66.000,67.000,54.000,49.000,31.000,35.000,0.000,0.000,0.000,71.000,445.000000
13362469.000000,1,71.000,65.000,66.000,53.000,48.000,34.000,40.000,0.000,0.000,0.000,72.000,449.000000
13363918.000000,1,70.000,62.000,63.000,52.000,49.000,32.000,38.000,0.000,0.000,0.000,71.000,437.000000
13365367.000000,1,71.000,61.000,66.000,53.000,47.000,33.000,38.000,0.000,0.000,0.000,72.000,441.000000
13366834.000000,1,72.000,65.000,65.000,57.000,48.000,37.000,38.000,0.000,0.000,0.000,70.000,452.000000
13368296.000000,1,72.000,66.000,65.000,56.000,49.000,26.000,37.000,0.000,11.000,0.000,70.000,452.000000
13369748.000000,1,69.000,67.000,61.000,49.000,50.000,0.000,36.000,0.000,34.000,0.000,72.000,438.000000
13371212.000000,1,72.000,66.000,66.000,57.000,49.000,31.000,36.000,0.000,2.000,0.000,71.000,450.000000
13372663.000000,1,71.000,66.000,65.000,56.000,49.000,32.000,35.000,0.000,0.000,0.000,71.000,445.000000
13374085.000000,1,72.000,65.000,66.000,55.000,48.000,32.000,33.000,0.000,0.000,0.000,71.000,442.000000
13375527.000000,1,71.000,66.000,65.000,57.000,48.000,34.000,36.000,0.000,0.000,0.000,72.000,449.000000
13376993.000000,1,71.000,67.000,72.000,54.000,48.000,34.000,36.000,0.000,0.000,0.000,71.000,453.000000
13378428.000000,1,71.000,64.000,71.000,53.000,49.000,34.000,34.000,0.000,0.000,0.000,72.000,448.000000
13379856.000000,1,71.000,65.000,69.000,54.000,52.000,32.000,37.000,0.000,3.000,0.000,71.000,454.000000
13381331.000000,1,71.000,66.000,65.000,51.000,51.000,0.000,35.000,0.000,35.000,0.000,71.000,445.000000
13382771.000000,1,71.000,66.000,66.000,58.000,51.000,35.000,37.000,0.000,5.000,0.000,71.000,460.000000
13384210.000000,1,71.000,63.000,70.000,53.000,50.000,37.000,35.000,0.000,0.000,0.000,72.000,451.000000
13385691.000000,1,71.000,65.000,66.000,54.000,51.000,31.000,35.000,0.000,0.000,0.000,71.000,444.000000
13387150.000000,1,72.000,66.000,66.000,55.000,51.000,33.000,36.000,0.000,0.000,0.000,71.000,450.000000
13388611.000000,1,72.000,66.000,66.000,59.000,51.000,34.000,36.000,0.000,0.000,0.000,72.000,456.000000
13390047.000000,1,74.000,66.000,66.000,55.000,52.000,37.000,38.000,0.000,0.000,0.000,71.000,459.000000
13391517.000000,1,70.000,66.000,69.000,57.000,51.000,35.000,37.000,0.000,0.000,0.000,72.000,457.000000
13392976.000000,1,72.000,64.000,66.000,55.000,51.000,36.000,37.000,0.000,0.000,0.000,71.000,452.000000
13394424.000000,1,71.000,62.000,65.000,54.000,50.000,30.000,37.000,0.000,5.000,0.000,71.000,445.000000
13395857.000000,2,17.000,15.000,16.000,14.000,12.000,42.000,31.000,0.000,0.000,0.000,72.000,219.000000
13397307.000000,2,0.000,0.000,0.000,0.000,0.000,43.000,13.000,0.000,0.000,18.000,71.000,145.000000
13398742.000000,2,24.000,11.000,0.000,0.000,0.000,41.000,0.000,0.000,0.000,38.000,69.000,183.000000
13400200.000000,2,26.000,12.000,0.000,0.000,0.000,38.000,13.000,0.000,0.000,19.000,72.000,180.000000
13401646.000000,2,21.000,0.000,0.000,0.000,0.000,46.000,15.000,0.000,0.000,20.000,69.000,171.000000
13403099.000000,2,42.000,6.000,0.000,0.000,0.000,45.000,0.000,0.000,0.000,42.000,66.000,201.000000
13404557.000000,2,0.000,0.000,0.000,0.000,0.000,49.000,0.000,0.000,0.000,36.000,67.000,152.000000
13405987.000000,2,0.000,0.000,0.000,0.000,0.000,50.000,0.000,0.000,0.000,42.000,63.000,155.000000
13407427.000000,2,16.000,0.000,0.000,0.000,0.000,43.000,0.000,0.000,0.000,48.000,61.000,168.000000
13408858.000000,2,48.000,24.000,3.000,0.000,0.000,36.000,0.000,0.000,0.000,37.000,70.000,218.000000
13410330.000000,2,50.000,4.000,4.000,0.000,0.000,43.000,36.000,0.000,0.000,0.000,69.000,206.000000
13411777.000000,2,22.000,0.000,0.000,0.000,0.000,45.000,32.000,0.000,0.000,0.000,68.000,167.000000
13413220.000000,2,0.000,0.000,0.000,0.000,0.000,46.000,22.000,0.000,0.000,10.000,70.000,148.000000
13414681.000000,2,3.000,0.000,0.000,0.000,0.000,47.000,6.000,0.000,0.000,27.000,67.000,150.000000
13416164.000000,2,0.000,0.000,0.000,0.000,0.000,47.000,0.000,0.000,0.000,45.000,62.000,154.000000
13417623.000000,2,25.000,4.000,0.000,0.000,0.000,37.000,0.000,0.000,0.000,50.000,63.000,179.000000
13419104.000000,2,0.000,0.000,0.000,0.000,0.000,43.000,3.000,0.000,0.000,29.000,71.000,146.000000
13420563.000000,2,0.000,0.000,0.000,0.000,0.000,43.000,34.000,0.000,0.000,0.000,70.000,147.000000
13422020.000000,2,0.000,0.000,0.000,0.000,0.000,39.000,34.000,0.000,0.000,0.000,71.000,144.000000
13423491.000000,2,0.000,0.000,0.000,0.000,0.000,39.000,32.000,0.000,0.000,0.000,72.000,143.000000
13424947.000000,2,6.000,0.000,0.000,0.000,0.000,47.000,8.000,0.000,0.000,25.000,68.000,154.000000
13426402.000000,2,22.000,7.000,0.000,0.000,0.000,45.000,0.000,0.000,0.000,42.000,65.000,181.000000
13427835.000000,2,23.000,2.000,0.000,0.000,0.000,40.000,14.000,0.000,0.000,19.000,72.000,170.000000
13429291.000000,2,0.000,0.000,0.000,0.000,0.000,43.000,35.000,0.000,0.000,0.000,69.000,147.000000
13430724.000000,2,5.000,0.000,0.000,0.000,0.000,41.000,37.000,0.000,0.000,0.000,70.000,153.000000
13432175.000000,2,0.000,0.000,0.000,0.000,0.000,45.000,8.000,0.000,0.000,24.000,70.000,147.000000
13433625.000000,2,0.000,0.000,0.000,0.000,0.000,49.000,2.000,0.000,0.000,33.000,66.000,150.000000
13435065.000000,2,10.000,0.000,0.000,0.000,0.000,44.000,27.000,0.000,0.000,4.000,72.000,157.000000
13436503.000000,2,0.000,0.000,0.000,0.000,0.000,46.000,30.000,0.000,0.000,0.000,69.000,145.000000
13437945.000000,2,0.000,0.000,0.000,0.000,0.000,43.000,24.000,0.000,0.000,7.000,71.000,145.000000
13439406.000000,2,25.000,0.000,0.000,0.000,0.000,45.000,0.000,0.000,0.000,32.000,67.000,169.000000
13440864.000000,2,33.000,4.000,0.000,0.000,0.000,43.000,0.000,0.000,0.000,31.000,70.000,181.000000
13442347.000000,2,19.000,0.000,0.000,0.000,0.000,41.000,0.000,0.000,0.000,32.000,71.000,163.000000
13443817.000000,2,37.000,0.000,0.000,0.000,0.000,42.000,0.000,0.000,0.000,35.000,68.000,182.000000
13445252.000000,2,35.000,3.000,0.000,0.000,0.000,43.000,0.000,0.000,0.000,39.000,67.000,187.000000
13446713.000000,2,33.000,0.000,0.000,0.000,0.000,42.000,0.000,0.000,0.000,46.000,65.000,186.000000
13448183.000000,2,16.000,0.000,0.000,0.000,0.000,37.000,0.000,0.000,0.000,44.000,68.000,165.000000
13449656.000000,2,55.000,7.000,0.000,0.000,0.000,46.000,28.000,0.000,0.000,7.000,66.000,209.000000
13451122.000000,2,1.000,0.000,0.000,0.000,0.000,41.000,0.000,0.000,0.000,33.000,71.000,146.000000
13452596.000000,2,28.000,0.000,0.000,0.000,0.000,41.000,0.000,0.000,0.000,37.000,69.000,175.000000
13454051.000000,2,47.000,0.000,0.000,0.000,0.000,41.000,0.000,0.000,0.000,37.000,72.000,197.000000
13455516.000000,2,51.000,0.000,0.000,0.000,0.000,49.000,0.000,0.000,0.000,38.000,63.000,201.000000
13456933.000000,2,52.000,0.000,0.000,0.000,0.000,46.000,0.000,0.000,0.000,36.000,67.000,201.000000
13458371.000000,2,49.000,9.000,0.000,0.000,0.000,43.000,0.000,0.000,0.000,36.000,70.000,207.000000
13459814.000000,2,11.000,0.000,0.000,0.000,0.000,36.000,0.000,0.000,0.000,42.000,68.000,157.000000
13461257.000000,2,8.000,0.000,0.000,0.000,0.000,38.000,0.000,0.000,0.000,46.000,68.000,160.000000
13462691.000000,2,19.000,0.000,0.000,0.000,0.000,39.000,0.000,0.000,0.000,44.000,67.000,169.000000
13464108.000000,2,29.000,0.000,0.000,0.000,0.000,42.000,21.000,0.000,0.000,11.000,71.000,174.000000
13465539.000000,2,16.000,0.000,0.000,0.000,0.000,39.000,8.000,0.000,0.000,23.000,71.000,157.000000
13466995.000000,2,42.000,5.000,0.000,0.000,0.000,41.000,0.000,0.000,0.000,37.000,69.000,194.000000
13468474.000000,2,28.000,0.000,0.000,0.000,0.000,41.000,0.000,0.000,0.000,43.000,66.000,178.000000
13469891.000000,2,49.000,0.000,0.000,0.000,0.000,44.000,14.000,0.000,0.000,24.000,69.000,200.000000
13471353.000000,2,32.000,0.000,0.000,0.000,0.000,42.000,4.000,0.000,0.000,30.000,71.000,179.000000
13472825.000000,2,0.000,0.000,0.000,0.000,0.000,40.000,0.000,0.000,0.000,38.000,71.000,149.000000
13474288.000000,2,3.000,0.000,0.000,0.000,0.000,33.000,0.000,0.000,0.000,51.000,63.000,150.000000
13475766.000000,2,38.000,0.000,0.000,0.000,0.000,42.000,0.000,0.000,0.000,37.000,70.000,187.000000
13477208.000000,2,2.000,0.000,0.000,0.000,0.000,41.000,0.000,0.000,0.000,35.000,71.000,149.000000
13478673.000000,2,44.000,10.000,0.000,0.000,0.000,47.000,0.000,0.000,0.000,37.000,66.000,204.000000
13480151.000000,2,50.000,0.000,0.000,0.000,0.000,38.000,0.000,0.000,0.000,41.000,70.000,199.000000
13481623.000000,2,52.000,0.000,0.000,0.000,0.000,45.000,0.000,0.000,0.000,41.000,66.000,204.000000
13483050.000000,2,38.000,0.000,0.000,0.000,0.000,45.000,0.000,0.000,0.000,38.000,68.000,189.000000
13484499.000000,2,14.000,0.000,0.000,0.000,0.000,43.000,0.000,0.000,0.000,34.000,71.000,162.000000
13485977.000000,2,20.000,0.000,0.000,0.000,0.000,42.000,0.000,0.000,0.000,37.000,68.000,167.000000
13487435.000000,2,38.000,14.000,0.000,0.000,0.000,4.000,3.000,0.000,46.000,30.000,65.000,200.000000
13488882.000000,2,37.000,5.000,0.000,0.000,0.000,0.000,30.000,0.000,45.000,0.000,68.000,185.000000
13490333.000000,2,34.000,7.000,0.000,0.000,0.000,0.000,29.000,0.000,47.000,3.000,67.000,187.000000
13491775.000000,2,41.000,15.000,0.000,0.000,0.000,0.000,0.000,0.000,53.000,36.000,62.000,207.000000
13493242.000000,2,25.000,0.000,0.000,0.000,0.000,6.000,5.000,0.000,48.000,34.000,57.000,175.000000
13494724.000000,2,0.000,0.000,0.000,0.000,0.000,42.000,24.000,0.000,0.000,6.000,71.000,143.000000
13496196.000000,2,0.000,0.000,0.000,0.000,0.000,45.000,16.000,0.000,0.000,17.000,69.000,147.000000
13497636.000000,2,10.000,0.000,0.000,0.000,0.000,42.000,0.000,0.000,0.000,33.000,71.000,156.000000
13499058.000000,2,6.000,0.000,0.000,0.000,0.000,38.000,0.000,0.000,0.000,38.000,71.000,153.000000
13500491.000000,2,20.000,0.000,0.000,0.000,0.000,24.000,0.000,0.000,14.000,42.000,66.000,166.000000
13501954.000000,2,35.000,0.000,0.000,0.000,0.000,0.000,38.000,0.000,51.000,0.000,65.000,189.000000
13503405.000000,2,34.000,5.000,0.000,0.000,0.000,0.000,33.000,0.000,45.000,0.000,67.000,184.000000
13504860.000000,2,36.000,0.000,0.000,0.000,0.000,0.000,23.000,0.000,45.000,9.000,69.000,182.000000
13506300.000000,2,42.000,18.000,0.000,0.000,0.000,0.000,12.000,0.000,53.000,21.000,63.000,209.000000
13507754.000000,2,40.000,17.000,0.000,0.000,0.000,0.000,4.000,0.000,51.000,40.000,58.000,210.000000
13509221.000000,2,37.000,16.000,4.000,0.000,0.000,0.000,11.000,0.000,48.000,24.000,64.000,204.000000
13510692.000000,2,38.000,10.000,0.000,0.000,0.000,0.000,0.000,0.000,45.000,30.000,68.000,191.000000
13512154.000000,2,38.000,0.000,0.000,0.000,0.000,20.000,3.000,0.000,26.000,31.000,69.000,187.000000
13513613.000000,2,26.000,3.000,0.000,0.000,0.000,35.000,0.000,0.000,0.000,31.000,70.000,165.000000
13515095.000000,2,10.000,0.000,0.000,0.000,0.000,43.000,29.000,0.000,0.000,3.000,69.000,154.000000
13516567.000000,2,0.000,0.000,0.000,0.000,0.000,30.000,4.000,0.000,4.000,29.000,72.000,139.000000
13517999.000000,2,9.000,0.000,0.000,0.000,0.000,31.000,13.000,0.000,4.000,21.000,71.000,149.000000
13519442.000000,2,4.000,0.000,0.000,0.000,0.000,38.000,27.000,0.000,0.000,8.000,71.000,148.000000
13520872.000000,3,46.000,8.000,0.000,0.000,0.000,56.000,9.000,0.000,0.000,22.000,59.000,200.000000
13522321.000000,3,54.000,61.000,0.000,0.000,0.000,54.000,0.000,0.000,0.000,38.000,60.000,267.000000
13523768.000000,3,57.000,44.000,0.000,0.000,0.000,56.000,10.000,0.000,0.000,24.000,60.000,251.000000
13525204.000000,3,66.000,0.000,0.000,0.000,0.000,62.000,2.000,0.000,0.000,31.000,54.000,215.000000
13526681.000000,3,66.000,0.000,0.000,0.000,0.000,61.000,40.000,0.000,0.000,0.000,53.000,220.000000
13528142.000000,3,64.000,0.000,0.000,0.000,0.000,57.000,35.000,0.000,0.000,0.000,58.000,214.000000
13529606.000000,3,41.000,17.000,0.000,0.000,0.000,54.000,6.000,0.000,0.000,30.000,61.000,209.000000
13531056.000000,3,51.000,54.000,0.000,0.000,0.000,57.000,3.000,0.000,0.000,34.000,58.000,257.000000
13532515.000000,3,59.000,0.000,0.000,0.000,0.000,57.000,35.000,0.000,0.000,0.000,57.000,208.000000
13533987.000000,3,63.000,0.000,0.000,0.000,0.000,59.000,33.000,0.000,0.000,0.000,57.000,212.000000
13535430.000000,3,61.000,0.000,0.000,0.000,0.000,62.000,14.000,0.000,0.000,18.000,54.000,209.000000
13536929.000000,3,66.000,7.000,0.000,0.000,0.000,61.000,0.000,0.000,0.000,36.000,55.000,225.000000
13538397.000000,3,58.000,15.000,0.000,0.000,0.000,60.000,0.000,0.000,0.000,40.000,54.000,227.000000
13539835.000000,3,56.000,30.000,0.000,0.000,0.000,58.000,0.000,0.000,0.000,40.000,56.000,240.000000
13541298.000000,3,51.000,55.000,9.000,0.000,0.000,60.000,8.000,0.000,0.000,27.000,57.000,267.000000
13542770.000000,3,64.000,0.000,0.000,0.000,0.000,61.000,35.000,0.000,0.000,0.000,55.000,215.000000
13544228.000000,3,46.000,0.000,0.000,0.000,0.000,56.000,30.000,0.000,0.000,4.000,58.000,194.000000
13545700.000000,3,9.000,9.000,0.000,0.000,0.000,47.000,0.000,0.000,0.000,31.000,68.000,164.000000
13547123.000000,3,58.000,26.000,0.000,0.000,0.000,58.000,0.000,0.000,0.000,31.000,58.000,231.000000
13548575.000000,3,61.000,12.000,0.000,0.000,0.000,60.000,0.000,0.000,0.000,37.000,56.000,226.000000
13550013.000000,3,66.000,0.000,0.000,0.000,0.000,55.000,0.000,0.000,0.000,35.000,60.000,216.000000
13551450.000000,3,66.000,0.000,0.000,0.000,0.000,57.000,0.000,0.000,0.000,31.000,59.000,213.000000
13552908.000000,3,66.000,0.000,0.000,0.000,0.000,61.000,26.000,0.000,0.000,6.000,56.000,215.000000
13554360.000000,3,56.000,13.000,0.000,0.000,0.000,59.000,31.000,0.000,0.000,4.000,58.000,221.000000
13555812.000000,3,63.000,13.000,0.000,0.000,0.000,59.000,5.000,0.000,0.000,26.000,57.000,223.000000
13557249.000000,3,66.000,0.000,0.000,0.000,0.000,61.000,11.000,0.000,0.000,22.000,55.000,215.000000
13558682.000000,3,67.000,0.000,0.000,0.000,0.000,62.000,31.000,0.000,0.000,0.000,54.000,214.000000
13560140.000000,3,62.000,0.000,0.000,0.000,0.000,61.000,17.000,0.000,0.000,14.000,55.000,209.000000
13561587.000000,3,61.000,0.000,0.000,0.000,0.000,62.000,33.000,0.000,0.000,0.000,57.000,213.000000
13563054.000000,3,63.000,0.000,0.000,0.000,0.000,62.000,39.000,0.000,0.000,0.000,54.000,218.000000
13564517.000000,3,69.000,0.000,0.000,0.000,0.000,62.000,16.000,0.000,0.000,18.000,56.000,221.000000
13565978.000000,3,71.000,0.000,0.000,0.000,0.000,64.000,28.000,0.000,0.000,0.000,52.000,215.000000
13567446.000000,3,71.000,0.000,0.000,0.000,0.000,61.000,18.000,0.000,0.000,14.000,55.000,219.000000
13568895.000000,3,72.000,0.000,0.000,0.000,0.000,54.000,7.000,0.000,0.000,25.000,62.000,220.000000
13570345.000000,3,67.000,0.000,0.000,0.000,0.000,61.000,2.000,0.000,0.000,35.000,55.000,220.000000
13571816.000000,3,58.000,0.000,0.000,0.000,0.000,56.000,9.000,0.000,0.000,23.000,60.000,206.000000
13573258.000000,3,44.000,10.000,0.000,0.000,0.000,53.000,0.000,0.000,0.000,31.000,62.000,200.000000
13574735.000000,3,72.000,0.000,0.000,0.000,0.000,62.000,0.000,0.000,0.000,30.000,58.000,222.000000
13576178.000000,3,67.000,0.000,0.000,0.000,0.000,65.000,14.000,0.000,0.000,18.000,53.000,217.000000
13577581.000000,3,67.000,11.000,0.000,0.000,0.000,69.000,3.000,0.000,0.000,28.000,44.000,222.000000
13579010.000000,3,73.000,0.000,0.000,0.000,0.000,66.000,15.000,0.000,0.000,16.000,52.000,222.000000
13580576.000000,3,63.000,36.000,0.000,0.000,0.000,55.000,0.000,0.000,0.000,34.000,61.000,249.000000
13582013.000000,3,62.000,27.000,0.000,0.000,0.000,58.000,9.000,0.000,0.000,23.000,59.000,238.000000
13583437.000000,3,66.000,0.000,0.000,0.000,0.000,58.000,0.000,0.000,0.000,39.000,54.000,217.000000
13584855.000000,3,70.000,0.000,0.000,0.000,0.000,60.000,0.000,0.000,0.000,38.000,57.000,225.000000
13586259.000000,3,18.000,0.000,0.000,0.000,0.000,50.000,4.000,0.000,0.000,31.000,63.000,166.000000
13587663.000000,3,58.000,25.000,0.000,0.000,0.000,58.000,0.000,0.000,0.000,31.000,59.000,231.000000
14876586.000000,3,67.000,0.000,0.000,0.000,0.000,65.000,0.000,0.000,0.000,31.000,52.000,215.000000
14878117.000000,3,69.000,0.000,0.000,0.000,0.000,58.000,0.000,0.000,0.000,33.000,57.000,217.000000
14879623.000000,3,71.000,0.000,0.000,0.000,0.000,60.000,0.000,0.000,0.000,36.000,56.000,223.000000
14881160.000000,3,73.000,0.000,0.000,0.000,0.000,59.000,0.000,0.000,0.000,39.000,55.000,226.000000
14882526.000000,3,71.000,0.000,0.000,0.000,0.000,61.000,0.000,0.000,0.000,31.000,54.000,217.000000
14883909.000000,3,67.000,7.000,0.000,0.000,0.000,64.000,0.000,0.000,0.000,33.000,55.000,226.000000
14885270.000000,3,68.000,0.000,0.000,0.000,0.000,59.000,0.000,0.000,0.000,33.000,57.000,217.000000
14886624.000000,3,70.000,0.000,0.000,0.000,0.000,59.000,0.000,0.000,0.000,30.000,59.000,218.000000
14887967.000000,3,65.000,0.000,0.000,0.000,0.000,64.000,0.000,0.000,0.000,30.000,52.000,211.000000
14889352.000000,3,71.000,0.000,0.000,0.000,0.000,56.000,0.000,0.000,0.000,35.000,60.000,222.000000
14891499.000000,3,70.000,0.000,0.000,0.000,0.000,60.000,0.000,0.000,0.000,31.000,58.000,219.000000
14892852.000000,3,70.000,0.000,0.000,0.000,0.000,57.000,0.000,0.000,0.000,34.000,58.000,219.000000
14894254.000000,3,65.000,4.000,0.000,0.000,0.000,64.000,0.000,0.000,0.000,30.000,54.000,217.000000
14895650.000000,3,67.000,0.000,0.000,0.000,0.000,60.000,0.000,0.000,0.000,33.000,56.000,216.000000
14897030.000000,3,60.000,31.000,0.000,0.000,0.000,59.000,35.000,0.000,0.000,2.000,54.000,241.000000
14898367.000000,3,64.000,23.000,0.000,0.000,0.000,55.000,35.000,0.000,0.000,0.000,60.000,237.000000
14899732.000000,3,73.000,6.000,0.000,0.000,0.000,55.000,11.000,0.000,0.000,20.000,60.000,225.000000
14901055.000000,3,73.000,0.000,0.000,0.000,0.000,62.000,28.000,0.000,0.000,4.000,54.000,221.000000
14902424.000000,3,69.000,0.000,0.000,0.000,0.000,66.000,36.000,0.000,0.000,0.000,50.000,221.000000
14903821.000000,3,61.000,17.000,0.000,0.000,0.000,59.000,32.000,0.000,0.000,0.000,57.000,226.000000
14905223.000000,3,67.000,0.000,0.000,0.000,0.000,65.000,32.000,0.000,0.000,0.000,48.000,212.000000
14906651.000000,3,72.000,0.000,0.000,0.000,0.000,67.000,27.000,0.000,0.000,6.000,51.000,223.000000
14908060.000000,3,70.000,0.000,0.000,0.000,0.000,60.000,34.000,0.000,0.000,1.000,56.000,221.000000
14909445.000000,3,68.000,0.000,0.000,0.000,0.000,62.000,43.000,0.000,0.000,0.000,50.000,223.000000
14910861.000000,3,70.000,4.000,0.000,0.000,0.000,60.000,37.000,0.000,0.000,0.000,55.000,226.000000
14912279.000000,3,57.000,57.000,0.000,0.000,0.000,58.000,39.000,0.000,0.000,0.000,56.000,267.000000
14913697.000000,3,67.000,46.000,0.000,0.000,0.000,64.000,32.000,0.000,0.000,0.000,49.000,258.000000
14915111.000000,3,52.000,65.000,0.000,0.000,0.000,59.000,38.000,0.000,0.000,0.000,57.000,271.000000
14916500.000000,3,73.000,43.000,0.000,0.000,0.000,65.000,32.000,0.000,0.000,0.000,48.000,261.000000
14917903.000000,3,56.000,53.000,0.000,0.000,0.000,53.000,41.000,0.000,3.000,0.000,55.000,261.000000
14919313.000000,3,57.000,57.000,0.000,0.000,0.000,53.000,38.000,0.000,0.000,0.000,60.000,265.000000
14920704.000000,3,69.000,19.000,0.000,0.000,0.000,64.000,33.000,0.000,0.000,0.000,51.000,236.000000
14922098.000000,3,74.000,0.000,0.000,0.000,0.000,65.000,38.000,0.000,0.000,0.000,49.000,226.000000
14923528.000000,3,69.000,0.000,0.000,0.000,0.000,65.000,37.000,0.000,0.000,0.000,50.000,221.000000
14924963.000000,3,68.000,0.000,0.000,0.000,0.000,67.000,33.000,0.000,0.000,0.000,50.000,218.000000
14926358.000000,3,67.000,0.000,0.000,0.000,0.000,62.000,34.000,0.000,0.000,0.000,53.000,216.000000
14927767.000000,3,71.000,0.000,0.000,0.000,0.000,64.000,35.000,0.000,0.000,0.000,52.000,222.000000
14929177.000000,3,69.000,0.000,0.000,0.000,0.000,66.000,38.000,0.000,0.000,0.000,46.000,219.000000
14930580.000000,3,72.000,0.000,0.000,0.000,0.000,63.000,33.000,0.000,0.000,0.000,53.000,221.000000
14931968.000000,3,68.000,0.000,0.000,0.000,0.000,64.000,37.000,0.000,0.000,0.000,50.000,219.000000
14933367.000000,3,67.000,0.000,0.000,0.000,0.000,65.000,34.000,0.000,0.000,0.000,51.000,217.000000
14934768.000000,3,73.000,0.000,0.000,0.000,0.000,66.000,34.000,0.000,0.000,0.000,46.000,219.000000
14936187.000000,3,70.000,0.000,0.000,0.000,0.000,63.000,25.000,0.000,0.000,7.000,52.000,217.000000
14937597.000000,4,71.000,10.000,0.000,0.000,0.000,57.000,21.000,0.000,0.000,11.000,56.000,226.000000
14939006.000000,4,71.000,41.000,0.000,0.000,0.000,30.000,34.000,0.000,0.000,0.000,71.000,247.000000
14940423.000000,4,72.000,29.000,0.000,0.000,0.000,33.000,20.000,0.000,0.000,13.000,71.000,238.000000
14941848.000000,4,71.000,0.000,0.000,0.000,0.000,34.000,13.000,0.000,0.000,18.000,70.000,206.000000
14943289.000000,4,72.000,0.000,0.000,0.000,0.000,41.000,26.000,0.000,0.000,5.000,72.000,216.000000
14944740.000000,4,71.000,25.000,0.000,0.000,0.000,12.000,34.000,0.000,19.000,0.000,71.000,232.000000
14946171.000000,4,71.000,44.000,0.000,0.000,0.000,0.000,31.000,0.000,35.000,0.000,71.000,252.000000
14947591.000000,4,68.000,14.000,0.000,0.000,0.000,0.000,35.000,0.000,32.000,0.000,71.000,220.000000
14949035.000000,4,66.000,0.000,0.000,0.000,0.000,24.000,24.000,0.000,6.000,8.000,70.000,198.000000
14950461.000000,4,65.000,0.000,0.000,0.000,0.000,30.000,30.000,0.000,0.000,0.000,70.000,195.000000
14951907.000000,4,70.000,6.000,0.000,0.000,0.000,23.000,31.000,0.000,10.000,0.000,71.000,211.000000
14953352.000000,4,71.000,42.000,41.000,0.000,0.000,19.000,31.000,0.000,14.000,0.000,70.000,288.000000
14954809.000000,4,70.000,29.000,0.000,0.000,0.000,39.000,37.000,0.000,0.000,0.000,71.000,246.000000
14956216.000000,4,70.000,40.000,0.000,0.000,0.000,32.000,36.000,0.000,0.000,0.000,71.000,249.000000
14957629.000000,4,72.000,0.000,0.000,0.000,0.000,32.000,21.000,0.000,0.000,11.000,71.000,207.000000
14959016.000000,4,71.000,0.000,0.000,0.000,0.000,41.000,0.000,0.000,0.000,32.000,71.000,215.000000
14960398.000000,4,70.000,0.000,0.000,0.000,0.000,32.000,19.000,0.000,4.000,14.000,71.000,210.000000
14961784.000000,4,69.000,32.000,7.000,0.000,0.000,0.000,31.000,0.000,30.000,1.000,71.000,241.000000
14963131.000000,4,69.000,23.000,9.000,0.000,0.000,5.000,26.000,0.000,28.000,7.000,70.000,237.000000
14964502.000000,4,66.000,16.000,0.000,0.000,0.000,38.000,31.000,0.000,0.000,1.000,71.000,223.000000
14965892.000000,4,71.000,0.000,0.000,0.000,0.000,41.000,18.000,0.000,0.000,15.000,72.000,217.000000
14967266.000000,4,71.000,18.000,5.000,0.000,0.000,22.000,36.000,0.000,11.000,0.000,71.000,234.000000
14968654.000000,4,72.000,43.000,39.000,0.000,0.000,9.000,25.000,0.000,24.000,7.000,71.000,290.000000
14970060.000000,4,71.000,11.000,11.000,0.000,0.000,0.000,0.000,0.000,33.000,38.000,71.000,235.000000
14971439.000000,4,68.000,0.000,0.000,0.000,0.000,0.000,10.000,0.000,34.000,26.000,71.000,209.000000
14972829.000000,4,67.000,12.000,0.000,0.000,0.000,4.000,40.000,0.000,29.000,0.000,72.000,224.000000
14974286.000000,4,71.000,33.000,0.000,0.000,0.000,28.000,41.000,0.000,4.000,0.000,71.000,248.000000
14975682.000000,4,72.000,38.000,0.000,0.000,0.000,35.000,39.000,0.000,0.000,0.000,72.000,256.000000
14977080.000000,4,71.000,3.000,0.000,0.000,0.000,31.000,11.000,0.000,0.000,21.000,70.000,207.000000
14978510.000000,4,72.000,8.000,0.000,0.000,0.000,4.000,0.000,0.000,26.000,33.000,71.000,214.000000
14979884.000000,4,70.000,45.000,0.000,0.000,0.000,26.000,14.000,0.000,7.000,19.000,69.000,250.000000
14981233.000000,4,66.000,43.000,18.000,5.000,0.000,39.000,30.000,0.000,0.000,0.000,72.000,273.000000
14982595.000000,4,71.000,46.000,40.000,22.000,0.000,14.000,10.000,0.000,19.000,21.000,70.000,313.000000
14983948.000000,4,67.000,46.000,41.000,0.000,0.000,0.000,0.000,0.000,32.000,33.000,71.000,290.000000
14985335.000000,4,64.000,9.000,5.000,0.000,0.000,0.000,0.000,0.000,39.000,36.000,71.000,224.000000
14986756.000000,4,68.000,24.000,0.000,0.000,0.000,0.000,24.000,0.000,35.000,11.000,71.000,233.000000
14988080.000000,4,66.000,0.000,0.000,0.000,0.000,0.000,12.000,0.000,40.000,20.000,71.000,209.000000
14989429.000000,4,67.000,9.000,0.000,0.000,0.000,6.000,23.000,0.000,30.000,9.000,71.000,215.000000
14990808.000000,4,65.000,26.000,0.000,0.000,0.000,7.000,9.000,0.000,29.000,22.000,71.000,229.000000
14992193.000000,4,66.000,35.000,0.000,0.000,0.000,0.000,3.000,0.000,36.000,30.000,71.000,241.000000
14993564.000000,4,67.000,10.000,0.000,0.000,0.000,2.000,25.000,0.000,31.000,7.000,70.000,212.000000
14994923.000000,4,66.000,15.000,0.000,0.000,0.000,0.000,0.000,0.000,34.000,37.000,71.000,223.000000
14996264.000000,4,66.000,24.000,0.000,0.000,0.000,11.000,12.000,0.000,23.000,27.000,70.000,233.000000
14997625.000000,4,65.000,16.000,0.000,0.000,0.000,12.000,43.000,0.000,21.000,0.000,70.000,227.000000
14998954.000000,4,66.000,12.000,0.000,0.000,0.000,0.000,17.000,0.000,35.000,13.000,71.000,214.000000
15000337.000000,4,67.000,0.000,0.000,0.000,0.000,15.000,0.000,0.000,18.000,30.000,70.000,200.000000
15001696.000000,4,67.000,39.000,0.000,0.000,0.000,0.000,0.000,0.000,38.000,30.000,71.000,245.000000
15003099.000000,4,67.000,39.000,0.000,0.000,0.000,0.000,0.000,0.000,36.000,31.000,71.000,244.000000
15004499.000000,4,67.000,36.000,0.000,0.000,0.000,5.000,0.000,0.000,28.000,29.000,71.000,236.000000
15005894.000000,4,66.000,5.000,0.000,0.000,0.000,21.000,15.000,0.000,12.000,16.000,70.000,205.000000
15007268.000000,4,66.000,39.000,0.000,0.000,0.000,0.000,10.000,0.000,38.000,22.000,71.000,246.000000
15008656.000000,4,66.000,24.000,0.000,0.000,0.000,0.000,12.000,0.000,33.000,25.000,71.000,231.000000
15010020.000000,4,65.000,32.000,0.000,0.000,0.000,20.000,0.000,0.000,14.000,40.000,70.000,241.000000
15011374.000000,4,65.000,44.000,4.000,0.000,0.000,35.000,11.000,0.000,0.000,21.000,71.000,251.000000
15012718.000000,4,68.000,43.000,40.000,0.000,0.000,26.000,0.000,0.000,8.000,31.000,71.000,287.000000
15014083.000000,4,64.000,44.000,40.000,0.000,0.000,0.000,0.000,0.000,29.000,31.000,70.000,278.000000
15015401.000000,4,65.000,45.000,24.000,0.000,0.000,30.000,9.000,0.000,3.000,23.000,71.000,270.000000
15016732.000000,4,66.000,44.000,39.000,0.000,0.000,8.000,0.000,0.000,24.000,32.000,70.000,283.000000
15018082.000000,4,67.000,44.000,40.000,0.000,0.000,18.000,0.000,0.000,12.000,34.000,71.000,286.000000
15019402.000000,4,68.000,44.000,32.000,0.000,0.000,32.000,9.000,0.000,0.000,24.000,70.000,279.000000
15020742.000000,4,67.000,27.000,22.000,0.000,0.000,26.000,19.000,0.000,7.000,18.000,70.000,256.000000
15022078.000000,4,69.000,0.000,0.000,0.000,0.000,21.000,46.000,0.000,10.000,0.000,69.000,215.000000
15023432.000000,4,67.000,9.000,0.000,0.000,0.000,0.000,40.000,0.000,33.000,0.000,71.000,220.000000
15024779.000000,4,66.000,0.000,0.000,0.000,0.000,0.000,42.000,0.000,30.000,0.000,72.000,210.000000
15026126.000000,4,65.000,0.000,0.000,0.000,0.000,0.000,32.000,0.000,37.000,0.000,71.000,205.000000
15027490.000000,4,65.000,0.000,0.000,0.000,0.000,0.000,32.000,0.000,43.000,0.000,70.000,210.000000
15028853.000000,4,68.000,0.000,0.000,0.000,0.000,14.000,40.000,0.000,20.000,0.000,71.000,213.000000
15030208.000000,4,63.000,0.000,0.000,0.000,0.000,8.000,36.000,0.000,28.000,0.000,72.000,207.000000
15031538.000000,4,55.000,0.000,0.000,0.000,0.000,0.000,15.000,0.000,38.000,20.000,71.000,199.000000
15032895.000000,4,70.000,14.000,0.000,0.000,0.000,6.000,36.000,0.000,30.000,0.000,71.000,227.000000
15034278.000000,4,65.000,0.000,0.000,0.000,0.000,38.000,40.000,0.000,0.000,0.000,70.000,213.000000
15035684.000000,4,72.000,0.000,0.000,0.000,0.000,13.000,37.000,0.000,19.000,0.000,71.000,212.000000
15037092.000000,4,67.000,0.000,0.000,0.000,0.000,0.000,32.000,0.000,39.000,0.000,71.000,209.000000
15038440.000000,4,63.000,8.000,0.000,0.000,0.000,0.000,35.000,0.000,38.000,0.000,72.000,216.000000
15039798.000000,4,70.000,0.000,0.000,0.000,0.000,22.000,37.000,0.000,11.000,0.000,71.000,211.000000
15041163.000000,4,63.000,0.000,0.000,0.000,0.000,0.000,36.000,0.000,38.000,0.000,71.000,208.000000
15042548.000000,4,67.000,0.000,0.000,0.000,0.000,0.000,21.000,0.000,51.000,14.000,65.000,218.000000
15043893.000000,4,65.000,0.000,0.000,0.000,0.000,0.000,34.000,0.000,40.000,0.000,71.000,210.000000
15045287.000000,4,65.000,0.000,0.000,0.000,0.000,0.000,37.000,0.000,34.000,0.000,71.000,207.000000
15046678.000000,4,62.000,0.000,0.000,0.000,0.000,0.000,30.000,0.000,46.000,5.000,68.000,211.000000
15048059.000000,4,67.000,0.000,0.000,0.000,0.000,0.000,0.000,0.000,54.000,30.000,62.000,213.000000
15049440.000000,4,70.000,0.000,0.000,0.000,0.000,0.000,31.000,0.000,44.000,3.000,69.000,217.000000
15050836.000000,4,65.000,0.000,0.000,0.000,0.000,0.000,36.000,0.000,37.000,0.000,72.000,210.000000
15052206.000000,4,61.000,10.000,0.000,0.000,0.000,0.000,14.000,0.000,50.000,19.000,65.000,219.000000
15053564.000000,4,64.000,0.000,0.000,0.000,0.000,0.000,0.000,0.000,55.000,30.000,62.000,211.000000
15054984.000000,4,70.000,0.000,0.000,0.000,0.000,0.000,25.000,0.000,49.000,6.000,64.000,214.000000
15056367.000000,4,73.000,0.000,0.000,0.000,0.000,0.000,33.000,0.000,38.000,0.000,72.000,216.000000
15057754.000000,4,61.000,12.000,0.000,0.000,0.000,0.000,29.000,0.000,45.000,5.000,68.000,220.000000
15059169.000000,4,61.000,0.000,0.000,0.000,0.000,0.000,0.000,0.000,53.000,34.000,64.000,212.000000
15060538.000000,4,70.000,0.000,0.000,0.000,0.000,0.000,21.000,0.000,46.000,11.000,67.000,215.000000
15061904.000000,4,70.000,0.000,0.000,0.000,0.000,0.000,31.000,0.000,41.000,0.000,72.000,214.000000
15063274.000000,4,61.000,0.000,0.000,0.000,0.000,0.000,13.000,0.000,48.000,17.000,66.000,205.000000
15064626.000000,4,67.000,0.000,0.000,0.000,0.000,0.000,23.000,0.000,47.000,8.000,67.000,212.000000
15066007.000000,5,71.000,19.000,14.000,0.000,0.000,12.000,16.000,0.000,35.000,14.000,70.000,251.000000
15067395.000000,5,74.000,73.000,58.000,0.000,0.000,51.000,24.000,0.000,0.000,10.000,67.000,357.000000
15068745.000000,5,77.000,72.000,54.000,0.000,0.000,50.000,0.000,0.000,0.000,36.000,63.000,352.000000
15070118.000000,5,76.000,72.000,57.000,0.000,0.000,49.000,0.000,0.000,0.000,41.000,64.000,359.000000
15071497.000000,5,77.000,77.000,54.000,9.000,0.000,47.000,3.000,0.000,0.000,36.000,65.000,368.000000
15072831.000000,5,72.000,69.000,57.000,15.000,0.000,47.000,40.000,0.000,0.000,0.000,65.000,365.000000
15074185.000000,5,71.000,70.000,57.000,0.000,0.000,46.000,35.000,0.000,0.000,0.000,67.000,346.000000
15075531.000000,5,71.000,68.000,63.000,0.000,0.000,45.000,26.000,0.000,0.000,10.000,68.000,351.000000
15076869.000000,5,72.000,71.000,57.000,0.000,0.000,45.000,0.000,0.000,0.000,38.000,66.000,349.000000
15078205.000000,5,70.000,71.000,58.000,0.000,0.000,45.000,0.000,0.000,0.000,41.000,66.000,351.000000
15079565.000000,5,73.000,72.000,59.000,0.000,0.000,51.000,0.000,0.000,0.000,36.000,66.000,357.000000
15080880.000000,5,75.000,73.000,58.000,3.000,0.000,51.000,15.000,0.000,0.000,18.000,67.000,360.000000
15082218.000000,5,71.000,72.000,61.000,0.000,0.000,52.000,38.000,0.000,0.000,0.000,62.000,356.000000
15083558.000000,5,71.000,74.000,59.000,0.000,0.000,52.000,18.000,0.000,0.000,16.000,64.000,354.000000
15084897.000000,5,71.000,77.000,57.000,0.000,0.000,51.000,0.000,0.000,0.000,40.000,62.000,358.000000
15086281.000000,5,71.000,77.000,54.000,0.000,0.000,54.000,0.000,0.000,0.000,42.000,59.000,357.000000
15087658.000000,5,72.000,77.000,55.000,0.000,0.000,52.000,22.000,0.000,0.000,13.000,64.000,355.000000
15089018.000000,5,71.000,74.000,59.000,9.000,0.000,51.000,37.000,0.000,0.000,0.000,66.000,367.000000
15090381.000000,5,71.000,71.000,46.000,42.000,0.000,47.000,21.000,0.000,0.000,14.000,66.000,378.000000
15091726.000000,5,72.000,71.000,60.000,0.000,0.000,48.000,0.000,0.000,0.000,39.000,66.000,356.000000
15093108.000000,5,69.000,71.000,59.000,0.000,0.000,47.000,0.000,0.000,0.000,42.000,67.000,355.000000
15094430.000000,5,66.000,73.000,57.000,0.000,0.000,53.000,7.000,0.000,0.000,26.000,63.000,345.000000
15095778.000000,5,70.000,72.000,60.000,0.000,0.000,54.000,34.000,0.000,0.000,0.000,61.000,351.000000
15097142.000000,5,70.000,75.000,62.000,0.000,0.000,53.000,37.000,0.000,0.000,0.000,62.000,359.000000
15098493.000000,5,72.000,75.000,61.000,0.000,0.000,54.000,10.000,0.000,0.000,22.000,61.000,355.000000
15099830.000000,5,71.000,76.000,54.000,0.000,0.000,55.000,0.000,0.000,0.000,40.000,61.000,357.000000
15101172.000000,5,72.000,76.000,55.000,0.000,0.000,54.000,18.000,0.000,0.000,16.000,63.000,354.000000
15102500.000000,5,71.000,72.000,54.000,8.000,0.000,47.000,22.000,0.000,0.000,12.000,65.000,351.000000
15103831.000000,5,69.000,71.000,55.000,0.000,0.000,48.000,18.000,0.000,0.000,16.000,68.000,345.000000
15105173.000000,5,71.000,63.000,61.000,0.000,0.000,48.000,36.000,0.000,0.000,0.000,66.000,345.000000
15106511.000000,5,71.000,60.000,59.000,0.000,0.000,38.000,34.000,0.000,0.000,0.000,71.000,333.000000
15107835.000000,5,65.000,71.000,68.000,0.000,0.000,53.000,32.000,0.000,0.000,0.000,62.000,351.000000
15109160.000000,5,73.000,66.000,61.000,0.000,0.000,50.000,15.000,0.000,0.000,20.000,66.000,351.000000
15110519.000000,5,69.000,67.000,62.000,0.000,0.000,51.000,19.000,0.000,0.000,14.000,66.000,348.000000
15111909.000000,5,75.000,65.000,61.000,0.000,0.000,50.000,12.000,0.000,0.000,19.000,66.000,348.000000
15113257.000000,5,75.000,62.000,61.000,0.000,0.000,49.000,27.000,0.000,0.000,8.000,66.000,348.000000
15114624.000000,5,71.000,63.000,57.000,0.000,0.000,44.000,12.000,0.000,0.000,21.000,69.000,337.000000
15115990.000000,5,70.000,62.000,58.000,3.000,0.000,40.000,18.000,0.000,0.000,14.000,71.000,336.000000
15117322.000000,5,62.000,67.000,62.000,0.000,0.000,55.000,31.000,0.000,0.000,0.000,62.000,339.000000
15118693.000000,5,71.000,62.000,58.000,0.000,0.000,47.000,24.000,0.000,0.000,7.000,67.000,336.000000
15120051.000000,5,72.000,63.000,57.000,0.000,0.000,47.000,12.000,0.000,0.000,24.000,66.000,341.000000
15121432.000000,5,69.000,67.000,59.000,0.000,0.000,46.000,40.000,0.000,0.000,0.000,65.000,346.000000
15122842.000000,5,71.000,61.000,62.000,0.000,0.000,45.000,3.000,0.000,0.000,29.000,71.000,342.000000
15124191.000000,5,72.000,60.000,57.000,0.000,0.000,39.000,6.000,0.000,0.000,24.000,72.000,330.000000
15125513.000000,5,71.000,61.000,57.000,0.000,0.000,49.000,18.000,0.000,0.000,14.000,66.000,336.000000
15126849.000000,5,69.000,65.000,57.000,0.000,0.000,51.000,0.000,0.000,0.000,32.000,64.000,338.000000
15128196.000000,5,72.000,71.000,58.000,0.000,0.000,54.000,8.000,0.000,0.000,28.000,64.000,355.000000
15129548.000000,5,68.000,66.000,58.000,0.000,0.000,44.000,24.000,0.000,0.000,8.000,69.000,337.000000
15130897.000000,5,69.000,66.000,58.000,0.000,0.000,53.000,11.000,0.000,0.000,20.000,64.000,341.000000
15132246.000000,5,74.000,67.000,58.000,0.000,0.000,51.000,19.000,0.000,0.000,17.000,65.000,351.000000
15133606.000000,5,71.000,64.000,58.000,0.000,0.000,47.000,33.000,0.000,0.000,0.000,68.000,341.000000
15134972.000000,5,71.000,63.000,57.000,0.000,0.000,42.000,16.000,0.000,0.000,19.000,70.000,338.000000
15136338.000000,5,73.000,65.000,57.000,0.000,0.000,49.000,28.000,0.000,0.000,6.000,68.000,346.000000
15137680.000000,5,72.000,67.000,57.000,0.000,0.000,46.000,17.000,0.000,0.000,14.000,69.000,342.000000
15139042.000000,5,65.000,68.000,59.000,0.000,0.000,51.000,30.000,0.000,0.000,3.000,64.000,340.000000
15140406.000000,5,72.000,66.000,57.000,0.000,0.000,49.000,14.000,0.000,0.000,18.000,65.000,341.000000
15141785.000000,5,69.000,67.000,51.000,19.000,0.000,51.000,31.000,0.000,0.000,5.000,64.000,357.000000
15143137.000000,5,71.000,61.000,59.000,0.000,0.000,46.000,38.000,0.000,0.000,0.000,66.000,341.000000
15144488.000000,5,66.000,69.000,55.000,0.000,0.000,51.000,37.000,0.000,0.000,0.000,64.000,342.000000
15145872.000000,5,68.000,58.000,58.000,3.000,0.000,20.000,40.000,0.000,13.000,0.000,71.000,331.000000
15147239.000000,5,67.000,61.000,51.000,11.000,0.000,38.000,38.000,0.000,2.000,0.000,71.000,339.000000
15148604.000000,5,71.000,58.000,55.000,6.000,0.000,33.000,39.000,0.000,0.000,0.000,71.000,333.000000
15149930.000000,5,68.000,61.000,54.000,19.000,0.000,41.000,39.000,0.000,0.000,0.000,70.000,352.000000
15151266.000000,5,61.000,65.000,51.000,7.000,0.000,51.000,37.000,0.000,0.000,0.000,65.000,337.000000
15152597.000000,5,69.000,66.000,52.000,0.000,0.000,48.000,38.000,0.000,0.000,0.000,67.000,340.000000
15153949.000000,5,71.000,64.000,51.000,3.000,0.000,39.000,41.000,0.000,0.000,0.000,68.000,337.000000
15155297.000000,5,71.000,61.000,54.000,0.000,0.000,35.000,42.000,0.000,0.000,0.000,71.000,334.000000
15156652.000000,5,70.000,59.000,53.000,0.000,0.000,45.000,41.000,0.000,0.000,0.000,66.000,334.000000
15157993.000000,5,60.000,70.000,52.000,5.000,0.000,52.000,37.000,0.000,0.000,0.000,63.000,339.000000
15159314.000000,5,72.000,61.000,51.000,0.000,0.000,46.000,40.000,0.000,0.000,0.000,67.000,337.000000
15160652.000000,5,71.000,62.000,51.000,0.000,0.000,40.000,43.000,0.000,0.000,0.000,68.000,335.000000
15162007.000000,5,72.000,60.000,53.000,9.000,0.000,37.000,40.000,0.000,0.000,0.000,71.000,342.000000
15163361.000000,5,71.000,59.000,55.000,13.000,0.000,31.000,40.000,0.000,4.000,0.000,71.000,344.000000
15164701.000000,5,69.000,57.000,53.000,9.000,0.000,34.000,40.000,0.000,2.000,0.000,71.000,335.000000
15166032.000000,5,68.000,59.000,52.000,0.000,0.000,45.000,39.000,0.000,0.000,0.000,66.000,329.000000
15167422.000000,5,71.000,62.000,51.000,0.000,0.000,34.000,39.000,0.000,0.000,0.000,71.000,328.000000
15168798.000000,5,67.000,57.000,52.000,0.000,0.000,41.000,38.000,0.000,0.000,0.000,69.000,324.000000
15170145.000000,5,65.000,58.000,52.000,0.000,0.000,48.000,37.000,0.000,0.000,0.000,67.000,327.000000
15171498.000000,5,68.000,62.000,54.000,0.000,0.000,39.000,42.000,0.000,0.000,0.000,69.000,334.000000
15172884.000000,5,70.000,61.000,57.000,0.000,0.000,38.000,43.000,0.000,0.000,0.000,68.000,337.000000
15174250.000000,5,67.000,61.000,53.000,0.000,0.000,35.000,43.000,0.000,0.000,0.000,71.000,330.000000
15175571.000000,5,63.000,64.000,54.000,0.000,0.000,47.000,40.000,0.000,0.000,0.000,66.000,334.000000
15177032.000000,5,70.000,65.000,54.000,0.000,0.000,48.000,41.000,0.000,0.000,0.000,66.000,344.000000
15178469.000000,5,70.000,67.000,60.000,0.000,0.000,42.000,43.000,0.000,0.000,0.000,66.000,348.000000
15179914.000000,5,72.000,64.000,57.000,0.000,0.000,35.000,41.000,0.000,0.000,0.000,69.000,338.000000
15181371.000000,6,71.000,60.000,25.000,0.000,0.000,38.000,34.000,0.000,0.000,0.000,71.000,299.000000
15182781.000000,6,73.000,58.000,0.000,0.000,0.000,43.000,17.000,0.000,0.000,18.000,70.000,279.000000
15184130.000000,6,72.000,61.000,0.000,0.000,0.000,40.000,0.000,0.000,0.000,42.000,68.000,283.000000
15185559.000000,6,67.000,64.000,0.000,0.000,0.000,33.000,0.000,0.000,0.000,35.000,71.000,270.000000
15186948.000000,6,72.000,64.000,0.000,0.000,0.000,37.000,0.000,0.000,0.000,33.000,72.000,278.000000
15188360.000000,6,75.000,57.000,0.000,0.000,0.000,42.000,0.000,0.000,0.000,47.000,64.000,285.000000
15189763.000000,6,77.000,57.000,0.000,0.000,0.000,40.000,0.000,0.000,0.000,43.000,66.000,283.000000
15191190.000000,6,71.000,60.000,0.000,0.000,0.000,42.000,0.000,0.000,0.000,39.000,67.000,279.000000
15192612.000000,6,73.000,59.000,6.000,0.000,0.000,36.000,0.000,0.000,0.000,38.000,71.000,283.000000
15193988.000000,6,69.000,63.000,16.000,0.000,0.000,32.000,25.000,0.000,0.000,10.000,72.000,287.000000
15195357.000000,6,68.000,41.000,61.000,0.000,0.000,31.000,34.000,0.000,0.000,0.000,71.000,306.000000
15196801.000000,6,71.000,45.000,50.000,0.000,0.000,36.000,1.000,0.000,0.000,35.000,70.000,308.000000
15198221.000000,6,76.000,63.000,0.000,0.000,0.000,46.000,0.000,0.000,0.000,37.000,66.000,288.000000
15199671.000000,6,76.000,57.000,10.000,0.000,0.000,45.000,0.000,0.000,0.000,38.000,68.000,294.000000
15201074.000000,6,73.000,53.000,31.000,4.000,0.000,32.000,0.000,0.000,3.000,35.000,71.000,302.000000
15202440.000000,6,71.000,65.000,4.000,0.000,0.000,35.000,0.000,0.000,0.000,35.000,71.000,281.000000
15203844.000000,6,71.000,58.000,0.000,0.000,0.000,40.000,0.000,0.000,0.000,44.000,68.000,281.000000
15205270.000000,6,71.000,57.000,0.000,0.000,0.000,41.000,0.000,0.000,0.000,45.000,67.000,281.000000
15206695.000000,6,71.000,61.000,0.000,0.000,0.000,42.000,32.000,0.000,0.000,2.000,71.000,279.000000
15208047.000000,6,67.000,65.000,0.000,0.000,0.000,42.000,41.000,0.000,0.000,0.000,67.000,282.000000
19271900.000000,6,74.000,63.000,0.000,0.000,0.000,42.000,18.000,0.000,0.000,16.000,71.000,284.000000
19273409.000000,6,71.000,54.000,0.000,0.000,0.000,39.000,0.000,0.000,0.000,41.000,69.000,274.000000
19274855.000000,6,70.000,58.000,0.000,0.000,0.000,36.000,0.000,0.000,0.000,47.000,66.000,277.000000
19276307.000000,6,72.000,58.000,0.000,0.000,0.000,42.000,0.000,0.000,0.000,42.000,66.000,280.000000
19277749.000000,6,72.000,59.000,0.000,0.000,0.000,40.000,31.000,0.000,0.000,3.000,71.000,276.000000
19279090.000000,6,72.000,62.000,0.000,0.000,0.000,41.000,38.000,0.000,0.000,0.000,72.000,285.000000
19280448.000000,6,71.000,60.000,8.000,0.000,0.000,36.000,42.000,0.000,0.000,0.000,70.000,287.000000
19281822.000000,6,70.000,39.000,0.000,0.000,0.000,24.000,9.000,0.000,13.000,32.000,71.000,258.000000
19283193.000000,6,72.000,63.000,0.000,0.000,0.000,35.000,0.000,0.000,0.000,40.000,71.000,281.000000
19284568.000000,6,71.000,50.000,49.000,0.000,0.000,34.000,21.000,0.000,0.000,15.000,72.000,312.000000
19285917.000000,6,64.000,51.000,75.000,0.000,0.000,16.000,6.000,0.000,17.000,27.000,70.000,326.000000
19287277.000000,6,76.000,71.000,16.000,0.000,0.000,37.000,26.000,0.000,1.000,5.000,71.000,303.000000
19288598.000000,6,77.000,72.000,0.000,0.000,0.000,15.000,6.000,0.000,17.000,26.000,70.000,283.000000
19289948.000000,6,67.000,74.000,0.000,0.000,0.000,24.000,0.000,0.000,7.000,33.000,71.000,276.000000
19291277.000000,6,69.000,71.000,0.000,0.000,0.000,35.000,0.000,0.000,0.000,32.000,71.000,278.000000
19292631.000000,6,72.000,71.000,0.000,0.000,0.000,11.000,0.000,0.000,21.000,39.000,72.000,286.000000
19293983.000000,6,68.000,73.000,0.000,0.000,0.000,24.000,11.000,0.000,7.000,23.000,71.000,277.000000
19295327.000000,6,70.000,71.000,0.000,0.000,0.000,12.000,6.000,0.000,21.000,27.000,71.000,278.000000
19296712.000000,6,70.000,75.000,0.000,0.000,0.000,28.000,19.000,0.000,6.000,12.000,71.000,281.000000
19298074.000000,6,65.000,72.000,0.000,0.000,0.000,32.000,2.000,0.000,0.000,36.000,71.000,278.000000
19299412.000000,6,70.000,67.000,28.000,0.000,0.000,16.000,24.000,0.000,18.000,10.000,71.000,304.000000
19300773.000000,6,70.000,70.000,5.000,0.000,0.000,0.000,1.000,0.000,33.000,35.000,72.000,286.000000
19302108.000000,6,71.000,71.000,0.000,0.000,0.000,26.000,22.000,0.000,9.000,11.000,71.000,281.000000
19303460.000000,6,70.000,72.000,0.000,0.000,0.000,18.000,0.000,0.000,15.000,33.000,71.000,279.000000
19304791.000000,6,68.000,71.000,0.000,0.000,0.000,31.000,0.000,0.000,4.000,31.000,70.000,275.000000
19306144.000000,6,69.000,72.000,0.000,0.000,0.000,1.000,0.000,0.000,45.000,37.000,69.000,293.000000
19307466.000000,6,72.000,69.000,7.000,0.000,0.000,0.000,26.000,0.000,45.000,7.000,69.000,295.000000
19308798.000000,6,71.000,72.000,0.000,0.000,0.000,0.000,19.000,0.000,44.000,12.000,70.000,288.000000
19310145.000000,6,71.000,71.000,3.000,0.000,0.000,0.000,0.000,0.000,52.000,35.000,64.000,296.000000
19311462.000000,6,72.000,71.000,0.000,0.000,0.000,0.000,0.000,0.000,47.000,30.000,65.000,285.000000
19312811.000000,6,71.000,72.000,0.000,0.000,0.000,0.000,0.000,0.000,47.000,32.000,66.000,288.000000
19314150.000000,6,66.000,71.000,0.000,0.000,0.000,0.000,2.000,0.000,49.000,32.000,66.000,286.000000
19315463.000000,6,72.000,70.000,0.000,0.000,0.000,0.000,2.000,0.000,46.000,32.000,69.000,291.000000
19316789.000000,6,70.000,72.000,0.000,0.000,0.000,0.000,0.000,0.000,47.000,31.000,67.000,287.000000
19318129.000000,6,71.000,70.000,0.000,0.000,0.000,0.000,0.000,0.000,47.000,33.000,68.000,289.000000
19319478.000000,6,68.000,70.000,0.000,0.000,0.000,0.000,2.000,0.000,46.000,31.000,69.000,286.000000
19320836.000000,6,69.000,72.000,0.000,0.000,0.000,0.000,0.000,0.000,48.000,34.000,68.000,291.000000
19322188.000000,6,68.000,71.000,0.000,0.000,0.000,0.000,0.000,0.000,46.000,33.000,65.000,283.000000
19323529.000000,6,71.000,70.000,0.000,0.000,0.000,16.000,16.000,0.000,25.000,16.000,69.000,283.000000
19324881.000000,6,71.000,62.000,0.000,0.000,0.000,37.000,13.000,0.000,0.000,17.000,71.000,271.000000
19326216.000000,6,71.000,68.000,0.000,0.000,0.000,23.000,0.000,0.000,11.000,31.000,71.000,275.000000
19327565.000000,6,72.000,72.000,0.000,0.000,0.000,3.000,8.000,0.000,31.000,25.000,71.000,282.000000
19328914.000000,6,71.000,62.000,0.000,0.000,0.000,35.000,13.000,0.000,0.000,21.000,71.000,273.000000
19330247.000000,6,69.000,66.000,0.000,0.000,0.000,7.000,2.000,0.000,26.000,31.000,71.000,272.000000
19331579.000000,6,70.000,67.000,0.000,0.000,0.000,0.000,0.000,0.000,30.000,33.000,71.000,271.000000
19332919.000000,6,65.000,67.000,0.000,0.000,0.000,0.000,0.000,0.000,34.000,35.000,71.000,272.000000
19334245.000000,6,69.000,68.000,0.000,0.000,0.000,26.000,0.000,0.000,8.000,34.000,71.000,276.000000
19335583.000000,6,69.000,63.000,0.000,0.000,0.000,32.000,0.000,0.000,4.000,34.000,72.000,274.000000
19336906.000000,6,68.000,69.000,0.000,0.000,0.000,0.000,0.000,0.000,32.000,35.000,71.000,275.000000
19338238.000000,6,69.000,63.000,0.000,0.000,0.000,31.000,0.000,0.000,3.000,34.000,71.000,271.000000
19339563.000000,6,69.000,59.000,0.000,0.000,0.000,43.000,0.000,0.000,0.000,35.000,70.000,276.000000
19340899.000000,6,68.000,65.000,7.000,0.000,0.000,9.000,0.000,0.000,26.000,38.000,71.000,284.000000
19342236.000000,6,67.000,62.000,0.000,0.000,0.000,4.000,0.000,0.000,30.000,40.000,70.000,273.000000
19343576.000000,6,73.000,62.000,0.000,0.000,0.000,36.000,0.000,0.000,0.000,36.000,71.000,278.000000
19344915.000000,6,68.000,66.000,0.000,0.000,0.000,26.000,0.000,0.000,8.000,36.000,71.000,275.000000
19346258.000000,6,66.000,68.000,0.000,0.000,0.000,0.000,0.000,0.000,31.000,36.000,72.000,273.000000
19347606.000000,6,67.000,66.000,0.000,0.000,0.000,21.000,0.000,0.000,11.000,33.000,71.000,269.000000
19348962.000000,6,65.000,71.000,0.000,0.000,0.000,3.000,0.000,0.000,33.000,36.000,71.000,279.000000
19350327.000000,6,69.000,66.000,0.000,0.000,0.000,0.000,0.000,0.000,32.000,36.000,72.000,275.000000
19351672.000000,6,66.000,68.000,0.000,0.000,0.000,3.000,0.000,0.000,32.000,37.000,71.000,277.000000
19353018.000000,6,70.000,64.000,0.000,0.000,0.000,35.000,0.000,0.000,0.000,38.000,71.000,278.000000
19354355.000000,6,69.000,69.000,0.000,0.000,0.000,22.000,0.000,0.000,8.000,39.000,72.000,279.000000
19355713.000000,6,67.000,71.000,0.000,0.000,0.000,0.000,0.000,0.000,32.000,42.000,71.000,283.000000
19357065.000000,6,68.000,67.000,0.000,0.000,0.000,14.000,0.000,0.000,19.000,37.000,72.000,277.000000
19358390.000000,6,71.000,59.000,0.000,0.000,0.000,37.000,0.000,0.000,0.000,37.000,71.000,275.000000
19359720.000000,6,68.000,65.000,0.000,0.000,0.000,24.000,0.000,0.000,11.000,38.000,72.000,278.000000
19361049.000000,6,68.000,68.000,0.000,0.000,0.000,10.000,0.000,0.000,22.000,37.000,71.000,276.000000
