15359029.000000,1,0.000,0.000,0.000,0.000,0.000,0.000,0.000,0.000,0.000,0.000,0.000,0.000000
15360361.000000,1,79.000,75.000,72.000,72.000,57.000,50.000,13.000,0.000,0.000,10.000,78.000,506.000000
15361694.000000,1,77.000,71.000,70.000,70.000,57.000,44.000,21.000,0.000,0.000,0.000,75.000,485.000000
15363042.000000,1,79.000,78.000,70.000,75.000,63.000,49.000,39.000,0.000,0.000,0.000,74.000,527.000000
15364391.000000,1,75.000,80.000,70.000,80.000,67.000,51.000,38.000,0.000,0.000,0.000,71.000,532.000000
15365755.000000,1,75.000,79.000,70.000,75.000,65.000,58.000,9.000,0.000,0.000,15.000,70.000,516.000000
15367118.000000,1,75.000,75.000,70.000,75.000,65.000,54.000,0.000,0.000,0.000,40.000,70.000,524.000000
15368466.000000,1,74.000,81.000,70.000,75.000,60.000,53.000,11.000,0.000,0.000,27.000,69.000,520.000000
15369798.000000,1,77.000,80.000,74.000,78.000,60.000,55.000,40.000,0.000,0.000,0.000,70.000,534.000000
15371148.000000,1,82.000,79.000,75.000,77.000,55.000,48.000,35.000,0.000,0.000,0.000,71.000,522.000000
15372510.000000,1,84.000,76.000,71.000,78.000,56.000,48.000,3.000,0.000,0.000,32.000,74.000,522.000000
15373854.000000,1,84.000,78.000,75.000,77.000,52.000,48.000,0.000,0.000,0.000,45.000,71.000,530.000000
15375217.000000,1,86.000,80.000,75.000,75.000,52.000,48.000,17.000,0.000,0.000,7.000,75.000,515.000000
15376555.000000,1,75.000,78.000,70.000,75.000,62.000,44.000,44.000,0.000,0.000,0.000,72.000,520.000000
15377904.000000,1,84.000,77.000,75.000,76.000,57.000,48.000,17.000,0.000,0.000,12.000,73.000,519.000000
15379257.000000,1,83.000,77.000,76.000,74.000,56.000,48.000,0.000,0.000,0.000,47.000,70.000,531.000000
15380597.000000,1,75.000,77.000,70.000,75.000,58.000,52.000,18.000,0.000,0.000,12.000,71.000,508.000000
15381920.000000,1,75.000,77.000,70.000,75.000,59.000,52.000,24.000,0.000,0.000,11.000,73.000,516.000000
15383268.000000,1,74.000,75.000,70.000,73.000,58.000,48.000,39.000,0.000,0.000,0.000,71.000,508.000000
15384628.000000,1,79.000,80.000,74.000,75.000,53.000,52.000,28.000,0.000,0.000,4.000,70.000,515.000000
15385981.000000,1,84.000,75.000,71.000,76.000,52.000,48.000,0.000,0.000,0.000,40.000,74.000,520.000000
15387322.000000,1,75.000,75.000,70.000,72.000,57.000,48.000,23.000,0.000,0.000,10.000,71.000,501.000000
15388658.000000,1,70.000,77.000,70.000,74.000,61.000,48.000,48.000,0.000,0.000,0.000,70.000,518.000000
15390011.000000,1,82.000,78.000,74.000,74.000,52.000,52.000,26.000,0.000,0.000,4.000,75.000,517.000000
15391349.000000,1,79.000,77.000,72.000,76.000,55.000,48.000,0.000,0.000,0.000,28.000,70.000,505.000000
15392690.000000,1,73.000,77.000,69.000,70.000,59.000,52.000,0.000,0.000,0.000,39.000,70.000,509.000000
15394033.000000,1,78.000,78.000,74.000,75.000,61.000,52.000,8.000,0.000,0.000,35.000,70.000,531.000000
15395375.000000,1,75.000,80.000,71.000,79.000,59.000,52.000,36.000,0.000,0.000,0.000,70.000,522.000000
15396685.000000,1,79.000,76.000,75.000,74.000,52.000,48.000,27.000,0.000,0.000,0.000,75.000,506.000000
15398030.000000,1,75.000,73.000,70.000,72.000,49.000,47.000,36.000,0.000,0.000,0.000,74.000,496.000000
15399377.000000,1,75.000,73.000,73.000,65.000,56.000,29.000,31.000,0.000,0.000,0.000,76.000,478.000000
15400708.000000,1,78.000,70.000,71.000,70.000,54.000,21.000,25.000,0.000,10.000,0.000,75.000,474.000000
15402051.000000,1,73.000,75.000,71.000,72.000,52.000,50.000,21.000,0.000,0.000,0.000,75.000,489.000000
15403390.000000,1,75.000,70.000,70.000,65.000,63.000,14.000,25.000,0.000,15.000,0.000,76.000,473.000000
15404744.000000,1,70.000,70.000,70.000,65.000,54.000,10.000,3.000,0.000,17.000,29.000,79.000,467.000000
15406072.000000,1,76.000,74.000,75.000,64.000,55.000,34.000,32.000,0.000,0.000,5.000,75.000,490.000000
15407408.000000,1,77.000,71.000,70.000,62.000,52.000,35.000,19.000,0.000,0.000,16.000,75.000,477.000000
15408739.000000,1,77.000,70.000,75.000,64.000,55.000,36.000,31.000,0.000,0.000,4.000,80.000,492.000000
15410082.000000,1,70.000,69.000,70.000,58.000,52.000,36.000,4.000,0.000,0.000,31.000,75.000,465.000000
15411406.000000,1,78.000,71.000,75.000,65.000,52.000,36.000,39.000,0.000,0.000,0.000,75.000,491.000000
15412737.000000,1,74.000,71.000,70.000,64.000,52.000,10.000,22.000,0.000,16.000,0.000,79.000,458.000000
15414079.000000,1,74.000,71.000,75.000,61.000,49.000,39.000,24.000,0.000,0.000,0.000,76.000,469.000000
15415436.000000,1,74.000,72.000,70.000,65.000,54.000,36.000,24.000,0.000,0.000,0.000,75.000,470.000000
15416781.000000,1,75.000,71.000,74.000,65.000,53.000,30.000,27.000,0.000,0.000,0.000,79.000,474.000000
15418110.000000,1,75.000,70.000,71.000,65.000,52.000,31.000,24.000,0.000,7.000,0.000,76.000,471.000000
15419467.000000,1,75.000,70.000,74.000,67.000,55.000,27.000,26.000,0.000,8.000,0.000,75.000,477.000000
15420806.000000,1,75.000,70.000,72.000,56.000,59.000,11.000,28.000,0.000,22.000,0.000,78.000,471.000000
15422152.000000,1,76.000,74.000,75.000,65.000,48.000,32.000,15.000,0.000,0.000,20.000,77.000,482.000000
15423514.000000,1,73.000,71.000,68.000,70.000,48.000,48.000,0.000,0.000,0.000,21.000,75.000,474.000000
15424882.000000,1,75.000,70.000,71.000,67.000,55.000,28.000,25.000,0.000,0.000,0.000,75.000,466.000000
15426228.000000,1,75.000,73.000,70.000,68.000,53.000,24.000,30.000,0.000,0.000,0.000,79.000,472.000000
15427574.000000,1,75.000,72.000,70.000,65.000,51.000,21.000,26.000,0.000,0.000,0.000,76.000,456.000000
15428925.000000,1,70.000,70.000,70.000,65.000,49.000,10.000,6.000,0.000,16.000,21.000,76.000,453.000000
15430274.000000,1,75.000,70.000,73.000,65.000,52.000,30.000,19.000,0.000,0.000,7.000,79.000,470.000000
15431625.000000,1,75.000,70.000,72.000,65.000,52.000,33.000,24.000,0.000,0.000,0.000,75.000,466.000000
15432980.000000,1,75.000,70.000,70.000,63.000,52.000,40.000,25.000,0.000,0.000,0.000,77.000,472.000000
15434345.000000,1,75.000,73.000,72.000,68.000,52.000,15.000,25.000,0.000,13.000,0.000,78.000,471.000000
15435704.000000,1,75.000,69.000,73.000,67.000,48.000,30.000,19.000,0.000,3.000,4.000,75.000,463.000000
15437042.000000,1,74.000,72.000,70.000,56.000,51.000,30.000,34.000,0.000,0.000,0.000,77.000,464.000000
15438390.000000,1,76.000,71.000,70.000,55.000,49.000,22.000,36.000,0.000,0.000,0.000,78.000,457.000000
15439741.000000,1,75.000,70.000,70.000,54.000,48.000,15.000,36.000,0.000,7.000,0.000,75.000,450.000000
15441074.000000,1,75.000,70.000,70.000,59.000,48.000,16.000,36.000,0.000,9.000,0.000,79.000,462.000000
15442431.000000,1,78.000,72.000,75.000,59.000,52.000,28.000,40.000,0.000,0.000,0.000,76.000,480.000000
15443791.000000,1,77.000,73.000,75.000,59.000,52.000,24.000,36.000,0.000,0.000,0.000,75.000,471.000000
15445135.000000,1,75.000,70.000,70.000,57.000,52.000,33.000,40.000,0.000,0.000,0.000,75.000,472.000000
15446490.000000,1,75.000,70.000,71.000,52.000,48.000,26.000,40.000,0.000,0.000,0.000,80.000,462.000000
15447841.000000,1,75.000,70.000,72.000,57.000,50.000,33.000,39.000,0.000,0.000,0.000,75.000,471.000000
15449192.000000,1,75.000,70.000,71.000,60.000,50.000,37.000,39.000,0.000,0.000,0.000,75.000,477.000000
15450551.000000,1,75.000,70.000,70.000,59.000,53.000,23.000,38.000,0.000,11.000,0.000,75.000,474.000000
15451891.000000,1,75.000,73.000,70.000,52.000,52.000,0.000,36.000,0.000,33.000,0.000,78.000,469.000000
15453248.000000,1,80.000,72.000,70.000,63.000,51.000,26.000,37.000,0.000,2.000,0.000,77.000,478.000000
15454567.000000,1,75.000,70.000,72.000,61.000,49.000,27.000,35.000,0.000,0.000,0.000,75.000,464.000000
15455929.000000,1,75.000,73.000,73.000,61.000,52.000,27.000,34.000,0.000,0.000,0.000,79.000,474.000000
15457247.000000,1,79.000,72.000,70.000,63.000,48.000,33.000,36.000,0.000,0.000,0.000,76.000,477.000000
15458586.000000,1,76.000,70.000,76.000,60.000,52.000,33.000,33.000,0.000,0.000,0.000,75.000,475.000000
15459949.000000,1,77.000,70.000,75.000,57.000,48.000,32.000,35.000,0.000,0.000,0.000,80.000,474.000000
15461304.000000,1,78.000,71.000,73.000,58.000,57.000,30.000,38.000,0.000,4.000,0.000,75.000,484.000000
15462659.000000,1,75.000,74.000,70.000,54.000,53.000,0.000,33.000,0.000,34.000,0.000,75.000,468.000000
15464011.000000,1,78.000,71.000,75.000,64.000,52.000,36.000,36.000,0.000,3.000,0.000,77.000,492.000000
15465351.000000,1,77.000,70.000,75.000,56.000,53.000,36.000,36.000,0.000,0.000,0.000,78.000,481.000000
15466700.000000,1,75.000,70.000,74.000,56.000,52.000,27.000,36.000,0.000,0.000,0.000,75.000,465.000000
15468045.000000,1,79.000,73.000,71.000,62.000,55.000,29.000,36.000,0.000,0.000,0.000,78.000,483.000000
15469402.000000,1,76.000,72.000,74.000,62.000,52.000,32.000,37.000,0.000,0.000,0.000,77.000,482.000000
15470753.000000,1,76.000,70.000,71.000,61.000,55.000,39.000,39.000,0.000,0.000,0.000,75.000,486.000000
15472122.000000,1,79.000,74.000,75.000,64.000,53.000,33.000,40.000,0.000,0.000,0.000,75.000,493.000000
15473485.000000,1,75.000,70.000,75.000,60.000,55.000,36.000,36.000,0.000,0.000,0.000,79.000,486.000000
15474827.000000,1,75.000,68.000,70.000,59.000,53.000,31.000,39.000,0.000,4.000,0.000,76.000,475.000000
15476200.000000,2,20.000,18.000,19.000,14.000,12.000,42.000,24.000,0.000,0.000,0.000,75.000,224.000000
15477533.000000,2,0.000,0.000,0.000,0.000,0.000,46.000,9.000,0.000,0.000,17.000,75.000,147.000000
15478879.000000,2,25.000,13.000,0.000,0.000,0.000,41.000,0.000,0.000,0.000,36.000,75.000,190.000000
15480238.000000,2,27.000,12.000,0.000,0.000,0.000,41.000,10.000,0.000,0.000,16.000,76.000,182.000000
15481582.000000,2,22.000,0.000,0.000,0.000,0.000,46.000,12.000,0.000,0.000,20.000,74.000,174.000000
15482920.000000,2,44.000,7.000,0.000,0.000,0.000,48.000,0.000,0.000,0.000,44.000,75.000,218.000000
15484262.000000,2,0.000,0.000,0.000,0.000,0.000,52.000,0.000,0.000,0.000,36.000,70.000,158.000000
15485638.000000,2,0.000,0.000,0.000,0.000,0.000,52.000,0.000,0.000,0.000,44.000,70.000,166.000000
15487001.000000,2,17.000,0.000,0.000,0.000,0.000,44.000,0.000,0.000,0.000,49.000,69.000,179.000000
15488354.000000,2,51.000,26.000,4.000,0.000,0.000,36.000,0.000,0.000,0.000,34.000,76.000,227.000000
15489715.000000,2,53.000,2.000,5.000,0.000,0.000,44.000,36.000,0.000,0.000,3.000,75.000,218.000000
15491073.000000,2,21.000,0.000,0.000,0.000,0.000,48.000,28.000,0.000,0.000,0.000,73.000,170.000000
15492437.000000,2,0.000,0.000,0.000,0.000,0.000,48.000,16.000,0.000,0.000,7.000,73.000,144.000000
15493806.000000,2,5.000,0.000,0.000,0.000,0.000,48.000,5.000,0.000,0.000,27.000,74.000,159.000000
15495152.000000,2,0.000,0.000,0.000,0.000,0.000,52.000,0.000,0.000,0.000,48.000,70.000,170.000000
15496519.000000,2,28.000,6.000,0.000,0.000,0.000,35.000,0.000,0.000,0.000,50.000,70.000,189.000000
15497866.000000,2,0.000,0.000,0.000,0.000,0.000,45.000,4.000,0.000,0.000,22.000,75.000,146.000000
15499226.000000,2,0.000,0.000,0.000,0.000,0.000,46.000,31.000,0.000,0.000,0.000,75.000,152.000000
15500589.000000,2,0.000,0.000,0.000,0.000,0.000,41.000,36.000,0.000,0.000,0.000,75.000,152.000000
15501929.000000,2,0.000,0.000,0.000,0.000,0.000,40.000,25.000,0.000,0.000,0.000,75.000,140.000000
15503296.000000,2,7.000,0.000,0.000,0.000,0.000,48.000,6.000,0.000,0.000,23.000,75.000,159.000000
15504637.000000,2,23.000,9.000,0.000,0.000,0.000,48.000,0.000,0.000,0.000,44.000,70.000,194.000000
15505994.000000,2,24.000,0.000,0.000,0.000,0.000,40.000,13.000,0.000,0.000,18.000,78.000,173.000000
15507351.000000,2,0.000,0.000,0.000,0.000,0.000,48.000,33.000,0.000,0.000,0.000,74.000,155.000000
15508690.000000,2,7.000,0.000,0.000,0.000,0.000,40.000,40.000,0.000,0.000,0.000,75.000,162.000000
15510037.000000,2,0.000,0.000,0.000,0.000,0.000,48.000,3.000,0.000,0.000,19.000,75.000,145.000000
15511402.000000,2,0.000,0.000,0.000,0.000,0.000,50.000,3.000,0.000,0.000,29.000,73.000,155.000000
15512716.000000,2,11.000,0.000,0.000,0.000,0.000,46.000,20.000,0.000,0.000,4.000,75.000,156.000000
15514054.000000,2,0.000,0.000,0.000,0.000,0.000,48.000,21.000,0.000,0.000,0.000,75.000,144.000000
15515402.000000,2,0.000,0.000,0.000,0.000,0.000,44.000,15.000,0.000,0.000,7.000,75.000,141.000000
15516731.000000,2,28.000,0.000,0.000,0.000,0.000,48.000,0.000,0.000,0.000,27.000,75.000,178.000000
15518076.000000,2,35.000,6.000,0.000,0.000,0.000,44.000,0.000,0.000,0.000,25.000,75.000,185.000000
15519399.000000,2,22.000,0.000,0.000,0.000,0.000,44.000,0.000,0.000,0.000,25.000,75.000,166.000000
15520742.000000,2,41.000,0.000,0.000,0.000,0.000,44.000,0.000,0.000,0.000,36.000,75.000,196.000000
15522104.000000,2,39.000,6.000,0.000,0.000,0.000,47.000,0.000,0.000,0.000,40.000,74.000,206.000000
15523451.000000,2,32.000,0.000,0.000,0.000,0.000,41.000,0.000,0.000,0.000,48.000,71.000,192.000000
15524796.000000,2,19.000,0.000,0.000,0.000,0.000,39.000,0.000,0.000,0.000,43.000,72.000,173.000000
15526135.000000,2,59.000,8.000,0.000,0.000,0.000,49.000,26.000,0.000,0.000,4.000,73.000,219.000000
15527454.000000,2,0.000,0.000,0.000,0.000,0.000,40.000,0.000,0.000,0.000,32.000,75.000,147.000000
15528810.000000,2,31.000,0.000,0.000,0.000,0.000,44.000,0.000,0.000,0.000,36.000,75.000,186.000000
15530164.000000,2,50.000,0.000,0.000,0.000,0.000,44.000,0.000,0.000,0.000,40.000,75.000,209.000000
15531519.000000,2,54.000,0.000,0.000,0.000,0.000,52.000,0.000,0.000,0.000,38.000,73.000,217.000000
15532820.000000,2,54.000,0.000,0.000,0.000,0.000,48.000,0.000,0.000,0.000,37.000,72.000,211.000000
15534158.000000,2,48.000,9.000,0.000,0.000,0.000,44.000,0.000,0.000,0.000,34.000,75.000,210.000000
15535481.000000,2,12.000,0.000,0.000,0.000,0.000,36.000,0.000,0.000,0.000,44.000,75.000,167.000000
15536814.000000,2,10.000,0.000,0.000,0.000,0.000,40.000,0.000,0.000,0.000,48.000,73.000,171.000000
15538155.000000,2,21.000,0.000,0.000,0.000,0.000,40.000,0.000,0.000,0.000,44.000,72.000,177.000000
15539521.000000,2,29.000,0.000,0.000,0.000,0.000,44.000,16.000,0.000,0.000,10.000,75.000,174.000000
15540869.000000,2,18.000,0.000,0.000,0.000,0.000,40.000,6.000,0.000,0.000,21.000,77.000,162.000000
15542188.000000,2,44.000,6.000,0.000,0.000,0.000,44.000,0.000,0.000,0.000,36.000,76.000,206.000000
15543503.000000,2,30.000,0.000,0.000,0.000,0.000,40.000,0.000,0.000,0.000,45.000,72.000,187.000000
15544817.000000,2,56.000,0.000,0.000,0.000,0.000,48.000,14.000,0.000,0.000,22.000,75.000,215.000000
15546138.000000,2,35.000,0.000,0.000,0.000,0.000,44.000,0.000,0.000,0.000,30.000,75.000,184.000000
15547485.000000,2,0.000,0.000,0.000,0.000,0.000,40.000,0.000,0.000,0.000,34.000,75.000,149.000000
15548835.000000,2,6.000,0.000,0.000,0.000,0.000,31.000,0.000,0.000,0.000,55.000,70.000,162.000000
15550195.000000,2,43.000,0.000,0.000,0.000,0.000,44.000,0.000,0.000,0.000,39.000,75.000,201.000000
15551553.000000,2,0.000,0.000,0.000,0.000,0.000,41.000,0.000,0.000,0.000,32.000,75.000,148.000000
15552903.000000,2,46.000,10.000,0.000,0.000,0.000,49.000,0.000,0.000,0.000,40.000,71.000,216.000000
15554254.000000,2,54.000,0.000,0.000,0.000,0.000,38.000,0.000,0.000,0.000,43.000,74.000,209.000000
15555594.000000,2,52.000,0.000,0.000,0.000,0.000,48.000,0.000,0.000,0.000,41.000,75.000,216.000000
15556953.000000,2,38.000,0.000,0.000,0.000,0.000,48.000,0.000,0.000,0.000,39.000,70.000,195.000000
15558310.000000,2,15.000,0.000,0.000,0.000,0.000,44.000,0.000,0.000,0.000,30.000,75.000,164.000000
15559672.000000,2,22.000,0.000,0.000,0.000,0.000,44.000,0.000,0.000,0.000,40.000,75.000,181.000000
15561004.000000,2,37.000,14.000,0.000,0.000,0.000,4.000,4.000,0.000,50.000,24.000,71.000,204.000000
15562331.000000,2,35.000,4.000,0.000,0.000,0.000,0.000,21.000,0.000,46.000,0.000,74.000,180.000000
15563663.000000,2,35.000,8.000,0.000,0.000,0.000,0.000,22.000,0.000,48.000,4.000,75.000,192.000000
15565034.000000,2,41.000,14.000,0.000,0.000,0.000,0.000,0.000,0.000,58.000,35.000,67.000,215.000000
15566372.000000,2,24.000,0.000,0.000,0.000,0.000,8.000,4.000,0.000,54.000,31.000,61.000,182.000000
15567719.000000,2,0.000,0.000,0.000,0.000,0.000,44.000,15.000,0.000,0.000,4.000,76.000,139.000000
15569072.000000,2,0.000,0.000,0.000,0.000,0.000,46.000,13.000,0.000,0.000,16.000,74.000,149.000000
15570434.000000,2,12.000,0.000,0.000,0.000,0.000,42.000,0.000,0.000,0.000,30.000,76.000,160.000000
15571781.000000,2,7.000,0.000,0.000,0.000,0.000,40.000,0.000,0.000,0.000,36.000,76.000,159.000000
15573130.000000,2,21.000,0.000,0.000,0.000,0.000,20.000,0.000,0.000,15.000,43.000,70.000,169.000000
15574483.000000,2,35.000,0.000,0.000,0.000,0.000,0.000,40.000,0.000,53.000,0.000,71.000,199.000000
15575832.000000,2,31.000,6.000,0.000,0.000,0.000,0.000,28.000,0.000,48.000,0.000,74.000,187.000000
15577177.000000,2,36.000,0.000,0.000,0.000,0.000,0.000,18.000,0.000,48.000,7.000,75.000,184.000000
15578502.000000,2,42.000,16.000,0.000,0.000,0.000,0.000,11.000,0.000,58.000,17.000,70.000,214.000000
15579852.000000,2,40.000,16.000,0.000,0.000,0.000,0.000,3.000,0.000,55.000,42.000,64.000,220.000000
15581209.000000,2,37.000,17.000,6.000,0.000,0.000,0.000,10.000,0.000,50.000,22.000,73.000,215.000000
15582577.000000,2,36.000,12.000,0.000,0.000,0.000,0.000,0.000,0.000,47.000,18.000,72.000,185.000000
15583924.000000,2,39.000,0.000,0.000,0.000,0.000,19.000,4.000,0.000,28.000,28.000,76.000,194.000000
15585254.000000,2,27.000,5.000,0.000,0.000,0.000,33.000,0.000,0.000,1.000,27.000,76.000,169.000000
15586561.000000,2,13.000,0.000,0.000,0.000,0.000,44.000,24.000,0.000,0.000,0.000,76.000,157.000000
15587899.000000,2,0.000,0.000,0.000,0.000,0.000,30.000,1.000,0.000,4.000,25.000,78.000,138.000000
15589227.000000,2,10.000,0.000,0.000,0.000,0.000,31.000,10.000,0.000,3.000,19.000,75.000,148.000000
15590593.000000,2,5.000,0.000,0.000,0.000,0.000,40.000,25.000,0.000,0.000,6.000,78.000,154.000000
15591933.000000,3,52.000,8.000,0.000,0.000,0.000,62.000,6.000,0.000,0.000,16.000,64.000,208.000000
15593267.000000,3,56.000,70.000,0.000,0.000,0.000,58.000,0.000,0.000,0.000,40.000,65.000,289.000000
15594594.000000,3,61.000,50.000,0.000,0.000,0.000,63.000,7.000,0.000,0.000,21.000,70.000,272.000000
15595916.000000,3,70.000,0.000,0.000,0.000,0.000,70.000,4.000,0.000,0.000,25.000,54.000,223.000000
15597256.000000,3,70.000,0.000,0.000,0.000,0.000,67.000,40.000,0.000,0.000,0.000,59.000,236.000000
15598607.000000,3,70.000,0.000,0.000,0.000,0.000,66.000,33.000,0.000,0.000,0.000,66.000,235.000000
15599967.000000,3,45.000,21.000,0.000,0.000,0.000,59.000,3.000,0.000,0.000,32.000,65.000,225.000000
15601297.000000,3,54.000,58.000,0.000,0.000,0.000,64.000,4.000,0.000,0.000,31.000,66.000,277.000000
15602678.000000,3,67.000,0.000,0.000,0.000,0.000,64.000,35.000,0.000,0.000,0.000,68.000,234.000000
15604029.000000,3,70.000,0.000,0.000,0.000,0.000,68.000,30.000,0.000,0.000,0.000,61.000,229.000000
15605382.000000,3,71.000,0.000,0.000,0.000,0.000,70.000,9.000,0.000,0.000,17.000,59.000,226.000000
15606768.000000,3,73.000,7.000,0.000,0.000,0.000,65.000,0.000,0.000,0.000,36.000,63.000,244.000000
15608118.000000,3,64.000,18.000,0.000,0.000,0.000,65.000,0.000,0.000,0.000,40.000,61.000,248.000000
15609451.000000,3,61.000,36.000,0.000,0.000,0.000,67.000,0.000,0.000,0.000,41.000,62.000,267.000000
15610809.000000,3,55.000,59.000,11.000,0.000,0.000,65.000,7.000,0.000,0.000,25.000,63.000,285.000000
15612166.000000,3,70.000,0.000,0.000,0.000,0.000,70.000,36.000,0.000,0.000,0.000,60.000,236.000000
15613516.000000,3,55.000,0.000,0.000,0.000,0.000,62.000,27.000,0.000,0.000,4.000,65.000,213.000000
15614829.000000,3,11.000,12.000,0.000,0.000,0.000,48.000,0.000,0.000,0.000,24.000,75.000,170.000000
15616181.000000,3,66.000,31.000,0.000,0.000,0.000,65.000,0.000,0.000,0.000,25.000,65.000,252.000000
15617529.000000,3,66.000,14.000,0.000,0.000,0.000,69.000,0.000,0.000,0.000,36.000,64.000,249.000000
15618856.000000,3,71.000,0.000,0.000,0.000,0.000,60.000,0.000,0.000,0.000,35.000,70.000,236.000000
15620198.000000,3,72.000,0.000,0.000,0.000,0.000,64.000,0.000,0.000,0.000,23.000,65.000,224.000000
15621517.000000,3,73.000,0.000,0.000,0.000,0.000,65.000,23.000,0.000,0.000,5.000,61.000,227.000000
15622847.000000,3,63.000,15.000,0.000,0.000,0.000,67.000,27.000,0.000,0.000,4.000,65.000,241.000000
15624169.000000,3,67.000,13.000,0.000,0.000,0.000,68.000,4.000,0.000,0.000,21.000,65.000,238.000000
15625518.000000,3,74.000,0.000,0.000,0.000,0.000,69.000,10.000,0.000,0.000,17.000,60.000,230.000000
15626871.000000,3,71.000,0.000,0.000,0.000,0.000,68.000,25.000,0.000,0.000,0.000,59.000,223.000000
15628236.000000,3,69.000,0.000,0.000,0.000,0.000,68.000,10.000,0.000,0.000,10.000,64.000,221.000000
15629553.000000,3,66.000,0.000,0.000,0.000,0.000,70.000,32.000,0.000,0.000,0.000,60.000,228.000000
15630878.000000,3,70.000,0.000,0.000,0.000,0.000,65.000,40.000,0.000,0.000,0.000,59.000,234.000000
15632238.000000,3,75.000,0.000,0.000,0.000,0.000,70.000,16.000,0.000,0.000,13.000,62.000,236.000000
15633580.000000,3,75.000,0.000,0.000,0.000,0.000,70.000,18.000,0.000,0.000,0.000,57.000,220.000000
15634940.000000,3,78.000,0.000,0.000,0.000,0.000,68.000,12.000,0.000,0.000,12.000,61.000,231.000000
15636291.000000,3,77.000,0.000,0.000,0.000,0.000,61.000,7.000,0.000,0.000,20.000,68.000,233.000000
15637601.000000,3,75.000,0.000,0.000,0.000,0.000,66.000,0.000,0.000,0.000,36.000,62.000,239.000000
15638950.000000,3,60.000,0.000,0.000,0.000,0.000,62.000,7.000,0.000,0.000,16.000,65.000,210.000000
15640290.000000,3,50.000,13.000,0.000,0.000,0.000,57.000,0.000,0.000,0.000,26.000,70.000,216.000000
15641651.000000,3,77.000,0.000,0.000,0.000,0.000,70.000,0.000,0.000,0.000,21.000,65.000,233.000000
15643020.000000,3,70.000,0.000,0.000,0.000,0.000,70.000,14.000,0.000,0.000,16.000,56.000,226.000000
15644344.000000,3,75.000,15.000,0.000,0.000,0.000,75.000,0.000,0.000,0.000,22.000,48.000,235.000000
15645686.000000,3,76.000,0.000,0.000,0.000,0.000,70.000,10.000,0.000,0.000,10.000,53.000,219.000000
15647051.000000,3,68.000,40.000,0.000,0.000,0.000,60.000,0.000,0.000,0.000,29.000,67.000,264.000000
15648377.000000,3,69.000,28.000,0.000,0.000,0.000,63.000,7.000,0.000,0.000,21.000,67.000,255.000000
15649717.000000,3,70.000,0.000,0.000,0.000,0.000,68.000,0.000,0.000,0.000,40.000,58.000,236.000000
15651089.000000,3,75.000,0.000,0.000,0.000,0.000,65.000,0.000,0.000,0.000,35.000,65.000,240.000000
15652461.000000,3,23.000,0.000,0.000,0.000,0.000,55.000,4.000,0.000,0.000,31.000,69.000,182.000000
15653840.000000,3,63.000,28.000,0.000,0.000,0.000,64.000,0.000,0.000,0.000,22.000,65.000,242.000000
15655201.000000,3,71.000,0.000,0.000,0.000,0.000,70.000,0.000,0.000,0.000,25.000,54.000,220.000000
15656560.000000,3,74.000,0.000,0.000,0.000,0.000,65.000,0.000,0.000,0.000,29.000,64.000,232.000000
15657920.000000,3,76.000,0.000,0.000,0.000,0.000,65.000,0.000,0.000,0.000,37.000,65.000,243.000000
15659280.000000,3,80.000,0.000,0.000,0.000,0.000,69.000,0.000,0.000,0.000,39.000,60.000,248.000000
15660613.000000,3,76.000,0.000,0.000,0.000,0.000,68.000,0.000,0.000,0.000,25.000,59.000,228.000000
15662032.000000,3,71.000,8.000,0.000,0.000,0.000,68.000,0.000,0.000,0.000,29.000,59.000,235.000000
15663374.000000,3,75.000,0.000,0.000,0.000,0.000,70.000,0.000,0.000,0.000,29.000,63.000,237.000000
15664720.000000,3,75.000,0.000,0.000,0.000,0.000,64.000,0.000,0.000,0.000,25.000,65.000,229.000000
15666083.000000,3,70.000,0.000,0.000,0.000,0.000,70.000,0.000,0.000,0.000,22.000,56.000,218.000000
15667434.000000,3,75.000,0.000,0.000,0.000,0.000,60.000,0.000,0.000,0.000,32.000,70.000,237.000000
15668747.000000,3,77.000,0.000,0.000,0.000,0.000,66.000,0.000,0.000,0.000,26.000,65.000,234.000000
15670188.000000,3,75.000,0.000,0.000,0.000,0.000,67.000,0.000,0.000,0.000,32.000,65.000,239.000000
15671590.000000,3,74.000,5.000,0.000,0.000,0.000,69.000,0.000,0.000,0.000,21.000,57.000,226.000000
15672927.000000,3,72.000,0.000,0.000,0.000,0.000,67.000,0.000,0.000,0.000,28.000,63.000,230.000000
15674244.000000,3,62.000,35.000,0.000,0.000,0.000,67.000,34.000,0.000,0.000,3.000,57.000,258.000000
15675617.000000,3,70.000,23.000,0.000,0.000,0.000,60.000,35.000,0.000,0.000,0.000,68.000,256.000000
15676969.000000,3,79.000,8.000,0.000,0.000,0.000,61.000,6.000,0.000,0.000,17.000,68.000,239.000000
15678357.000000,3,75.000,0.000,0.000,0.000,0.000,68.000,24.000,0.000,0.000,3.000,61.000,231.000000
15679733.000000,3,75.000,0.000,0.000,0.000,0.000,72.000,35.000,0.000,0.000,0.000,51.000,233.000000
15681080.000000,3,68.000,19.000,0.000,0.000,0.000,64.000,26.000,0.000,0.000,0.000,63.000,240.000000
15682456.000000,3,70.000,0.000,0.000,0.000,0.000,74.000,28.000,0.000,0.000,0.000,48.000,220.000000
15683847.000000,3,79.000,0.000,0.000,0.000,0.000,70.000,22.000,0.000,0.000,4.000,52.000,227.000000
15685198.000000,3,77.000,0.000,0.000,0.000,0.000,69.000,34.000,0.000,0.000,3.000,61.000,244.000000
15686505.000000,3,75.000,0.000,0.000,0.000,0.000,66.000,44.000,0.000,0.000,0.000,53.000,238.000000
15687858.000000,3,75.000,5.000,0.000,0.000,0.000,70.000,37.000,0.000,0.000,0.000,61.000,248.000000
15689193.000000,3,62.000,60.000,0.000,0.000,0.000,61.000,39.000,0.000,0.000,0.000,63.000,285.000000
15690542.000000,3,72.000,48.000,0.000,0.000,0.000,74.000,27.000,0.000,0.000,0.000,50.000,271.000000
15691906.000000,3,56.000,70.000,0.000,0.000,0.000,64.000,40.000,0.000,0.000,0.000,61.000,291.000000
15693260.000000,3,79.000,44.000,0.000,0.000,0.000,73.000,27.000,0.000,0.000,0.000,52.000,275.000000
15694602.000000,3,59.000,56.000,0.000,0.000,0.000,56.000,40.000,0.000,4.000,0.000,60.000,275.000000
15695952.000000,3,59.000,62.000,0.000,0.000,0.000,58.000,39.000,0.000,0.000,0.000,64.000,282.000000
15697319.000000,3,75.000,20.000,0.000,0.000,0.000,70.000,30.000,0.000,0.000,0.000,54.000,249.000000
15698706.000000,3,79.000,0.000,0.000,0.000,0.000,70.000,40.000,0.000,0.000,0.000,53.000,242.000000
15700069.000000,3,72.000,0.000,0.000,0.000,0.000,73.000,40.000,0.000,0.000,0.000,49.000,234.000000
15701438.000000,3,75.000,0.000,0.000,0.000,0.000,72.000,28.000,0.000,0.000,0.000,52.000,227.000000
15702821.000000,3,75.000,0.000,0.000,0.000,0.000,69.000,30.000,0.000,0.000,0.000,58.000,232.000000
15704204.000000,3,75.000,0.000,0.000,0.000,0.000,70.000,34.000,0.000,0.000,0.000,56.000,235.000000
15705550.000000,3,75.000,0.000,0.000,0.000,0.000,71.000,40.000,0.000,0.000,0.000,48.000,234.000000
15706898.000000,3,77.000,0.000,0.000,0.000,0.000,70.000,29.000,0.000,0.000,0.000,59.000,235.000000
15708273.000000,3,73.000,0.000,0.000,0.000,0.000,70.000,39.000,0.000,0.000,0.000,53.000,235.000000
15709645.000000,3,75.000,0.000,0.000,0.000,0.000,70.000,33.000,0.000,0.000,0.000,54.000,232.000000
15711005.000000,3,75.000,0.000,0.000,0.000,0.000,75.000,36.000,0.000,0.000,0.000,49.000,235.000000
15712345.000000,3,76.000,0.000,0.000,0.000,0.000,70.000,16.000,0.000,0.000,7.000,54.000,223.000000
15713687.000000,4,79.000,12.000,0.000,0.000,0.000,58.000,19.000,0.000,0.000,6.000,58.000,232.000000
15715033.000000,4,75.000,41.000,0.000,0.000,0.000,24.000,29.000,0.000,0.000,0.000,79.000,248.000000
15716388.000000,4,75.000,32.000,0.000,0.000,0.000,28.000,16.000,0.000,0.000,11.000,75.000,237.000000
15717729.000000,4,75.000,0.000,0.000,0.000,0.000,31.000,10.000,0.000,0.000,13.000,79.000,208.000000
15719056.000000,4,76.000,0.000,0.000,0.000,0.000,42.000,24.000,0.000,0.000,3.000,76.000,221.000000
15720402.000000,4,76.000,28.000,0.000,0.000,0.000,10.000,29.000,0.000,16.000,0.000,75.000,234.000000
15721753.000000,4,78.000,45.000,0.000,0.000,0.000,0.000,27.000,0.000,32.000,0.000,77.000,259.000000
15723125.000000,4,74.000,16.000,0.000,0.000,0.000,0.000,34.000,0.000,28.000,0.000,78.000,230.000000
15724485.000000,4,71.000,0.000,0.000,0.000,0.000,19.000,18.000,0.000,3.000,7.000,75.000,193.000000
15725880.000000,4,74.000,0.000,0.000,0.000,0.000,21.000,21.000,0.000,0.000,0.000,79.000,195.000000
15727242.000000,4,74.000,8.000,0.000,0.000,0.000,19.000,26.000,0.000,7.000,0.000,76.000,210.000000
15728589.000000,4,77.000,41.000,44.000,0.000,0.000,17.000,25.000,0.000,10.000,0.000,75.000,289.000000
15729955.000000,4,74.000,31.000,0.000,0.000,0.000,42.000,36.000,0.000,0.000,0.000,77.000,260.000000
15731281.000000,4,76.000,42.000,0.000,0.000,0.000,27.000,39.000,0.000,0.000,0.000,78.000,262.000000
15732633.000000,4,75.000,0.000,0.000,0.000,0.000,25.000,16.000,0.000,0.000,10.000,75.000,201.000000
15733981.000000,4,75.000,0.000,0.000,0.000,0.000,44.000,0.000,0.000,0.000,28.000,76.000,223.000000
15735313.000000,4,75.000,0.000,0.000,0.000,0.000,29.000,18.000,0.000,4.000,9.000,79.000,214.000000
15736663.000000,4,73.000,34.000,9.000,0.000,0.000,0.000,22.000,0.000,22.000,1.000,75.000,236.000000
15738017.000000,4,74.000,25.000,8.000,0.000,0.000,5.000,25.000,0.000,25.000,6.000,78.000,246.000000
15739349.000000,4,74.000,18.000,0.000,0.000,0.000,39.000,24.000,0.000,0.000,1.000,77.000,233.000000
15740705.000000,4,75.000,0.000,0.000,0.000,0.000,44.000,14.000,0.000,0.000,13.000,75.000,221.000000
15742050.000000,4,75.000,20.000,5.000,0.000,0.000,17.000,34.000,0.000,10.000,0.000,77.000,238.000000
15743391.000000,4,75.000,45.000,41.000,0.000,0.000,6.000,19.000,0.000,19.000,7.000,78.000,290.000000
15744745.000000,4,77.000,12.000,12.000,0.000,0.000,0.000,0.000,0.000,32.000,40.000,75.000,248.000000
15746094.000000,4,75.000,0.000,0.000,0.000,0.000,0.000,12.000,0.000,31.000,23.000,76.000,217.000000
15747441.000000,4,73.000,16.000,0.000,0.000,0.000,4.000,40.000,0.000,22.000,0.000,78.000,233.000000
15748795.000000,4,75.000,35.000,0.000,0.000,0.000,23.000,40.000,0.000,3.000,0.000,76.000,252.000000
15750145.000000,4,75.000,41.000,0.000,0.000,0.000,31.000,43.000,0.000,0.000,0.000,75.000,265.000000
15751481.000000,4,75.000,4.000,0.000,0.000,0.000,26.000,7.000,0.000,0.000,17.000,76.000,205.000000
15752823.000000,4,75.000,9.000,0.000,0.000,0.000,0.000,0.000,0.000,19.000,30.000,79.000,212.000000
15754178.000000,4,75.000,46.000,0.000,0.000,0.000,23.000,14.000,0.000,3.000,13.000,75.000,249.000000
15755511.000000,4,74.000,46.000,17.000,5.000,0.000,40.000,21.000,0.000,0.000,0.000,77.000,280.000000
15756863.000000,4,75.000,48.000,44.000,22.000,0.000,9.000,6.000,0.000,18.000,16.000,78.000,316.000000
15758211.000000,4,71.000,48.000,40.000,0.000,0.000,0.000,0.000,0.000,26.000,33.000,75.000,293.000000
15759554.000000,4,72.000,8.000,8.000,0.000,0.000,0.000,0.000,0.000,40.000,35.000,76.000,239.000000
15760904.000000,4,73.000,25.000,0.000,0.000,0.000,0.000,24.000,0.000,35.000,6.000,79.000,242.000000
15762235.000000,4,70.000,0.000,0.000,0.000,0.000,0.000,10.000,0.000,40.000,17.000,75.000,212.000000
15763579.000000,4,75.000,9.000,0.000,0.000,0.000,7.000,19.000,0.000,27.000,6.000,75.000,218.000000
15764945.000000,4,70.000,30.000,0.000,0.000,0.000,3.000,6.000,0.000,28.000,18.000,79.000,234.000000
15766278.000000,4,74.000,33.000,0.000,0.000,0.000,0.000,4.000,0.000,39.000,24.000,76.000,250.000000
15767622.000000,4,71.000,12.000,0.000,0.000,0.000,4.000,16.000,0.000,24.000,7.000,75.000,209.000000
15768990.000000,4,70.000,16.000,0.000,0.000,0.000,0.000,0.000,0.000,35.000,38.000,78.000,237.000000
15770347.000000,4,75.000,25.000,0.000,0.000,0.000,10.000,12.000,0.000,19.000,24.000,77.000,242.000000
15771686.000000,4,70.000,16.000,0.000,0.000,0.000,9.000,44.000,0.000,20.000,0.000,75.000,234.000000
15773043.000000,4,74.000,13.000,0.000,0.000,0.000,0.000,12.000,0.000,34.000,10.000,75.000,218.000000
15774396.000000,4,71.000,0.000,0.000,0.000,0.000,13.000,0.000,0.000,16.000,21.000,78.000,199.000000
15775733.000000,4,75.000,41.000,0.000,0.000,0.000,0.000,0.000,0.000,40.000,25.000,77.000,258.000000
15777067.000000,4,74.000,40.000,0.000,0.000,0.000,0.000,0.000,0.000,34.000,22.000,75.000,245.000000
15778382.000000,4,71.000,37.000,0.000,0.000,0.000,4.000,0.000,0.000,23.000,21.000,78.000,234.000000
15779721.000000,4,70.000,5.000,0.000,0.000,0.000,19.000,13.000,0.000,12.000,12.000,77.000,208.000000
15781071.000000,4,74.000,41.000,0.000,0.000,0.000,0.000,7.000,0.000,40.000,16.000,75.000,253.000000
15782410.000000,4,71.000,25.000,0.000,0.000,0.000,0.000,10.000,0.000,28.000,26.000,79.000,239.000000
15783739.000000,4,70.000,33.000,0.000,0.000,0.000,18.000,0.000,0.000,12.000,41.000,76.000,250.000000
15785062.000000,4,73.000,47.000,5.000,0.000,0.000,34.000,7.000,0.000,0.000,16.000,75.000,257.000000
15786397.000000,4,74.000,44.000,40.000,0.000,0.000,21.000,0.000,0.000,7.000,21.000,78.000,285.000000
15787731.000000,4,73.000,48.000,44.000,0.000,0.000,0.000,0.000,0.000,21.000,24.000,77.000,287.000000
15789070.000000,4,74.000,44.000,25.000,0.000,0.000,27.000,7.000,0.000,0.000,16.000,75.000,268.000000
15790386.000000,4,71.000,48.000,42.000,0.000,0.000,5.000,0.000,0.000,19.000,30.000,79.000,294.000000
15791721.000000,4,74.000,48.000,41.000,0.000,0.000,13.000,0.000,0.000,6.000,31.000,76.000,289.000000
15793073.000000,4,72.000,44.000,33.000,0.000,0.000,28.000,8.000,0.000,0.000,17.000,77.000,279.000000
15794430.000000,4,74.000,28.000,25.000,0.000,0.000,22.000,21.000,0.000,4.000,13.000,76.000,263.000000
15795793.000000,4,75.000,0.000,0.000,0.000,0.000,17.000,48.000,0.000,8.000,0.000,72.000,220.000000
15797133.000000,4,74.000,12.000,0.000,0.000,0.000,0.000,40.000,0.000,32.000,0.000,78.000,236.000000
15798463.000000,4,71.000,0.000,0.000,0.000,0.000,0.000,44.000,0.000,21.000,0.000,77.000,213.000000
15799803.000000,4,72.000,0.000,0.000,0.000,0.000,0.000,28.000,0.000,39.000,0.000,75.000,214.000000
15801145.000000,4,72.000,0.000,0.000,0.000,0.000,0.000,26.000,0.000,44.000,0.000,75.000,217.000000
15802470.000000,4,72.000,0.000,0.000,0.000,0.000,12.000,44.000,0.000,17.000,0.000,75.000,220.000000
15803805.000000,4,67.000,0.000,0.000,0.000,0.000,7.000,31.000,0.000,27.000,0.000,79.000,211.000000
15805148.000000,4,61.000,0.000,0.000,0.000,0.000,0.000,14.000,0.000,40.000,16.000,76.000,207.000000
15806474.000000,4,75.000,14.000,0.000,0.000,0.000,8.000,37.000,0.000,26.000,0.000,75.000,235.000000
15807810.000000,4,72.000,0.000,0.000,0.000,0.000,35.000,43.000,0.000,0.000,0.000,75.000,225.000000
15809154.000000,4,75.000,0.000,0.000,0.000,0.000,11.000,38.000,0.000,18.000,0.000,80.000,222.000000
15810512.000000,4,71.000,0.000,0.000,0.000,0.000,0.000,26.000,0.000,40.000,0.000,75.000,212.000000
15811867.000000,4,69.000,9.000,0.000,0.000,0.000,0.000,34.000,0.000,39.000,0.000,75.000,226.000000
15813226.000000,4,75.000,0.000,0.000,0.000,0.000,17.000,39.000,0.000,10.000,0.000,79.000,220.000000
15814571.000000,4,70.000,0.000,0.000,0.000,0.000,0.000,36.000,0.000,39.000,0.000,76.000,221.000000
15815927.000000,4,73.000,0.000,0.000,0.000,0.000,0.000,19.000,0.000,52.000,10.000,70.000,224.000000
15817280.000000,4,72.000,0.000,0.000,0.000,0.000,0.000,33.000,0.000,41.000,0.000,75.000,221.000000
15818641.000000,4,70.000,0.000,0.000,0.000,0.000,0.000,40.000,0.000,31.000,0.000,76.000,217.000000
15819989.000000,4,70.000,0.000,0.000,0.000,0.000,0.000,25.000,0.000,48.000,4.000,74.000,221.000000
15821352.000000,4,70.000,0.000,0.000,0.000,0.000,0.000,0.000,0.000,59.000,24.000,70.000,223.000000
15822670.000000,4,76.000,0.000,0.000,0.000,0.000,0.000,29.000,0.000,48.000,0.000,75.000,228.000000
15824028.000000,4,73.000,0.000,0.000,0.000,0.000,0.000,36.000,0.000,35.000,0.000,75.000,219.000000
15825361.000000,4,67.000,12.000,0.000,0.000,0.000,0.000,11.000,0.000,54.000,18.000,70.000,232.000000
15826721.000000,4,72.000,0.000,0.000,0.000,0.000,0.000,0.000,0.000,59.000,21.000,70.000,222.000000
15828076.000000,4,77.000,0.000,0.000,0.000,0.000,0.000,20.000,0.000,52.000,3.000,74.000,226.000000
15829442.000000,4,76.000,0.000,0.000,0.000,0.000,0.000,33.000,0.000,38.000,0.000,76.000,223.000000
15830813.000000,4,69.000,12.000,0.000,0.000,0.000,0.000,25.000,0.000,48.000,4.000,75.000,233.000000
15832145.000000,4,68.000,0.000,0.000,0.000,0.000,0.000,0.000,0.000,56.000,34.000,70.000,228.000000
15833502.000000,4,77.000,0.000,0.000,0.000,0.000,0.000,17.000,0.000,48.000,6.000,72.000,220.000000
15834850.000000,4,75.000,0.000,0.000,0.000,0.000,0.000,24.000,0.000,43.000,0.000,78.000,220.000000
15836217.000000,4,70.000,0.000,0.000,0.000,0.000,0.000,9.000,0.000,49.000,13.000,70.000,211.000000
15837567.000000,4,70.000,0.000,0.000,0.000,0.000,0.000,17.000,0.000,48.000,6.000,75.000,216.000000
15838951.000000,5,78.000,22.000,17.000,0.000,0.000,14.000,11.000,0.000,37.000,10.000,75.000,264.000000
15840321.000000,5,79.000,79.000,65.000,0.000,0.000,52.000,19.000,0.000,0.000,11.000,70.000,375.000000
15841674.000000,5,84.000,77.000,60.000,0.000,0.000,52.000,0.000,0.000,0.000,35.000,70.000,378.000000
15843016.000000,5,82.000,79.000,64.000,0.000,0.000,52.000,0.000,0.000,0.000,41.000,70.000,388.000000
15844372.000000,5,85.000,83.000,58.000,12.000,0.000,49.000,4.000,0.000,0.000,35.000,75.000,401.000000
15845724.000000,5,78.000,75.000,62.000,15.000,0.000,51.000,40.000,0.000,0.000,0.000,70.000,391.000000
15847047.000000,5,76.000,75.000,67.000,0.000,0.000,48.000,33.000,0.000,0.000,0.000,74.000,373.000000
15848402.000000,5,78.000,74.000,68.000,0.000,0.000,48.000,26.000,0.000,0.000,11.000,71.000,376.000000
15849757.000000,5,77.000,76.000,65.000,0.000,0.000,46.000,0.000,0.000,0.000,39.000,75.000,378.000000
15851135.000000,5,75.000,76.000,64.000,0.000,0.000,46.000,0.000,0.000,0.000,41.000,70.000,372.000000
15852504.000000,5,82.000,79.000,66.000,0.000,0.000,52.000,0.000,0.000,0.000,36.000,71.000,386.000000
15853882.000000,5,79.000,77.000,65.000,5.000,0.000,52.000,14.000,0.000,0.000,14.000,74.000,380.000000
15855236.000000,5,75.000,79.000,66.000,0.000,0.000,56.000,40.000,0.000,0.000,0.000,70.000,386.000000
15856577.000000,5,80.000,78.000,69.000,0.000,0.000,52.000,15.000,0.000,0.000,15.000,70.000,379.000000
15857939.000000,5,75.000,80.000,60.000,0.000,0.000,52.000,0.000,0.000,0.000,40.000,70.000,377.000000
15859295.000000,5,78.000,77.000,60.000,0.000,0.000,59.000,0.000,0.000,0.000,44.000,65.000,383.000000
15860647.000000,5,77.000,82.000,61.000,0.000,0.000,56.000,23.000,0.000,0.000,11.000,70.000,380.000000
15862017.000000,5,75.000,77.000,66.000,12.000,0.000,52.000,36.000,0.000,0.000,0.000,70.000,388.000000
15863378.000000,5,75.000,78.000,50.000,45.000,0.000,48.000,19.000,0.000,0.000,16.000,75.000,406.000000
15864739.000000,5,76.000,77.000,66.000,0.000,0.000,52.000,0.000,0.000,0.000,38.000,70.000,379.000000
15866099.000000,5,74.000,75.000,65.000,0.000,0.000,48.000,0.000,0.000,0.000,44.000,70.000,376.000000
15867463.000000,5,75.000,78.000,64.000,0.000,0.000,54.000,7.000,0.000,0.000,23.000,70.000,371.000000
15868803.000000,5,75.000,77.000,66.000,0.000,0.000,58.000,30.000,0.000,0.000,0.000,70.000,376.000000
15870135.000000,5,75.000,79.000,68.000,0.000,0.000,58.000,38.000,0.000,0.000,0.000,70.000,388.000000
15871521.000000,5,75.000,76.000,67.000,0.000,0.000,56.000,7.000,0.000,0.000,22.000,70.000,373.000000
15872889.000000,5,75.000,80.000,58.000,0.000,0.000,56.000,0.000,0.000,0.000,41.000,66.000,376.000000
15874238.000000,5,79.000,80.000,59.000,0.000,0.000,54.000,18.000,0.000,0.000,14.000,70.000,374.000000
15875598.000000,5,78.000,75.000,64.000,10.000,0.000,52.000,18.000,0.000,0.000,10.000,74.000,381.000000
15876966.000000,5,71.000,75.000,59.000,0.000,0.000,48.000,20.000,0.000,0.000,13.000,73.000,359.000000
15878346.000000,5,79.000,70.000,69.000,0.000,0.000,48.000,36.000,0.000,0.000,0.000,72.000,374.000000
15879733.000000,5,75.000,70.000,70.000,0.000,0.000,41.000,30.000,0.000,0.000,0.000,75.000,361.000000
15881104.000000,5,71.000,74.000,72.000,0.000,0.000,59.000,28.000,0.000,0.000,0.000,70.000,374.000000
15882430.000000,5,80.000,73.000,68.000,0.000,0.000,52.000,12.000,0.000,0.000,19.000,72.000,376.000000
15883781.000000,5,73.000,74.000,69.000,0.000,0.000,56.000,18.000,0.000,0.000,11.000,72.000,373.000000
15885098.000000,5,78.000,70.000,66.000,0.000,0.000,50.000,10.000,0.000,0.000,16.000,71.000,361.000000
15886423.000000,5,79.000,70.000,70.000,0.000,0.000,50.000,22.000,0.000,0.000,7.000,70.000,368.000000
15887790.000000,5,76.000,70.000,64.000,0.000,0.000,48.000,10.000,0.000,0.000,18.000,75.000,361.000000
15889144.000000,5,77.000,69.000,65.000,4.000,0.000,40.000,17.000,0.000,0.000,8.000,75.000,355.000000
15890509.000000,5,70.000,72.000,69.000,0.000,0.000,60.000,23.000,0.000,0.000,0.000,70.000,364.000000
15891846.000000,5,76.000,70.000,66.000,0.000,0.000,51.000,21.000,0.000,0.000,7.000,75.000,366.000000
15893188.000000,5,75.000,70.000,65.000,0.000,0.000,49.000,12.000,0.000,0.000,23.000,72.000,366.000000
15894533.000000,5,74.000,70.000,65.000,0.000,0.000,48.000,39.000,0.000,0.000,0.000,73.000,369.000000
15895879.000000,5,79.000,69.000,68.000,0.000,0.000,48.000,3.000,0.000,0.000,23.000,74.000,364.000000
15897222.000000,5,76.000,70.000,62.000,0.000,0.000,40.000,4.000,0.000,0.000,18.000,76.000,346.000000
15898585.000000,5,75.000,65.000,65.000,0.000,0.000,51.000,12.000,0.000,0.000,14.000,72.000,354.000000
15899931.000000,5,75.000,73.000,65.000,0.000,0.000,52.000,0.000,0.000,0.000,27.000,72.000,364.000000
15901281.000000,5,77.000,75.000,65.000,0.000,0.000,59.000,6.000,0.000,0.000,24.000,69.000,375.000000
15902649.000000,5,74.000,74.000,65.000,0.000,0.000,45.000,19.000,0.000,0.000,3.000,72.000,352.000000
15903994.000000,5,75.000,70.000,65.000,0.000,0.000,56.000,6.000,0.000,0.000,17.000,72.000,361.000000
15905356.000000,5,75.000,74.000,65.000,0.000,0.000,56.000,19.000,0.000,0.000,15.000,72.000,376.000000
15906736.000000,5,80.000,71.000,65.000,0.000,0.000,48.000,28.000,0.000,0.000,0.000,71.000,363.000000
15908085.000000,5,75.000,68.000,65.000,0.000,0.000,44.000,12.000,0.000,0.000,14.000,75.000,353.000000
15909455.000000,5,77.000,72.000,65.000,0.000,0.000,52.000,20.000,0.000,0.000,8.000,75.000,369.000000
15910805.000000,5,77.000,70.000,65.000,0.000,0.000,46.000,12.000,0.000,0.000,10.000,74.000,354.000000
15912144.000000,5,74.000,75.000,65.000,0.000,0.000,54.000,27.000,0.000,0.000,3.000,71.000,369.000000
15913514.000000,5,77.000,73.000,65.000,0.000,0.000,53.000,9.000,0.000,0.000,15.000,70.000,362.000000
15914890.000000,5,74.000,72.000,59.000,22.000,0.000,52.000,32.000,0.000,0.000,5.000,70.000,386.000000
15916233.000000,5,76.000,70.000,64.000,0.000,0.000,48.000,36.000,0.000,0.000,0.000,75.000,369.000000
15917601.000000,5,73.000,75.000,63.000,0.000,0.000,56.000,39.000,0.000,0.000,0.000,70.000,376.000000
15918976.000000,5,75.000,61.000,63.000,4.000,0.000,15.000,40.000,0.000,11.000,0.000,75.000,344.000000
15920342.000000,5,71.000,69.000,56.000,14.000,0.000,40.000,40.000,0.000,3.000,0.000,75.000,368.000000
15921705.000000,5,75.000,64.000,59.000,4.000,0.000,28.000,40.000,0.000,0.000,0.000,76.000,346.000000
15923075.000000,5,75.000,68.000,56.000,20.000,0.000,44.000,40.000,0.000,0.000,0.000,74.000,377.000000
15924438.000000,5,69.000,70.000,52.000,8.000,0.000,52.000,36.000,0.000,0.000,0.000,71.000,358.000000
15925786.000000,5,74.000,74.000,52.000,0.000,0.000,52.000,40.000,0.000,0.000,0.000,73.000,365.000000
15927133.000000,5,76.000,70.000,54.000,4.000,0.000,40.000,44.000,0.000,0.000,0.000,72.000,360.000000
15928475.000000,5,75.000,65.000,57.000,0.000,0.000,35.000,44.000,0.000,0.000,0.000,76.000,352.000000
15929809.000000,5,75.000,67.000,59.000,0.000,0.000,47.000,40.000,0.000,0.000,0.000,73.000,361.000000
15931175.000000,5,66.000,73.000,53.000,6.000,0.000,53.000,40.000,0.000,0.000,0.000,70.000,361.000000
15932542.000000,5,79.000,70.000,52.000,0.000,0.000,48.000,40.000,0.000,0.000,0.000,70.000,359.000000
15933896.000000,5,75.000,70.000,55.000,0.000,0.000,40.000,45.000,0.000,0.000,0.000,75.000,360.000000
15935244.000000,5,75.000,65.000,55.000,10.000,0.000,40.000,43.000,0.000,0.000,0.000,75.000,363.000000
15936590.000000,5,75.000,66.000,56.000,18.000,0.000,27.000,40.000,0.000,4.000,0.000,75.000,361.000000
15937948.000000,5,75.000,63.000,59.000,8.000,0.000,33.000,44.000,0.000,0.000,0.000,75.000,357.000000
15939301.000000,5,75.000,65.000,52.000,0.000,0.000,44.000,40.000,0.000,0.000,0.000,74.000,350.000000
15940674.000000,5,75.000,70.000,52.000,0.000,0.000,34.000,40.000,0.000,0.000,0.000,76.000,347.000000
15942034.000000,5,75.000,65.000,54.000,0.000,0.000,44.000,40.000,0.000,0.000,0.000,74.000,352.000000
15943392.000000,5,72.000,64.000,56.000,0.000,0.000,48.000,36.000,0.000,0.000,0.000,71.000,347.000000
15944755.000000,5,72.000,66.000,60.000,0.000,0.000,40.000,44.000,0.000,0.000,0.000,75.000,357.000000
15946132.000000,5,75.000,69.000,60.000,0.000,0.000,40.000,44.000,0.000,0.000,0.000,74.000,362.000000
15947503.000000,5,75.000,67.000,61.000,0.000,0.000,36.000,44.000,0.000,0.000,0.000,75.000,358.000000
15948855.000000,5,70.000,68.000,56.000,0.000,0.000,48.000,43.000,0.000,0.000,0.000,71.000,356.000000
15950205.000000,5,75.000,75.000,55.000,0.000,0.000,48.000,41.000,0.000,0.000,0.000,70.000,364.000000
15951555.000000,5,76.000,70.000,65.000,0.000,0.000,48.000,45.000,0.000,0.000,0.000,73.000,377.000000
15952899.000000,5,78.000,70.000,63.000,0.000,0.000,30.000,43.000,0.000,0.000,0.000,73.000,357.000000
15954259.000000,6,76.000,69.000,30.000,0.000,0.000,36.000,30.000,0.000,0.000,0.000,77.000,318.000000
15955618.000000,6,75.000,65.000,0.000,0.000,0.000,45.000,14.000,0.000,0.000,20.000,76.000,295.000000
15956974.000000,6,79.000,66.000,0.000,0.000,0.000,43.000,0.000,0.000,0.000,43.000,71.000,302.000000
15958311.000000,6,73.000,71.000,0.000,0.000,0.000,28.000,0.000,0.000,0.000,34.000,79.000,285.000000
15959658.000000,6,76.000,71.000,0.000,0.000,0.000,38.000,0.000,0.000,0.000,33.000,76.000,294.000000
15960992.000000,6,80.000,63.000,0.000,0.000,0.000,44.000,0.000,0.000,0.000,48.000,70.000,305.000000
15962343.000000,6,81.000,65.000,0.000,0.000,0.000,40.000,0.000,0.000,0.000,44.000,73.000,303.000000
15963691.000000,6,80.000,68.000,0.000,0.000,0.000,44.000,0.000,0.000,0.000,40.000,72.000,304.000000
15965048.000000,6,77.000,64.000,7.000,0.000,0.000,35.000,0.000,0.000,0.000,40.000,77.000,300.000000
15966417.000000,6,75.000,68.000,20.000,0.000,0.000,30.000,26.000,0.000,0.000,7.000,78.000,304.000000
15967771.000000,6,75.000,43.000,68.000,0.000,0.000,25.000,30.000,0.000,0.000,0.000,75.000,316.000000
15969112.000000,6,75.000,49.000,55.000,0.000,0.000,34.000,0.000,0.000,0.000,36.000,79.000,328.000000
15970468.000000,6,80.000,67.000,0.000,0.000,0.000,51.000,0.000,0.000,0.000,36.000,71.000,305.000000
15971845.000000,6,80.000,64.000,12.000,0.000,0.000,44.000,0.000,0.000,0.000,40.000,73.000,313.000000
15973189.000000,6,77.000,57.000,38.000,7.000,0.000,30.000,0.000,0.000,4.000,36.000,77.000,326.000000
15974542.000000,6,75.000,69.000,5.000,0.000,0.000,34.000,0.000,0.000,0.000,35.000,75.000,293.000000
15975905.000000,6,80.000,67.000,0.000,0.000,0.000,40.000,0.000,0.000,0.000,45.000,75.000,307.000000
15977252.000000,6,75.000,67.000,0.000,0.000,0.000,44.000,0.000,0.000,0.000,46.000,70.000,302.000000
15978620.000000,6,75.000,66.000,0.000,0.000,0.000,44.000,31.000,0.000,0.000,1.000,75.000,292.000000
15979998.000000,6,75.000,70.000,0.000,0.000,0.000,43.000,44.000,0.000,0.000,0.000,75.000,307.000000
15981350.000000,6,78.000,70.000,0.000,0.000,0.000,44.000,14.000,0.000,0.000,15.000,75.000,296.000000
15982688.000000,6,76.000,62.000,0.000,0.000,0.000,40.000,0.000,0.000,0.000,44.000,75.000,297.000000
15984067.000000,6,78.000,66.000,0.000,0.000,0.000,37.000,0.000,0.000,0.000,48.000,70.000,299.000000
15985422.000000,6,77.000,65.000,0.000,0.000,0.000,44.000,0.000,0.000,0.000,44.000,75.000,305.000000
15986795.000000,6,75.000,65.000,0.000,0.000,0.000,40.000,30.000,0.000,0.000,0.000,75.000,285.000000
15988153.000000,6,77.000,65.000,0.000,0.000,0.000,44.000,37.000,0.000,0.000,0.000,75.000,298.000000
15989499.000000,6,73.000,69.000,9.000,0.000,0.000,36.000,44.000,0.000,0.000,0.000,75.000,306.000000
15990845.000000,6,79.000,43.000,0.000,0.000,0.000,20.000,6.000,0.000,12.000,32.000,75.000,267.000000
15992191.000000,6,76.000,70.000,0.000,0.000,0.000,36.000,0.000,0.000,0.000,44.000,76.000,302.000000
15993555.000000,6,75.000,53.000,54.000,0.000,0.000,36.000,16.000,0.000,0.000,16.000,79.000,329.000000
15994918.000000,6,70.000,54.000,80.000,0.000,0.000,10.000,3.000,0.000,14.000,24.000,75.000,330.000000
15996253.000000,6,82.000,77.000,18.000,0.000,0.000,40.000,19.000,0.000,0.000,3.000,75.000,314.000000
15997643.000000,6,82.000,77.000,0.000,0.000,0.000,10.000,6.000,0.000,13.000,22.000,80.000,290.000000
15999007.000000,6,73.000,77.000,0.000,0.000,0.000,19.000,0.000,0.000,6.000,30.000,75.000,280.000000
16000358.000000,6,75.000,78.000,0.000,0.000,0.000,34.000,0.000,0.000,0.000,24.000,78.000,289.000000
16001731.000000,6,75.000,75.000,0.000,0.000,0.000,7.000,0.000,0.000,16.000,40.000,77.000,290.000000
16003102.000000,6,75.000,77.000,0.000,0.000,0.000,20.000,10.000,0.000,6.000,23.000,75.000,286.000000
16004465.000000,6,75.000,75.000,0.000,0.000,0.000,9.000,3.000,0.000,18.000,27.000,78.000,285.000000
16005801.000000,6,78.000,81.000,0.000,0.000,0.000,28.000,16.000,0.000,6.000,6.000,77.000,292.000000
16007169.000000,6,72.000,79.000,0.000,0.000,0.000,27.000,0.000,0.000,0.000,36.000,75.000,289.000000
16008531.000000,6,75.000,70.000,30.000,0.000,0.000,12.000,23.000,0.000,18.000,8.000,79.000,315.000000
16009904.000000,6,75.000,76.000,4.000,0.000,0.000,0.000,0.000,0.000,32.000,36.000,76.000,299.000000
16011247.000000,6,76.000,78.000,0.000,0.000,0.000,28.000,16.000,0.000,6.000,9.000,75.000,288.000000
16012581.000000,6,76.000,75.000,0.000,0.000,0.000,14.000,0.000,0.000,13.000,29.000,80.000,287.000000
16013932.000000,6,73.000,76.000,0.000,0.000,0.000,32.000,0.000,0.000,3.000,22.000,75.000,281.000000
16015281.000000,6,75.000,75.000,0.000,0.000,0.000,0.000,0.000,0.000,48.000,38.000,75.000,311.000000
16016643.000000,6,76.000,74.000,8.000,0.000,0.000,0.000,24.000,0.000,47.000,7.000,75.000,311.000000
16018015.000000,6,76.000,75.000,0.000,0.000,0.000,0.000,12.000,0.000,45.000,10.000,75.000,293.000000
16019371.000000,6,77.000,78.000,5.000,0.000,0.000,0.000,0.000,0.000,55.000,35.000,70.000,320.000000
16020711.000000,6,76.000,77.000,0.000,0.000,0.000,0.000,0.000,0.000,50.000,21.000,71.000,295.000000
16022069.000000,6,75.000,75.000,0.000,0.000,0.000,0.000,0.000,0.000,48.000,29.000,74.000,301.000000
16023424.000000,6,73.000,75.000,0.000,0.000,0.000,0.000,3.000,0.000,52.000,26.000,72.000,301.000000
16024788.000000,6,77.000,80.000,0.000,0.000,0.000,0.000,1.000,0.000,48.000,29.000,73.000,308.000000
16026116.000000,6,75.000,75.000,0.000,0.000,0.000,0.000,0.000,0.000,48.000,24.000,75.000,297.000000
16027453.000000,6,75.000,75.000,0.000,0.000,0.000,0.000,0.000,0.000,52.000,30.000,70.000,302.000000
16028800.000000,6,75.000,75.000,0.000,0.000,0.000,0.000,3.000,0.000,48.000,22.000,75.000,298.000000
16030137.000000,6,73.000,78.000,0.000,0.000,0.000,0.000,0.000,0.000,48.000,33.000,72.000,304.000000
16031478.000000,6,72.000,77.000,0.000,0.000,0.000,0.000,0.000,0.000,50.000,30.000,73.000,302.000000
16032820.000000,6,75.000,75.000,0.000,0.000,0.000,13.000,13.000,0.000,26.000,15.000,75.000,292.000000
16034152.000000,6,75.000,70.000,0.000,0.000,0.000,35.000,9.000,0.000,0.000,13.000,75.000,277.000000
16035476.000000,6,80.000,72.000,0.000,0.000,0.000,22.000,0.000,0.000,11.000,25.000,80.000,290.000000
16036813.000000,6,75.000,78.000,0.000,0.000,0.000,4.000,7.000,0.000,27.000,21.000,75.000,287.000000
16038157.000000,6,75.000,69.000,0.000,0.000,0.000,34.000,10.000,0.000,0.000,16.000,77.000,281.000000
16039500.000000,6,75.000,73.000,0.000,0.000,0.000,3.000,3.000,0.000,23.000,31.000,78.000,286.000000
16040846.000000,6,75.000,74.000,0.000,0.000,0.000,0.000,0.000,0.000,22.000,29.000,75.000,275.000000
16042181.000000,6,70.000,71.000,0.000,0.000,0.000,0.000,0.000,0.000,33.000,35.000,78.000,287.000000
16043549.000000,6,75.000,75.000,0.000,0.000,0.000,27.000,0.000,0.000,6.000,33.000,77.000,293.000000
16044904.000000,6,74.000,70.000,0.000,0.000,0.000,30.000,0.000,0.000,4.000,30.000,75.000,283.000000
16046241.000000,6,75.000,75.000,0.000,0.000,0.000,0.000,0.000,0.000,27.000,36.000,79.000,292.000000
16047549.000000,6,75.000,70.000,0.000,0.000,0.000,30.000,0.000,0.000,3.000,32.000,76.000,286.000000
16048900.000000,6,75.000,65.000,0.000,0.000,0.000,44.000,0.000,0.000,0.000,35.000,75.000,294.000000
16050256.000000,6,74.000,71.000,7.000,0.000,0.000,8.000,0.000,0.000,27.000,40.000,75.000,302.000000
16051580.000000,6,71.000,70.000,0.000,0.000,0.000,4.000,0.000,0.000,27.000,38.000,75.000,285.000000
16052924.000000,6,77.000,67.000,0.000,0.000,0.000,36.000,0.000,0.000,0.000,38.000,78.000,296.000000
16054244.000000,6,75.000,73.000,0.000,0.000,0.000,25.000,0.000,0.000,7.000,33.000,77.000,290.000000
16055580.000000,6,75.000,74.000,0.000,0.000,0.000,0.000,0.000,0.000,27.000,36.000,75.000,287.000000
16056899.000000,6,74.000,71.000,0.000,0.000,0.000,16.000,0.000,0.000,6.000,35.000,79.000,281.000000
16058242.000000,6,71.000,75.000,0.000,0.000,0.000,3.000,0.000,0.000,31.000,36.000,76.000,292.000000
16059583.000000,6,75.000,75.000,0.000,0.000,0.000,0.000,0.000,0.000,30.000,36.000,75.000,291.000000
16060924.000000,6,70.000,75.000,0.000,0.000,0.000,4.000,0.000,0.000,27.000,40.000,79.000,295.000000
16062262.000000,6,75.000,70.000,0.000,0.000,0.000,31.000,0.000,0.000,0.000,36.000,76.000,288.000000
16063617.000000,6,75.000,73.000,0.000,0.000,0.000,19.000,0.000,0.000,7.000,40.000,75.000,289.000000
16064955.000000,6,70.000,75.000,0.000,0.000,0.000,0.000,0.000,0.000,27.000,44.000,76.000,292.000000
16066315.000000,6,75.000,72.000,0.000,0.000,0.000,14.000,0.000,0.000,17.000,40.000,79.000,297.000000
16067664.000000,6,75.000,64.000,0.000,0.000,0.000,37.000,0.000,0.000,0.000,36.000,75.000,287.000000
16069005.000000,6,74.000,73.000,0.000,0.000,0.000,21.000,0.000,0.000,10.000,40.000,75.000,293.000000
16070332.000000,6,71.000,71.000,0.000,0.000,0.000,10.000,0.000,0.000,15.000,36.000,79.000,282.000000
