18234213.000000,1,0.000,0.000,0.000,0.000,0.000,0.000,0.000,0.000,0.000,0.000,0.000,0.000000
18235586.000000,1,143.000,143.000,119.000,135.000,113.000,92.000,33.000,0.000,0.000,30.000,143.000,951.000000
18236964.000000,1,143.000,142.000,120.000,123.000,101.000,88.000,63.000,0.000,0.000,0.000,143.000,923.000000
18238334.000000,1,143.000,143.000,139.000,143.000,123.000,93.000,79.000,0.000,0.000,0.000,143.000,1006.000000
18239682.000000,1,143.000,142.000,143.000,143.000,118.000,99.000,77.000,0.000,0.000,0.000,143.000,1008.000000
18241057.000000,1,142.000,143.000,143.000,143.000,117.000,113.000,30.000,0.000,0.000,33.000,143.000,1007.000000
18242416.000000,1,143.000,143.000,134.000,143.000,118.000,104.000,0.000,0.000,0.000,80.000,135.000,1000.000000
18243776.000000,1,143.000,142.000,131.000,143.000,120.000,104.000,20.000,0.000,0.000,53.000,130.000,986.000000
18245152.000000,1,143.000,144.000,142.000,142.000,121.000,104.000,79.000,0.000,0.000,0.000,131.000,1006.000000
18246531.000000,1,160.000,149.000,143.000,143.000,106.000,93.000,74.000,0.000,0.000,0.000,143.000,1011.000000
18247899.000000,1,167.000,143.000,143.000,143.000,104.000,98.000,9.000,0.000,0.000,65.000,143.000,1015.000000
18249256.000000,1,160.000,143.000,143.000,143.000,102.000,92.000,0.000,0.000,0.000,87.000,143.000,1013.000000
18250621.000000,1,166.000,143.000,143.000,143.000,101.000,93.000,41.000,0.000,0.000,23.000,143.000,996.000000
18251975.000000,1,151.000,142.000,143.000,143.000,116.000,85.000,84.000,0.000,0.000,0.000,142.000,1006.000000
18253338.000000,1,143.000,143.000,142.000,142.000,110.000,93.000,46.000,0.000,0.000,20.000,143.000,982.000000
18254698.000000,1,153.000,143.000,143.000,147.000,108.000,94.000,0.000,0.000,0.000,91.000,133.000,1012.000000
18256043.000000,1,142.000,143.000,143.000,143.000,118.000,95.000,38.000,0.000,0.000,33.000,139.000,994.000000
18257404.000000,1,143.000,143.000,138.000,143.000,125.000,104.000,52.000,0.000,0.000,20.000,143.000,1011.000000
18258751.000000,1,141.000,142.000,129.000,142.000,125.000,99.000,73.000,0.000,0.000,5.000,143.000,999.000000
18260111.000000,1,149.000,143.000,143.000,143.000,106.000,98.000,66.000,0.000,0.000,7.000,143.000,998.000000
18261484.000000,1,167.000,143.000,142.000,143.000,102.000,94.000,0.000,0.000,0.000,78.000,143.000,1012.000000
18262836.000000,1,149.000,141.000,133.000,143.000,108.000,94.000,47.000,0.000,0.000,23.000,142.000,980.000000
18264207.000000,1,139.000,143.000,120.000,143.000,114.000,94.000,88.000,0.000,0.000,0.000,143.000,984.000000
18265579.000000,1,143.000,143.000,142.000,143.000,102.000,101.000,63.000,0.000,0.000,8.000,143.000,988.000000
18266939.000000,1,143.000,143.000,143.000,143.000,105.000,95.000,0.000,0.000,0.000,65.000,143.000,980.000000
18268290.000000,1,143.000,143.000,127.000,142.000,115.000,96.000,0.000,0.000,0.000,80.000,138.000,984.000000
18269663.000000,1,150.000,141.000,131.000,143.000,118.000,101.000,12.000,0.000,0.000,71.000,130.000,997.000000
18271054.000000,1,145.000,164.000,143.000,143.000,112.000,101.000,76.000,0.000,0.000,0.000,143.000,1027.000000
18272414.000000,1,143.000,146.000,143.000,143.000,99.000,96.000,66.000,0.000,0.000,0.000,142.000,978.000000
18273792.000000,1,142.000,141.000,143.000,139.000,98.000,88.000,74.000,0.000,0.000,0.000,142.000,967.000000
18275154.000000,1,143.000,142.000,143.000,121.000,105.000,69.000,69.000,0.000,0.000,0.000,143.000,935.000000
18276528.000000,1,143.000,143.000,141.000,127.000,106.000,41.000,66.000,0.000,27.000,0.000,143.000,937.000000
18277881.000000,1,141.000,142.000,126.000,133.000,100.000,95.000,62.000,0.000,0.000,0.000,143.000,942.000000
18279263.000000,1,143.000,143.000,143.000,120.000,119.000,40.000,65.000,0.000,29.000,0.000,143.000,945.000000
18280639.000000,1,143.000,136.000,131.000,117.000,103.000,19.000,12.000,0.000,46.000,59.000,143.000,909.000000
18281997.000000,1,143.000,139.000,136.000,119.000,102.000,73.000,57.000,0.000,0.000,16.000,142.000,927.000000
18283362.000000,1,143.000,142.000,143.000,123.000,101.000,74.000,44.000,0.000,0.000,30.000,143.000,943.000000
18284711.000000,1,143.000,143.000,143.000,123.000,107.000,75.000,66.000,0.000,0.000,5.000,143.000,948.000000
18286061.000000,1,143.000,122.000,128.000,112.000,102.000,73.000,6.000,0.000,0.000,68.000,143.000,897.000000
18287419.000000,1,142.000,143.000,143.000,117.000,102.000,71.000,76.000,0.000,0.000,0.000,143.000,937.000000
18288804.000000,1,143.000,140.000,133.000,121.000,102.000,21.000,65.000,0.000,44.000,0.000,143.000,912.000000
18290159.000000,1,143.000,139.000,143.000,113.000,96.000,79.000,64.000,0.000,0.000,0.000,143.000,920.000000
18291538.000000,1,143.000,143.000,143.000,117.000,106.000,74.000,65.000,0.000,0.000,0.000,142.000,933.000000
18292900.000000,1,143.000,143.000,134.000,115.000,104.000,69.000,67.000,0.000,0.000,0.000,143.000,918.000000
18294267.000000,1,143.000,143.000,143.000,121.000,103.000,58.000,67.000,0.000,13.000,0.000,143.000,934.000000
18295616.000000,1,143.000,143.000,142.000,124.000,102.000,60.000,64.000,0.000,15.000,0.000,143.000,936.000000
18296959.000000,1,142.000,136.000,140.000,104.000,113.000,19.000,66.000,0.000,50.000,0.000,143.000,913.000000
18298338.000000,1,143.000,143.000,143.000,116.000,99.000,71.000,37.000,0.000,0.000,39.000,143.000,934.000000
18299701.000000,1,131.000,139.000,134.000,130.000,91.000,87.000,0.000,0.000,0.000,63.000,143.000,918.000000
18301070.000000,1,143.000,135.000,143.000,119.000,104.000,71.000,63.000,0.000,0.000,1.000,142.000,921.000000
18302425.000000,1,143.000,143.000,131.000,119.000,103.000,64.000,67.000,0.000,0.000,0.000,143.000,913.000000
18303815.000000,1,143.000,142.000,143.000,119.000,103.000,63.000,67.000,0.000,0.000,0.000,143.000,923.000000
18305153.000000,1,143.000,140.000,142.000,120.000,98.000,22.000,15.000,0.000,41.000,51.000,143.000,915.000000
18306512.000000,1,142.000,123.000,143.000,120.000,98.000,67.000,49.000,0.000,0.000,15.000,143.000,900.000000
18307867.000000,1,143.000,143.000,143.000,120.000,101.000,71.000,63.000,0.000,0.000,0.000,143.000,927.000000
18309233.000000,1,143.000,143.000,143.000,119.000,101.000,77.000,65.000,0.000,0.000,0.000,143.000,934.000000
18310603.000000,1,143.000,143.000,142.000,119.000,102.000,36.000,65.000,0.000,32.000,0.000,142.000,924.000000
18311942.000000,1,143.000,121.000,143.000,116.000,101.000,63.000,51.000,0.000,9.000,10.000,143.000,900.000000
18313286.000000,1,143.000,136.000,142.000,109.000,93.000,68.000,71.000,0.000,0.000,0.000,143.000,905.000000
18314614.000000,1,143.000,138.000,139.000,103.000,94.000,64.000,73.000,0.000,0.000,0.000,143.000,897.000000
18315954.000000,1,142.000,143.000,143.000,115.000,92.000,47.000,72.000,0.000,15.000,0.000,143.000,912.000000
18317320.000000,1,143.000,140.000,143.000,118.000,94.000,35.000,73.000,0.000,27.000,0.000,143.000,916.000000
18318661.000000,1,143.000,143.000,143.000,114.000,102.000,68.000,81.000,0.000,0.000,0.000,143.000,937.000000
18320007.000000,1,143.000,139.000,142.000,125.000,104.000,66.000,72.000,0.000,0.000,0.000,142.000,933.000000
18321348.000000,1,143.000,143.000,143.000,116.000,98.000,70.000,80.000,0.000,0.000,0.000,143.000,936.000000
18322720.000000,1,143.000,127.000,138.000,104.000,97.000,67.000,78.000,0.000,0.000,0.000,143.000,897.000000
18324078.000000,1,143.000,119.000,142.000,105.000,94.000,69.000,77.000,0.000,0.000,0.000,143.000,892.000000
18325445.000000,1,142.000,129.000,136.000,115.000,98.000,73.000,77.000,0.000,0.000,0.000,143.000,913.000000
18326805.000000,1,143.000,143.000,138.000,110.000,103.000,56.000,76.000,0.000,20.000,0.000,143.000,932.000000
18328186.000000,1,143.000,143.000,127.000,99.000,100.000,0.000,76.000,0.000,72.000,0.000,143.000,903.000000
18332839.000000,1,143.000,140.000,142.000,118.000,99.000,62.000,74.000,0.000,3.000,0.000,142.000,923.000000
18343057.000000,1,143.000,140.000,142.000,112.000,98.000,65.000,72.000,0.000,0.000,0.000,143.000,915.000000
18353239.000000,1,143.000,136.000,142.000,115.000,100.000,66.000,70.000,0.000,0.000,0.000,143.000,915.000000
18363379.000000,1,143.000,142.000,143.000,120.000,96.000,71.000,73.000,0.000,0.000,0.000,143.000,931.000000
18373606.000000,1,142.000,143.000,143.000,123.000,98.000,70.000,72.000,0.000,0.000,0.000,143.000,934.000000
18383817.000000,1,143.000,143.000,142.000,109.000,98.000,71.000,71.000,0.000,0.000,0.000,143.000,920.000000
18393982.000000,1,143.000,142.000,142.000,116.000,109.000,67.000,76.000,0.000,5.000,0.000,143.000,943.000000
18404230.000000,1,143.000,143.000,143.000,107.000,112.000,0.000,73.000,0.000,72.000,0.000,142.000,935.000000
18414449.000000,1,143.000,143.000,142.000,118.000,102.000,68.000,75.000,0.000,9.000,0.000,143.000,943.000000
18424689.000000,1,143.000,143.000,143.000,106.000,103.000,76.000,73.000,0.000,0.000,0.000,143.000,930.000000
18434869.000000,1,143.000,143.000,143.000,119.000,102.000,67.000,71.000,0.000,0.000,0.000,143.000,931.000000
18444989.000000,1,142.000,143.000,143.000,125.000,101.000,66.000,73.000,0.000,0.000,0.000,143.000,936.000000
18455240.000000,1,143.000,142.000,143.000,125.000,102.000,72.000,75.000,0.000,0.000,0.000,143.000,945.000000
18465505.000000,1,143.000,143.000,143.000,125.000,102.000,73.000,77.000,0.000,0.000,0.000,143.000,949.000000
18475742.000000,1,143.000,143.000,143.000,120.000,104.000,72.000,78.000,0.000,0.000,0.000,142.000,945.000000
18486180.000000,1,143.000,143.000,142.000,122.000,104.000,73.000,74.000,0.000,0.000,0.000,143.000,944.000000
18496497.000000,1,143.000,130.000,142.000,108.000,101.000,62.000,75.000,0.000,9.000,0.000,143.000,913.000000
18506897.000000,2,35.000,30.000,35.000,29.000,26.000,82.000,65.000,0.000,0.000,0.000,143.000,445.000000
18517369.000000,2,0.000,0.000,0.000,0.000,0.000,87.000,29.000,0.000,0.000,36.000,143.000,295.000000
18527836.000000,2,43.000,19.000,0.000,0.000,0.000,84.000,0.000,0.000,0.000,75.000,143.000,364.000000
18538400.000000,2,53.000,23.000,0.000,0.000,0.000,80.000,24.000,0.000,0.000,41.000,143.000,364.000000
18548874.000000,2,40.000,0.000,0.000,0.000,0.000,91.000,31.000,0.000,0.000,38.000,142.000,342.000000
18559351.000000,2,84.000,8.000,0.000,0.000,0.000,88.000,0.000,0.000,0.000,85.000,143.000,408.000000
18569816.000000,2,0.000,0.000,0.000,0.000,0.000,101.000,0.000,0.000,0.000,72.000,143.000,316.000000
18580314.000000,2,0.000,0.000,0.000,0.000,0.000,99.000,0.000,0.000,0.000,84.000,138.000,321.000000
18590760.000000,2,30.000,0.000,0.000,0.000,0.000,90.000,0.000,0.000,0.000,99.000,122.000,341.000000
18601324.000000,2,94.000,42.000,2.000,0.000,0.000,72.000,0.000,0.000,0.000,76.000,143.000,429.000000
18611792.000000,2,106.000,7.000,4.000,0.000,0.000,88.000,69.000,0.000,0.000,2.000,143.000,419.000000
18622267.000000,2,41.000,0.000,0.000,0.000,0.000,92.000,70.000,0.000,0.000,0.000,142.000,345.000000
18632693.000000,2,0.000,0.000,0.000,0.000,0.000,92.000,43.000,0.000,0.000,19.000,143.000,297.000000
18634348.000000,2,3.000,0.000,0.000,0.000,0.000,97.000,13.000,0.000,0.000,54.000,143.000,310.000000
18635695.000000,2,0.000,0.000,0.000,0.000,0.000,96.000,0.000,0.000,0.000,91.000,134.000,321.000000
18637071.000000,2,47.000,5.000,0.000,0.000,0.000,79.000,0.000,0.000,0.000,104.000,127.000,362.000000
18638452.000000,2,0.000,0.000,0.000,0.000,0.000,86.000,4.000,0.000,0.000,62.000,143.000,295.000000
18639825.000000,2,0.000,0.000,0.000,0.000,0.000,88.000,69.000,0.000,0.000,0.000,143.000,300.000000
18641197.000000,2,0.000,0.000,0.000,0.000,0.000,79.000,71.000,0.000,0.000,0.000,143.000,293.000000
18642567.000000,2,0.000,0.000,0.000,0.000,0.000,79.000,66.000,0.000,0.000,0.000,143.000,288.000000
18643998.000000,2,8.000,0.000,0.000,0.000,0.000,94.000,18.000,0.000,0.000,49.000,142.000,311.000000
18645381.000000,2,39.000,12.000,0.000,0.000,0.000,92.000,0.000,0.000,0.000,86.000,143.000,372.000000
18646782.000000,2,45.000,3.000,0.000,0.000,0.000,82.000,27.000,0.000,0.000,41.000,143.000,341.000000
18648176.000000,2,0.000,0.000,0.000,0.000,0.000,88.000,71.000,0.000,0.000,0.000,143.000,302.000000
18649582.000000,2,6.000,0.000,0.000,0.000,0.000,84.000,76.000,0.000,0.000,0.000,143.000,309.000000
18650978.000000,2,0.000,0.000,0.000,0.000,0.000,87.000,18.000,0.000,0.000,48.000,143.000,296.000000
18652376.000000,2,0.000,0.000,0.000,0.000,0.000,99.000,1.000,0.000,0.000,66.000,143.000,309.000000
18653761.000000,2,16.000,0.000,0.000,0.000,0.000,91.000,55.000,0.000,0.000,6.000,142.000,310.000000
18655153.000000,2,0.000,0.000,0.000,0.000,0.000,94.000,61.000,0.000,0.000,0.000,143.000,298.000000
18656536.000000,2,0.000,0.000,0.000,0.000,0.000,86.000,50.000,0.000,0.000,12.000,143.000,291.000000
18657953.000000,2,49.000,0.000,0.000,0.000,0.000,92.000,0.000,0.000,0.000,66.000,143.000,350.000000
18659328.000000,2,66.000,4.000,0.000,0.000,0.000,86.000,0.000,0.000,0.000,66.000,143.000,365.000000
18660723.000000,2,34.000,0.000,0.000,0.000,0.000,85.000,0.000,0.000,0.000,64.000,143.000,326.000000
18662101.000000,2,74.000,0.000,0.000,0.000,0.000,88.000,0.000,0.000,0.000,72.000,143.000,377.000000
18663510.000000,2,70.000,3.000,0.000,0.000,0.000,86.000,0.000,0.000,0.000,81.000,142.000,382.000000
18664914.000000,2,66.000,0.000,0.000,0.000,0.000,85.000,0.000,0.000,0.000,90.000,143.000,384.000000
18666345.000000,2,29.000,0.000,0.000,0.000,0.000,76.000,0.000,0.000,0.000,91.000,143.000,339.000000
18667809.000000,2,116.000,9.000,0.000,0.000,0.000,94.000,55.000,0.000,0.000,13.000,143.000,430.000000
18669266.000000,2,2.000,0.000,0.000,0.000,0.000,84.000,0.000,0.000,0.000,68.000,143.000,297.000000
18670694.000000,2,54.000,0.000,0.000,0.000,0.000,83.000,0.000,0.000,0.000,76.000,143.000,356.000000
18672132.000000,2,94.000,0.000,0.000,0.000,0.000,84.000,0.000,0.000,0.000,77.000,143.000,398.000000
18673576.000000,2,102.000,0.000,0.000,0.000,0.000,100.000,0.000,0.000,0.000,76.000,142.000,420.000000
18675020.000000,2,104.000,0.000,0.000,0.000,0.000,92.000,0.000,0.000,0.000,75.000,143.000,414.000000
18676443.000000,2,98.000,14.000,0.000,0.000,0.000,85.000,0.000,0.000,0.000,73.000,143.000,413.000000
18677890.000000,2,21.000,0.000,0.000,0.000,0.000,75.000,0.000,0.000,0.000,85.000,143.000,324.000000
18679352.000000,2,12.000,0.000,0.000,0.000,0.000,80.000,0.000,0.000,0.000,94.000,143.000,329.000000
18680797.000000,2,31.000,0.000,0.000,0.000,0.000,79.000,0.000,0.000,0.000,91.000,143.000,344.000000
18682240.000000,2,60.000,0.000,0.000,0.000,0.000,87.000,40.000,0.000,0.000,24.000,143.000,354.000000
18683671.000000,2,32.000,0.000,0.000,0.000,0.000,79.000,18.000,0.000,0.000,46.000,142.000,317.000000
18685093.000000,2,82.000,6.000,0.000,0.000,0.000,85.000,0.000,0.000,0.000,74.000,143.000,390.000000
18686557.000000,2,52.000,0.000,0.000,0.000,0.000,82.000,0.000,0.000,0.000,86.000,140.000,360.000000
18687995.000000,2,90.000,0.000,0.000,0.000,0.000,90.000,26.000,0.000,0.000,49.000,141.000,396.000000
18689431.000000,2,67.000,0.000,0.000,0.000,0.000,87.000,10.000,0.000,0.000,60.000,143.000,367.000000
18690882.000000,2,0.000,0.000,0.000,0.000,0.000,79.000,0.000,0.000,0.000,74.000,143.000,296.000000
18692315.000000,2,4.000,0.000,0.000,0.000,0.000,68.000,0.000,0.000,0.000,109.000,143.000,324.000000
18693734.000000,2,76.000,0.000,0.000,0.000,0.000,87.000,0.000,0.000,0.000,80.000,142.000,385.000000
18695178.000000,2,4.000,0.000,0.000,0.000,0.000,85.000,0.000,0.000,0.000,71.000,143.000,303.000000
18696636.000000,2,84.000,17.000,0.000,0.000,0.000,94.000,0.000,0.000,0.000,78.000,143.000,416.000000
18698070.000000,2,101.000,0.000,0.000,0.000,0.000,77.000,0.000,0.000,0.000,84.000,143.000,405.000000
18699505.000000,2,101.000,0.000,0.000,0.000,0.000,90.000,0.000,0.000,0.000,84.000,143.000,418.000000
18700935.000000,2,76.000,0.000,0.000,0.000,0.000,92.000,0.000,0.000,0.000,80.000,143.000,391.000000
18702388.000000,2,24.000,0.000,0.000,0.000,0.000,86.000,0.000,0.000,0.000,71.000,143.000,324.000000
18703817.000000,2,37.000,0.000,0.000,0.000,0.000,89.000,0.000,0.000,0.000,76.000,142.000,344.000000
18705276.000000,2,74.000,25.000,0.000,0.000,0.000,10.000,5.000,0.000,89.000,62.000,143.000,408.000000
18706714.000000,2,76.000,8.000,0.000,0.000,0.000,0.000,63.000,0.000,93.000,0.000,143.000,383.000000
18708157.000000,2,72.000,11.000,0.000,0.000,0.000,0.000,61.000,0.000,94.000,4.000,143.000,385.000000
18709569.000000,2,82.000,29.000,0.000,0.000,0.000,0.000,0.000,0.000,111.000,74.000,133.000,429.000000
18711033.000000,2,49.000,0.000,0.000,0.000,0.000,10.000,8.000,0.000,96.000,69.000,113.000,345.000000
18712475.000000,2,0.000,0.000,0.000,0.000,0.000,84.000,51.000,0.000,0.000,10.000,143.000,288.000000
18713927.000000,2,0.000,0.000,0.000,0.000,0.000,92.000,31.000,0.000,0.000,32.000,143.000,298.000000
18715385.000000,2,13.000,0.000,0.000,0.000,0.000,84.000,0.000,0.000,0.000,68.000,143.000,308.000000
18716853.000000,2,8.000,0.000,0.000,0.000,0.000,79.000,0.000,0.000,0.000,78.000,143.000,308.000000
18718312.000000,2,31.000,0.000,0.000,0.000,0.000,50.000,0.000,0.000,24.000,86.000,143.000,334.000000
18719758.000000,2,72.000,0.000,0.000,0.000,0.000,0.000,76.000,0.000,106.000,0.000,143.000,397.000000
18721207.000000,2,66.000,6.000,0.000,0.000,0.000,0.000,70.000,0.000,92.000,0.000,142.000,376.000000
18722671.000000,2,75.000,0.000,0.000,0.000,0.000,0.000,48.000,0.000,92.000,15.000,143.000,373.000000
18724115.000000,2,86.000,35.000,0.000,0.000,0.000,0.000,20.000,0.000,107.000,43.000,139.000,430.000000
18725564.000000,2,81.000,33.000,0.000,0.000,0.000,0.000,10.000,0.000,108.000,77.000,118.000,427.000000
18727005.000000,2,78.000,29.000,4.000,0.000,0.000,0.000,20.000,0.000,98.000,50.000,140.000,419.000000
18728464.000000,2,78.000,16.000,0.000,0.000,0.000,0.000,0.000,0.000,94.000,62.000,143.000,393.000000
18729933.000000,2,73.000,0.000,0.000,0.000,0.000,39.000,4.000,0.000,48.000,62.000,143.000,369.000000
18731378.000000,2,47.000,4.000,0.000,0.000,0.000,70.000,0.000,0.000,1.000,66.000,142.000,330.000000
18732859.000000,2,19.000,0.000,0.000,0.000,0.000,88.000,58.000,0.000,0.000,5.000,143.000,313.000000
18734297.000000,2,0.000,0.000,0.000,0.000,0.000,62.000,8.000,0.000,7.000,58.000,143.000,278.000000
18735765.000000,2,13.000,0.000,0.000,0.000,0.000,63.000,25.000,0.000,8.000,42.000,143.000,294.000000
18737213.000000,2,6.000,0.000,0.000,0.000,0.000,76.000,52.000,0.000,0.000,16.000,143.000,293.000000
18738660.000000,3,95.000,11.000,0.000,0.000,0.000,109.000,19.000,0.000,0.000,43.000,129.000,406.000000
18740111.000000,3,108.000,121.000,0.000,0.000,0.000,109.000,0.000,0.000,0.000,78.000,121.000,537.000000
18741555.000000,3,115.000,95.000,0.000,0.000,0.000,115.000,18.000,0.000,0.000,47.000,118.000,508.000000
18742981.000000,3,143.000,0.000,0.000,0.000,0.000,123.000,2.000,0.000,0.000,65.000,116.000,449.000000
18744422.000000,3,143.000,0.000,0.000,0.000,0.000,125.000,81.000,0.000,0.000,0.000,110.000,459.000000
18745868.000000,3,134.000,0.000,0.000,0.000,0.000,121.000,73.000,0.000,0.000,0.000,118.000,446.000000
18747279.000000,3,79.000,31.000,0.000,0.000,0.000,112.000,14.000,0.000,0.000,59.000,121.000,416.000000
18748693.000000,3,103.000,103.000,0.000,0.000,0.000,117.000,4.000,0.000,0.000,72.000,118.000,517.000000
18750043.000000,3,120.000,0.000,0.000,0.000,0.000,118.000,72.000,0.000,0.000,0.000,118.000,428.000000
18751407.000000,3,141.000,0.000,0.000,0.000,0.000,120.000,68.000,0.000,0.000,0.000,120.000,449.000000
18752756.000000,3,143.000,0.000,0.000,0.000,0.000,120.000,30.000,0.000,0.000,35.000,125.000,453.000000
18754094.000000,3,141.000,10.000,0.000,0.000,0.000,117.000,0.000,0.000,0.000,72.000,124.000,464.000000
18755471.000000,3,132.000,25.000,0.000,0.000,0.000,120.000,0.000,0.000,0.000,82.000,117.000,476.000000
18756835.000000,3,123.000,54.000,0.000,0.000,0.000,115.000,0.000,0.000,0.000,82.000,119.000,493.000000
18758169.000000,3,101.000,113.000,12.000,0.000,0.000,120.000,16.000,0.000,0.000,58.000,124.000,544.000000
18759524.000000,3,134.000,0.000,0.000,0.000,0.000,118.000,70.000,0.000,0.000,0.000,125.000,447.000000
18760898.000000,3,107.000,0.000,0.000,0.000,0.000,116.000,62.000,0.000,0.000,7.000,121.000,413.000000
18762267.000000,3,14.000,13.000,0.000,0.000,0.000,93.000,0.000,0.000,0.000,64.000,143.000,327.000000
18763616.000000,3,113.000,53.000,0.000,0.000,0.000,119.000,0.000,0.000,0.000,64.000,119.000,468.000000
18764969.000000,3,119.000,15.000,0.000,0.000,0.000,120.000,0.000,0.000,0.000,76.000,122.000,452.000000
18766306.000000,3,137.000,0.000,0.000,0.000,0.000,115.000,0.000,0.000,0.000,72.000,120.000,444.000000
18767624.000000,3,143.000,0.000,0.000,0.000,0.000,115.000,0.000,0.000,0.000,65.000,121.000,444.000000
18768965.000000,3,142.000,0.000,0.000,0.000,0.000,120.000,51.000,0.000,0.000,12.000,123.000,448.000000
18770346.000000,3,115.000,21.000,0.000,0.000,0.000,118.000,64.000,0.000,0.000,5.000,118.000,441.000000
18771751.000000,3,134.000,25.000,0.000,0.000,0.000,121.000,9.000,0.000,0.000,54.000,117.000,460.000000
18773112.000000,3,143.000,0.000,0.000,0.000,0.000,124.000,20.000,0.000,0.000,46.000,120.000,453.000000
18774433.000000,3,143.000,0.000,0.000,0.000,0.000,132.000,65.000,0.000,0.000,0.000,115.000,455.000000
18775756.000000,3,133.000,0.000,0.000,0.000,0.000,120.000,33.000,0.000,0.000,27.000,121.000,434.000000
18777066.000000,3,123.000,0.000,0.000,0.000,0.000,120.000,68.000,0.000,0.000,0.000,125.000,436.000000
18778427.000000,3,127.000,0.000,0.000,0.000,0.000,119.000,78.000,0.000,0.000,0.000,125.000,449.000000
18779735.000000,3,142.000,0.000,0.000,0.000,0.000,118.000,31.000,0.000,0.000,36.000,117.000,444.000000
18781080.000000,3,143.000,0.000,0.000,0.000,0.000,131.000,62.000,0.000,0.000,0.000,108.000,444.000000
18782407.000000,3,143.000,0.000,0.000,0.000,0.000,130.000,36.000,0.000,0.000,27.000,113.000,449.000000
18783772.000000,3,143.000,0.000,0.000,0.000,0.000,111.000,12.000,0.000,0.000,53.000,128.000,447.000000
18785096.000000,3,143.000,0.000,0.000,0.000,0.000,120.000,4.000,0.000,0.000,68.000,121.000,456.000000
18786424.000000,3,113.000,0.000,0.000,0.000,0.000,111.000,16.000,0.000,0.000,47.000,131.000,418.000000
18787785.000000,3,85.000,16.000,0.000,0.000,0.000,105.000,0.000,0.000,0.000,66.000,129.000,401.000000
18789128.000000,3,143.000,0.000,0.000,0.000,0.000,119.000,0.000,0.000,0.000,63.000,117.000,442.000000
18790510.000000,3,143.000,0.000,0.000,0.000,0.000,130.000,25.000,0.000,0.000,37.000,110.000,445.000000
18791863.000000,3,138.000,11.000,0.000,0.000,0.000,143.000,5.000,0.000,0.000,56.000,90.000,443.000000
18793182.000000,3,143.000,0.000,0.000,0.000,0.000,143.000,29.000,0.000,0.000,31.000,101.000,447.000000
18794502.000000,3,127.000,70.000,0.000,0.000,0.000,112.000,0.000,0.000,0.000,69.000,130.000,508.000000
18795831.000000,3,126.000,52.000,0.000,0.000,0.000,112.000,17.000,0.000,0.000,48.000,130.000,485.000000
18797184.000000,3,143.000,0.000,0.000,0.000,0.000,120.000,0.000,0.000,0.000,79.000,125.000,467.000000
18798532.000000,3,143.000,0.000,0.000,0.000,0.000,120.000,0.000,0.000,0.000,77.000,122.000,462.000000
18799908.000000,3,37.000,0.000,0.000,0.000,0.000,104.000,7.000,0.000,0.000,62.000,135.000,345.000000
18801267.000000,3,114.000,46.000,0.000,0.000,0.000,116.000,0.000,0.000,0.000,65.000,126.000,467.000000
18802627.000000,3,142.000,0.000,0.000,0.000,0.000,136.000,0.000,0.000,0.000,67.000,102.000,447.000000
18803973.000000,3,143.000,0.000,0.000,0.000,0.000,124.000,0.000,0.000,0.000,68.000,119.000,454.000000
18805335.000000,3,143.000,0.000,0.000,0.000,0.000,119.000,0.000,0.000,0.000,73.000,122.000,457.000000
18806703.000000,3,143.000,0.000,0.000,0.000,0.000,116.000,0.000,0.000,0.000,79.000,125.000,463.000000
18808097.000000,3,143.000,0.000,0.000,0.000,0.000,120.000,0.000,0.000,0.000,64.000,125.000,452.000000
18809455.000000,3,140.000,9.000,0.000,0.000,0.000,126.000,0.000,0.000,0.000,67.000,112.000,454.000000
18810812.000000,3,143.000,0.000,0.000,0.000,0.000,128.000,0.000,0.000,0.000,69.000,117.000,457.000000
18812161.000000,3,143.000,0.000,0.000,0.000,0.000,121.000,0.000,0.000,0.000,65.000,116.000,445.000000
18813527.000000,3,142.000,0.000,0.000,0.000,0.000,135.000,0.000,0.000,0.000,62.000,109.000,448.000000
18814871.000000,3,143.000,0.000,0.000,0.000,0.000,110.000,0.000,0.000,0.000,71.000,120.000,444.000000
18816230.000000,3,143.000,0.000,0.000,0.000,0.000,116.000,0.000,0.000,0.000,67.000,116.000,442.000000
18817580.000000,3,143.000,0.000,0.000,0.000,0.000,117.000,0.000,0.000,0.000,68.000,122.000,450.000000
18818931.000000,3,141.000,4.000,0.000,0.000,0.000,132.000,0.000,0.000,0.000,63.000,108.000,448.000000
18820274.000000,3,143.000,0.000,0.000,0.000,0.000,127.000,0.000,0.000,0.000,68.000,120.000,458.000000
18821639.000000,3,125.000,58.000,0.000,0.000,0.000,123.000,68.000,0.000,0.000,4.000,110.000,488.000000
18823002.000000,3,131.000,49.000,0.000,0.000,0.000,110.000,72.000,0.000,0.000,0.000,131.000,493.000000
18824343.000000,3,141.000,6.000,0.000,0.000,0.000,121.000,25.000,0.000,0.000,39.000,119.000,451.000000
18825680.000000,3,143.000,0.000,0.000,0.000,0.000,127.000,56.000,0.000,0.000,9.000,111.000,446.000000
18827026.000000,3,140.000,0.000,0.000,0.000,0.000,143.000,73.000,0.000,0.000,0.000,101.000,457.000000
18828345.000000,3,124.000,24.000,0.000,0.000,0.000,124.000,66.000,0.000,0.000,0.000,114.000,452.000000
18829690.000000,3,143.000,0.000,0.000,0.000,0.000,142.000,66.000,0.000,0.000,0.000,97.000,448.000000
18831052.000000,3,143.000,0.000,0.000,0.000,0.000,143.000,56.000,0.000,0.000,9.000,103.000,454.000000
18832370.000000,3,143.000,0.000,0.000,0.000,0.000,125.000,69.000,0.000,0.000,4.000,115.000,456.000000
18833705.000000,3,143.000,0.000,0.000,0.000,0.000,121.000,87.000,0.000,0.000,0.000,105.000,456.000000
18835081.000000,3,143.000,4.000,0.000,0.000,0.000,124.000,76.000,0.000,0.000,0.000,112.000,459.000000
18836439.000000,3,115.000,119.000,0.000,0.000,0.000,117.000,78.000,0.000,0.000,0.000,113.000,542.000000
18837805.000000,3,142.000,94.000,0.000,0.000,0.000,140.000,67.000,0.000,0.000,0.000,98.000,541.000000
18839168.000000,3,110.000,124.000,0.000,0.000,0.000,127.000,76.000,0.000,0.000,0.000,112.000,549.000000
18840555.000000,3,143.000,90.000,0.000,0.000,0.000,137.000,68.000,0.000,0.000,0.000,100.000,538.000000
18841918.000000,3,116.000,100.000,0.000,0.000,0.000,122.000,80.000,0.000,4.000,0.000,113.000,535.000000
18843288.000000,3,118.000,117.000,0.000,0.000,0.000,102.000,79.000,0.000,0.000,0.000,127.000,543.000000
18844641.000000,3,143.000,39.000,0.000,0.000,0.000,136.000,68.000,0.000,0.000,0.000,104.000,490.000000
18845974.000000,3,143.000,0.000,0.000,0.000,0.000,131.000,78.000,0.000,0.000,0.000,102.000,454.000000
18847329.000000,3,135.000,0.000,0.000,0.000,0.000,137.000,77.000,0.000,0.000,0.000,98.000,447.000000
18848669.000000,3,143.000,0.000,0.000,0.000,0.000,143.000,67.000,0.000,0.000,0.000,101.000,454.000000
18850021.000000,3,142.000,0.000,0.000,0.000,0.000,134.000,70.000,0.000,0.000,0.000,111.000,457.000000
18851379.000000,3,143.000,0.000,0.000,0.000,0.000,127.000,71.000,0.000,0.000,0.000,108.000,449.000000
18852757.000000,3,143.000,0.000,0.000,0.000,0.000,143.000,77.000,0.000,0.000,0.000,92.000,455.000000
18854123.000000,3,143.000,0.000,0.000,0.000,0.000,130.000,71.000,0.000,0.000,0.000,110.000,454.000000
18855482.000000,3,143.000,0.000,0.000,0.000,0.000,141.000,76.000,0.000,0.000,0.000,101.000,461.000000
18856867.000000,3,143.000,0.000,0.000,0.000,0.000,131.000,72.000,0.000,0.000,0.000,105.000,451.000000
18858221.000000,3,143.000,0.000,0.000,0.000,0.000,143.000,71.000,0.000,0.000,0.000,92.000,449.000000
18859562.000000,3,142.000,0.000,0.000,0.000,0.000,140.000,52.000,0.000,0.000,12.000,101.000,447.000000
18860934.000000,4,143.000,18.000,0.000,0.000,0.000,120.000,41.000,0.000,0.000,24.000,114.000,460.000000
18862304.000000,4,143.000,83.000,0.000,0.000,0.000,62.000,69.000,0.000,0.000,0.000,142.000,499.000000
18863649.000000,4,143.000,60.000,0.000,0.000,0.000,66.000,42.000,0.000,0.000,22.000,143.000,476.000000
18865024.000000,4,143.000,0.000,0.000,0.000,0.000,69.000,26.000,0.000,0.000,36.000,143.000,417.000000
18866380.000000,4,143.000,0.000,0.000,0.000,0.000,87.000,53.000,0.000,0.000,10.000,143.000,436.000000
18867725.000000,4,143.000,48.000,0.000,0.000,0.000,24.000,69.000,0.000,39.000,0.000,143.000,466.000000
18869075.000000,4,142.000,87.000,0.000,0.000,0.000,0.000,65.000,0.000,71.000,0.000,143.000,508.000000
18870446.000000,4,143.000,30.000,0.000,0.000,0.000,0.000,72.000,0.000,66.000,0.000,143.000,454.000000
18871812.000000,4,143.000,0.000,0.000,0.000,0.000,48.000,49.000,0.000,13.000,15.000,142.000,410.000000
18873196.000000,4,143.000,0.000,0.000,0.000,0.000,62.000,64.000,0.000,0.000,0.000,143.000,412.000000
18874575.000000,4,143.000,9.000,0.000,0.000,0.000,46.000,65.000,0.000,18.000,0.000,143.000,424.000000
18875927.000000,4,143.000,86.000,81.000,0.000,0.000,36.000,64.000,0.000,27.000,0.000,143.000,580.000000
18877304.000000,4,143.000,51.000,0.000,0.000,0.000,82.000,74.000,0.000,0.000,0.000,143.000,493.000000
18878669.000000,4,142.000,82.000,0.000,0.000,0.000,67.000,74.000,0.000,0.000,0.000,143.000,508.000000
18880015.000000,4,143.000,0.000,0.000,0.000,0.000,65.000,44.000,0.000,0.000,20.000,143.000,415.000000
18881379.000000,4,143.000,0.000,0.000,0.000,0.000,81.000,0.000,0.000,0.000,67.000,142.000,433.000000
18882744.000000,4,143.000,0.000,0.000,0.000,0.000,67.000,37.000,0.000,6.000,30.000,143.000,426.000000
18884104.000000,4,139.000,61.000,10.000,0.000,0.000,0.000,64.000,0.000,63.000,1.000,143.000,481.000000
18885458.000000,4,143.000,39.000,19.000,0.000,0.000,9.000,51.000,0.000,58.000,14.000,143.000,476.000000
18886802.000000,4,143.000,32.000,0.000,0.000,0.000,76.000,65.000,0.000,0.000,1.000,143.000,460.000000
18888170.000000,4,143.000,0.000,0.000,0.000,0.000,83.000,33.000,0.000,0.000,28.000,143.000,430.000000
18889559.000000,4,143.000,34.000,7.000,0.000,0.000,47.000,71.000,0.000,20.000,0.000,143.000,465.000000
18890936.000000,4,143.000,89.000,73.000,0.000,0.000,18.000,52.000,0.000,47.000,11.000,142.000,575.000000
18892341.000000,4,142.000,23.000,22.000,0.000,0.000,0.000,0.000,0.000,70.000,78.000,143.000,478.000000
18893750.000000,4,143.000,0.000,0.000,0.000,0.000,0.000,19.000,0.000,70.000,54.000,143.000,429.000000
18895115.000000,4,143.000,14.000,0.000,0.000,0.000,7.000,81.000,0.000,57.000,0.000,143.000,445.000000
18896542.000000,4,143.000,70.000,0.000,0.000,0.000,56.000,80.000,0.000,8.000,0.000,143.000,500.000000
18897970.000000,4,143.000,71.000,0.000,0.000,0.000,69.000,81.000,0.000,0.000,0.000,143.000,507.000000
18899391.000000,4,143.000,8.000,0.000,0.000,0.000,66.000,23.000,0.000,0.000,41.000,143.000,424.000000
18900781.000000,4,143.000,14.000,0.000,0.000,0.000,7.000,0.000,0.000,53.000,69.000,142.000,428.000000
18902174.000000,4,142.000,88.000,0.000,0.000,0.000,49.000,24.000,0.000,14.000,38.000,143.000,498.000000
18903595.000000,4,143.000,88.000,33.000,7.000,0.000,81.000,63.000,0.000,0.000,0.000,143.000,558.000000
18904980.000000,4,143.000,93.000,81.000,38.000,0.000,28.000,21.000,0.000,37.000,42.000,143.000,626.000000
18906336.000000,4,143.000,92.000,84.000,0.000,0.000,0.000,0.000,0.000,67.000,67.000,143.000,596.000000
18907699.000000,4,143.000,19.000,11.000,0.000,0.000,0.000,0.000,0.000,79.000,74.000,143.000,469.000000
18909094.000000,4,143.000,41.000,0.000,0.000,0.000,0.000,47.000,0.000,72.000,22.000,143.000,468.000000
18910474.000000,4,143.000,0.000,0.000,0.000,0.000,0.000,26.000,0.000,84.000,39.000,142.000,434.000000
18911847.000000,4,142.000,16.000,0.000,0.000,0.000,10.000,46.000,0.000,61.000,18.000,143.000,436.000000
18913247.000000,4,143.000,51.000,0.000,0.000,0.000,15.000,18.000,0.000,57.000,44.000,143.000,471.000000
18914683.000000,4,143.000,68.000,0.000,0.000,0.000,0.000,4.000,0.000,75.000,61.000,143.000,494.000000
18916096.000000,4,143.000,21.000,0.000,0.000,0.000,3.000,51.000,0.000,62.000,11.000,143.000,434.000000
18917520.000000,4,143.000,26.000,0.000,0.000,0.000,0.000,0.000,0.000,70.000,76.000,143.000,458.000000
18918912.000000,4,143.000,45.000,0.000,0.000,0.000,21.000,22.000,0.000,48.000,56.000,143.000,478.000000
18920338.000000,4,143.000,32.000,0.000,0.000,0.000,26.000,87.000,0.000,41.000,0.000,142.000,471.000000
18921727.000000,4,142.000,22.000,0.000,0.000,0.000,0.000,36.000,0.000,71.000,26.000,143.000,440.000000
18923077.000000,4,143.000,0.000,0.000,0.000,0.000,30.000,0.000,0.000,34.000,63.000,143.000,413.000000
18924458.000000,4,143.000,78.000,0.000,0.000,0.000,0.000,0.000,0.000,79.000,63.000,143.000,506.000000
18925811.000000,4,143.000,80.000,0.000,0.000,0.000,0.000,0.000,0.000,74.000,63.000,143.000,503.000000
18927199.000000,4,143.000,73.000,0.000,0.000,0.000,8.000,0.000,0.000,59.000,61.000,143.000,487.000000
18928594.000000,4,143.000,7.000,0.000,0.000,0.000,43.000,28.000,0.000,21.000,35.000,143.000,420.000000
18929985.000000,4,143.000,77.000,0.000,0.000,0.000,0.000,20.000,0.000,77.000,43.000,142.000,502.000000
18931380.000000,4,142.000,45.000,0.000,0.000,0.000,0.000,24.000,0.000,68.000,48.000,143.000,470.000000
18932776.000000,4,143.000,61.000,0.000,0.000,0.000,39.000,0.000,0.000,30.000,83.000,143.000,499.000000
18934148.000000,4,143.000,89.000,4.000,0.000,0.000,72.000,20.000,0.000,0.000,42.000,143.000,513.000000
18935563.000000,4,143.000,87.000,82.000,0.000,0.000,54.000,0.000,0.000,14.000,63.000,143.000,586.000000
18936950.000000,4,143.000,88.000,80.000,0.000,0.000,0.000,0.000,0.000,62.000,64.000,143.000,580.000000
18938337.000000,4,143.000,91.000,48.000,0.000,0.000,61.000,17.000,0.000,6.000,45.000,143.000,554.000000
18939721.000000,4,143.000,90.000,78.000,0.000,0.000,15.000,0.000,0.000,47.000,69.000,142.000,584.000000
18941089.000000,4,142.000,90.000,80.000,0.000,0.000,34.000,0.000,0.000,27.000,70.000,143.000,586.000000
18942477.000000,4,143.000,90.000,65.000,0.000,0.000,66.000,14.000,0.000,0.000,47.000,143.000,568.000000
18943853.000000,4,143.000,56.000,43.000,0.000,0.000,52.000,34.000,0.000,12.000,39.000,143.000,522.000000
18945226.000000,4,143.000,0.000,0.000,0.000,0.000,45.000,94.000,0.000,19.000,0.000,143.000,444.000000
18946611.000000,4,143.000,13.000,0.000,0.000,0.000,0.000,81.000,0.000,68.000,0.000,143.000,448.000000
18947993.000000,4,143.000,0.000,0.000,0.000,0.000,0.000,86.000,0.000,64.000,0.000,143.000,436.000000
18949405.000000,4,143.000,0.000,0.000,0.000,0.000,0.000,68.000,0.000,73.000,0.000,142.000,426.000000
18950851.000000,4,142.000,0.000,0.000,0.000,0.000,0.000,66.000,0.000,89.000,0.000,143.000,440.000000
18952322.000000,4,143.000,0.000,0.000,0.000,0.000,26.000,80.000,0.000,43.000,0.000,143.000,435.000000
18953767.000000,4,134.000,0.000,0.000,0.000,0.000,16.000,74.000,0.000,55.000,0.000,143.000,422.000000
18955220.000000,4,111.000,0.000,0.000,0.000,0.000,0.000,28.000,0.000,78.000,39.000,143.000,399.000000
18956691.000000,4,143.000,24.000,0.000,0.000,0.000,9.000,72.000,0.000,61.000,0.000,143.000,452.000000
18958153.000000,4,143.000,0.000,0.000,0.000,0.000,75.000,82.000,0.000,0.000,0.000,143.000,443.000000
18959626.000000,4,143.000,0.000,0.000,0.000,0.000,29.000,76.000,0.000,37.000,0.000,142.000,427.000000
18961110.000000,4,139.000,0.000,0.000,0.000,0.000,0.000,68.000,0.000,79.000,0.000,143.000,429.000000
18962584.000000,4,124.000,12.000,0.000,0.000,0.000,0.000,70.000,0.000,77.000,0.000,143.000,426.000000
18964050.000000,4,143.000,0.000,0.000,0.000,0.000,44.000,75.000,0.000,22.000,0.000,143.000,427.000000
18965532.000000,4,130.000,0.000,0.000,0.000,0.000,0.000,76.000,0.000,78.000,0.000,143.000,427.000000
18966994.000000,4,143.000,0.000,0.000,0.000,0.000,0.000,41.000,0.000,104.000,27.000,143.000,458.000000
18968474.000000,4,143.000,0.000,0.000,0.000,0.000,0.000,70.000,0.000,81.000,0.000,143.000,437.000000
18969954.000000,4,143.000,0.000,0.000,0.000,0.000,0.000,76.000,0.000,70.000,0.000,142.000,431.000000
18971428.000000,4,142.000,0.000,0.000,0.000,0.000,0.000,61.000,0.000,93.000,8.000,143.000,447.000000
18972882.000000,4,143.000,0.000,0.000,0.000,0.000,0.000,0.000,0.000,119.000,63.000,127.000,452.000000
18974339.000000,4,143.000,0.000,0.000,0.000,0.000,0.000,61.000,0.000,90.000,6.000,140.000,440.000000
18975822.000000,4,143.000,0.000,0.000,0.000,0.000,0.000,76.000,0.000,76.000,0.000,143.000,438.000000
18977298.000000,4,128.000,18.000,0.000,0.000,0.000,0.000,30.000,0.000,102.000,36.000,142.000,456.000000
18978798.000000,4,143.000,0.000,0.000,0.000,0.000,0.000,0.000,0.000,125.000,64.000,119.000,451.000000
18980295.000000,4,142.000,0.000,0.000,0.000,0.000,0.000,50.000,0.000,103.000,13.000,138.000,446.000000
18981795.000000,4,143.000,0.000,0.000,0.000,0.000,0.000,68.000,0.000,79.000,0.000,143.000,433.000000
18983252.000000,4,121.000,18.000,0.000,0.000,0.000,0.000,58.000,0.000,89.000,8.000,143.000,437.000000
18984716.000000,4,121.000,0.000,0.000,0.000,0.000,0.000,0.000,0.000,108.000,71.000,143.000,443.000000
18986191.000000,4,139.000,0.000,0.000,0.000,0.000,0.000,42.000,0.000,96.000,23.000,143.000,443.000000
18987655.000000,4,143.000,0.000,0.000,0.000,0.000,0.000,63.000,0.000,83.000,0.000,142.000,431.000000
18989124.000000,4,142.000,0.000,0.000,0.000,0.000,0.000,29.000,0.000,96.000,34.000,143.000,444.000000
18990605.000000,4,143.000,0.000,0.000,0.000,0.000,0.000,47.000,0.000,95.000,16.000,143.000,444.000000
18992060.000000,5,143.000,30.000,24.000,0.000,0.000,21.000,34.000,0.000,72.000,27.000,142.000,493.000000
18993521.000000,5,143.000,143.000,120.000,0.000,0.000,102.000,47.000,0.000,0.000,18.000,143.000,716.000000
18994970.000000,5,143.000,142.000,125.000,0.000,0.000,103.000,0.000,0.000,0.000,73.000,143.000,729.000000
18996362.000000,5,154.000,150.000,125.000,0.000,0.000,103.000,0.000,0.000,0.000,84.000,143.000,759.000000
18997696.000000,5,145.000,167.000,119.000,15.000,0.000,94.000,5.000,0.000,0.000,75.000,143.000,763.000000
18999041.000000,5,150.000,146.000,111.000,30.000,0.000,96.000,81.000,0.000,0.000,0.000,142.000,756.000000
19000422.000000,5,143.000,143.000,115.000,0.000,0.000,93.000,72.000,0.000,0.000,0.000,143.000,709.000000
19001795.000000,5,142.000,143.000,124.000,0.000,0.000,94.000,54.000,0.000,0.000,19.000,143.000,719.000000
19003183.000000,5,143.000,143.000,120.000,0.000,0.000,91.000,0.000,0.000,0.000,77.000,143.000,717.000000
19004603.000000,5,143.000,143.000,120.000,0.000,0.000,92.000,0.000,0.000,0.000,84.000,143.000,725.000000
19006026.000000,5,143.000,142.000,118.000,0.000,0.000,102.000,0.000,0.000,0.000,76.000,143.000,724.000000
19007434.000000,5,142.000,143.000,120.000,3.000,0.000,101.000,27.000,0.000,0.000,36.000,143.000,715.000000
19008807.000000,5,143.000,143.000,120.000,0.000,0.000,102.000,76.000,0.000,0.000,0.000,142.000,726.000000
19010228.000000,5,143.000,143.000,119.000,0.000,0.000,104.000,39.000,0.000,0.000,30.000,143.000,721.000000
19011585.000000,5,143.000,143.000,119.000,0.000,0.000,103.000,0.000,0.000,0.000,82.000,142.000,732.000000
19012953.000000,5,143.000,143.000,125.000,0.000,0.000,110.000,0.000,0.000,0.000,86.000,120.000,727.000000
19014390.000000,5,143.000,142.000,125.000,0.000,0.000,112.000,43.000,0.000,0.000,27.000,131.000,723.000000
19015775.000000,5,143.000,143.000,116.000,14.000,0.000,103.000,76.000,0.000,0.000,0.000,143.000,738.000000
19017134.000000,5,142.000,143.000,91.000,81.000,0.000,94.000,44.000,0.000,0.000,27.000,143.000,765.000000
19018507.000000,5,143.000,143.000,117.000,0.000,0.000,96.000,0.000,0.000,0.000,77.000,142.000,718.000000
19019898.000000,5,143.000,143.000,118.000,0.000,0.000,96.000,0.000,0.000,0.000,87.000,143.000,730.000000
19021310.000000,5,143.000,142.000,118.000,0.000,0.000,104.000,12.000,0.000,0.000,55.000,143.000,717.000000
19022727.000000,5,143.000,143.000,119.000,0.000,0.000,122.000,70.000,0.000,0.000,0.000,132.000,729.000000
19024126.000000,5,143.000,143.000,120.000,0.000,0.000,118.000,75.000,0.000,0.000,0.000,118.000,717.000000
19025535.000000,5,143.000,143.000,119.000,0.000,0.000,116.000,23.000,0.000,0.000,43.000,120.000,707.000000
19026931.000000,5,142.000,143.000,123.000,0.000,0.000,105.000,0.000,0.000,0.000,82.000,120.000,715.000000
19028345.000000,5,143.000,143.000,124.000,0.000,0.000,105.000,34.000,0.000,0.000,35.000,134.000,718.000000
19029731.000000,5,143.000,143.000,112.000,12.000,0.000,97.000,47.000,0.000,0.000,23.000,142.000,719.000000
19031081.000000,5,143.000,142.000,118.000,0.000,0.000,96.000,36.000,0.000,0.000,33.000,143.000,711.000000
19032465.000000,5,143.000,142.000,120.000,0.000,0.000,99.000,73.000,0.000,0.000,0.000,143.000,720.000000
19033852.000000,5,143.000,125.000,119.000,0.000,0.000,80.000,69.000,0.000,0.000,0.000,143.000,679.000000
19035248.000000,5,136.000,138.000,134.000,0.000,0.000,111.000,67.000,0.000,0.000,0.000,130.000,716.000000
19036612.000000,5,143.000,142.000,132.000,0.000,0.000,101.000,30.000,0.000,0.000,35.000,140.000,723.000000
19038015.000000,5,142.000,135.000,121.000,0.000,0.000,103.000,37.000,0.000,0.000,31.000,143.000,712.000000
19039422.000000,5,142.000,138.000,120.000,0.000,0.000,101.000,26.000,0.000,0.000,38.000,143.000,708.000000
19040843.000000,5,143.000,132.000,120.000,0.000,0.000,101.000,52.000,0.000,0.000,14.000,142.000,704.000000
19042252.000000,5,143.000,134.000,119.000,0.000,0.000,89.000,24.000,0.000,0.000,41.000,143.000,693.000000
19043651.000000,5,143.000,126.000,118.000,3.000,0.000,81.000,35.000,0.000,0.000,28.000,143.000,677.000000
19045050.000000,5,124.000,139.000,117.000,0.000,0.000,108.000,65.000,0.000,0.000,0.000,128.000,681.000000
19046428.000000,5,143.000,135.000,115.000,0.000,0.000,97.000,51.000,0.000,0.000,13.000,142.000,696.000000
19047805.000000,5,142.000,123.000,116.000,0.000,0.000,93.000,21.000,0.000,0.000,49.000,143.000,687.000000
19049160.000000,5,140.000,139.000,119.000,0.000,0.000,95.000,82.000,0.000,0.000,0.000,143.000,718.000000
19050515.000000,5,143.000,125.000,120.000,0.000,0.000,92.000,7.000,0.000,0.000,58.000,143.000,688.000000
19051870.000000,5,142.000,121.000,120.000,0.000,0.000,81.000,10.000,0.000,0.000,54.000,143.000,671.000000
19053249.000000,5,143.000,122.000,122.000,0.000,0.000,97.000,38.000,0.000,0.000,26.000,143.000,691.000000
19054632.000000,5,135.000,128.000,118.000,0.000,0.000,102.000,0.000,0.000,0.000,67.000,140.000,690.000000
19056019.000000,5,154.000,142.000,119.000,0.000,0.000,111.000,9.000,0.000,0.000,56.000,128.000,719.000000
19057396.000000,5,139.000,133.000,118.000,0.000,0.000,91.000,48.000,0.000,0.000,15.000,143.000,687.000000
19058790.000000,5,134.000,139.000,120.000,0.000,0.000,110.000,24.000,0.000,0.000,39.000,143.000,709.000000
19060177.000000,5,143.000,143.000,116.000,0.000,0.000,101.000,35.000,0.000,0.000,35.000,142.000,715.000000
19061584.000000,5,142.000,143.000,118.000,0.000,0.000,96.000,69.000,0.000,0.000,0.000,143.000,711.000000
19062979.000000,5,143.000,128.000,119.000,0.000,0.000,88.000,29.000,0.000,0.000,33.000,143.000,683.000000
19064367.000000,5,144.000,139.000,115.000,0.000,0.000,97.000,55.000,0.000,0.000,9.000,143.000,702.000000
19065728.000000,5,149.000,139.000,119.000,0.000,0.000,95.000,35.000,0.000,0.000,27.000,143.000,707.000000
19067096.000000,5,128.000,138.000,116.000,0.000,0.000,106.000,60.000,0.000,0.000,6.000,143.000,697.000000
19068452.000000,5,141.000,141.000,119.000,0.000,0.000,102.000,31.000,0.000,0.000,34.000,143.000,711.000000
19069827.000000,5,139.000,142.000,103.000,36.000,0.000,102.000,60.000,0.000,0.000,11.000,142.000,735.000000
19071214.000000,5,142.000,119.000,120.000,0.000,0.000,91.000,77.000,0.000,0.000,0.000,143.000,692.000000
19072591.000000,5,130.000,139.000,119.000,0.000,0.000,105.000,76.000,0.000,0.000,0.000,131.000,700.000000
19073971.000000,5,143.000,128.000,121.000,5.000,0.000,43.000,81.000,0.000,25.000,0.000,143.000,689.000000
19075377.000000,5,143.000,133.000,111.000,19.000,0.000,74.000,77.000,0.000,4.000,0.000,143.000,704.000000
19076796.000000,5,143.000,117.000,116.000,11.000,0.000,69.000,82.000,0.000,0.000,0.000,143.000,681.000000
19078192.000000,5,143.000,119.000,108.000,33.000,0.000,84.000,80.000,0.000,0.000,0.000,142.000,709.000000
19079571.000000,5,124.000,137.000,105.000,12.000,0.000,102.000,75.000,0.000,0.000,0.000,143.000,698.000000
19080963.000000,5,136.000,135.000,102.000,0.000,0.000,99.000,78.000,0.000,0.000,0.000,143.000,693.000000
19082344.000000,5,143.000,141.000,103.000,2.000,0.000,81.000,83.000,0.000,0.000,0.000,143.000,696.000000
19083705.000000,5,143.000,121.000,118.000,0.000,0.000,72.000,85.000,0.000,0.000,0.000,143.000,682.000000
19085086.000000,5,140.000,121.000,113.000,0.000,0.000,90.000,84.000,0.000,0.000,0.000,143.000,691.000000
19086453.000000,5,124.000,140.000,102.000,7.000,0.000,103.000,76.000,0.000,0.000,0.000,139.000,691.000000
19087812.000000,5,143.000,120.000,104.000,0.000,0.000,96.000,82.000,0.000,0.000,0.000,140.000,685.000000
19089187.000000,5,142.000,119.000,102.000,0.000,0.000,80.000,85.000,0.000,0.000,0.000,143.000,671.000000
19090568.000000,5,143.000,120.000,109.000,14.000,0.000,77.000,82.000,0.000,0.000,0.000,143.000,688.000000
19091953.000000,5,143.000,118.000,108.000,17.000,0.000,65.000,82.000,0.000,8.000,0.000,142.000,683.000000
19093354.000000,5,143.000,120.000,110.000,18.000,0.000,68.000,83.000,0.000,2.000,0.000,143.000,687.000000
19094754.000000,5,143.000,120.000,103.000,0.000,0.000,88.000,80.000,0.000,0.000,0.000,143.000,677.000000
19096136.000000,5,143.000,140.000,104.000,0.000,0.000,71.000,81.000,0.000,0.000,0.000,143.000,682.000000
19097523.000000,5,143.000,119.000,107.000,0.000,0.000,84.000,78.000,0.000,0.000,0.000,143.000,674.000000
19098903.000000,5,140.000,120.000,110.000,0.000,0.000,98.000,75.000,0.000,0.000,0.000,143.000,686.000000
19100230.000000,5,143.000,119.000,120.000,0.000,0.000,80.000,85.000,0.000,0.000,0.000,143.000,690.000000
19101558.000000,5,143.000,117.000,123.000,0.000,0.000,78.000,86.000,0.000,0.000,0.000,142.000,689.000000
19102909.000000,5,143.000,117.000,120.000,0.000,0.000,71.000,88.000,0.000,0.000,0.000,143.000,682.000000
19104304.000000,5,130.000,128.000,107.000,0.000,0.000,95.000,81.000,0.000,0.000,0.000,143.000,684.000000
19105666.000000,5,143.000,137.000,108.000,0.000,0.000,95.000,84.000,0.000,0.000,0.000,143.000,710.000000
19107059.000000,5,143.000,143.000,120.000,0.000,0.000,88.000,84.000,0.000,0.000,0.000,143.000,721.000000
19108432.000000,5,143.000,131.000,120.000,0.000,0.000,74.000,87.000,0.000,0.000,0.000,143.000,698.000000
19109829.000000,6,143.000,131.000,51.000,0.000,0.000,77.000,70.000,0.000,0.000,0.000,143.000,615.000000
19111198.000000,6,142.000,124.000,0.000,0.000,0.000,87.000,36.000,0.000,0.000,34.000,142.000,565.000000
19112614.000000,6,143.000,120.000,0.000,0.000,0.000,83.000,0.000,0.000,0.000,87.000,143.000,576.000000
19113972.000000,6,143.000,130.000,0.000,0.000,0.000,68.000,0.000,0.000,0.000,73.000,143.000,557.000000
19115333.000000,6,143.000,138.000,0.000,0.000,0.000,77.000,0.000,0.000,0.000,69.000,143.000,570.000000
19116688.000000,6,143.000,118.000,0.000,0.000,0.000,86.000,0.000,0.000,0.000,95.000,143.000,585.000000
19118035.000000,6,163.000,117.000,0.000,0.000,0.000,82.000,0.000,0.000,0.000,89.000,143.000,594.000000
19119387.000000,6,144.000,127.000,0.000,0.000,0.000,85.000,0.000,0.000,0.000,81.000,143.000,580.000000
19120788.000000,6,143.000,117.000,7.000,0.000,0.000,76.000,0.000,0.000,0.000,77.000,142.000,562.000000
19122148.000000,6,143.000,131.000,19.000,0.000,0.000,66.000,49.000,0.000,0.000,21.000,143.000,572.000000
19123495.000000,6,142.000,85.000,124.000,0.000,0.000,65.000,71.000,0.000,0.000,0.000,143.000,630.000000
19124844.000000,6,143.000,89.000,98.000,0.000,0.000,74.000,1.000,0.000,0.000,71.000,143.000,619.000000
19126211.000000,6,143.000,120.000,0.000,0.000,0.000,92.000,0.000,0.000,0.000,74.000,143.000,572.000000
19127581.000000,6,143.000,114.000,15.000,0.000,0.000,92.000,0.000,0.000,0.000,77.000,143.000,584.000000
19128962.000000,6,143.000,106.000,54.000,5.000,0.000,65.000,0.000,0.000,5.000,73.000,143.000,594.000000
19130348.000000,6,143.000,139.000,8.000,0.000,0.000,73.000,0.000,0.000,0.000,71.000,142.000,576.000000
19131718.000000,6,143.000,120.000,0.000,0.000,0.000,80.000,0.000,0.000,0.000,89.000,143.000,575.000000
19133094.000000,6,142.000,119.000,0.000,0.000,0.000,82.000,0.000,0.000,0.000,93.000,143.000,579.000000
19134464.000000,6,143.000,128.000,0.000,0.000,0.000,86.000,64.000,0.000,0.000,6.000,143.000,570.000000
19135859.000000,6,143.000,143.000,0.000,0.000,0.000,84.000,82.000,0.000,0.000,0.000,143.000,595.000000
19137193.000000,6,143.000,134.000,0.000,0.000,0.000,85.000,38.000,0.000,0.000,30.000,143.000,573.000000
19138564.000000,6,143.000,120.000,0.000,0.000,0.000,80.000,0.000,0.000,0.000,84.000,143.000,570.000000
19139893.000000,6,143.000,122.000,0.000,0.000,0.000,75.000,0.000,0.000,0.000,95.000,142.000,577.000000
19141244.000000,6,143.000,120.000,0.000,0.000,0.000,84.000,0.000,0.000,0.000,85.000,143.000,575.000000
19142583.000000,6,142.000,117.000,0.000,0.000,0.000,84.000,61.000,0.000,0.000,7.000,143.000,554.000000
19143924.000000,6,143.000,121.000,0.000,0.000,0.000,82.000,78.000,0.000,0.000,0.000,143.000,567.000000
19145284.000000,6,143.000,116.000,11.000,0.000,0.000,75.000,84.000,0.000,0.000,0.000,143.000,572.000000
19146677.000000,6,143.000,75.000,0.000,0.000,0.000,48.000,18.000,0.000,25.000,62.000,143.000,514.000000
19148073.000000,6,143.000,129.000,0.000,0.000,0.000,73.000,0.000,0.000,0.000,82.000,143.000,570.000000
19149394.000000,6,143.000,105.000,95.000,0.000,0.000,70.000,42.000,0.000,0.000,29.000,142.000,626.000000
19150752.000000,6,126.000,102.000,143.000,0.000,0.000,34.000,12.000,0.000,32.000,55.000,143.000,647.000000
19152122.000000,6,143.000,132.000,30.000,0.000,0.000,75.000,52.000,0.000,2.000,10.000,143.000,587.000000
19153480.000000,6,142.000,143.000,0.000,0.000,0.000,31.000,12.000,0.000,33.000,52.000,143.000,556.000000
19154843.000000,6,143.000,142.000,0.000,0.000,0.000,49.000,0.000,0.000,14.000,69.000,143.000,560.000000
19156241.000000,6,143.000,143.000,0.000,0.000,0.000,72.000,0.000,0.000,0.000,64.000,143.000,565.000000
19157597.000000,6,143.000,143.000,0.000,0.000,0.000,22.000,0.000,0.000,41.000,81.000,143.000,573.000000
19158968.000000,6,142.000,142.000,0.000,0.000,0.000,48.000,21.000,0.000,15.000,50.000,142.000,560.000000
19160338.000000,6,143.000,143.000,0.000,0.000,0.000,25.000,13.000,0.000,40.000,53.000,143.000,560.000000
19161690.000000,6,143.000,143.000,0.000,0.000,0.000,55.000,38.000,0.000,14.000,26.000,143.000,562.000000
19163042.000000,6,143.000,143.000,0.000,0.000,0.000,68.000,4.000,0.000,0.000,71.000,143.000,572.000000
19164402.000000,6,143.000,132.000,50.000,0.000,0.000,32.000,48.000,0.000,34.000,22.000,143.000,604.000000
19165770.000000,6,143.000,143.000,11.000,0.000,0.000,0.000,2.000,0.000,70.000,69.000,143.000,581.000000
19167105.000000,6,143.000,143.000,0.000,0.000,0.000,52.000,43.000,0.000,17.000,22.000,143.000,563.000000
19168455.000000,6,142.000,143.000,0.000,0.000,0.000,36.000,0.000,0.000,29.000,67.000,142.000,559.000000
19169803.000000,6,143.000,143.000,0.000,0.000,0.000,61.000,0.000,0.000,9.000,64.000,143.000,563.000000
19171140.000000,6,143.000,142.000,0.000,0.000,0.000,3.000,0.000,0.000,85.000,75.000,143.000,591.000000
19173443.000000,6,143.000,139.000,8.000,0.000,0.000,0.000,52.000,0.000,93.000,16.000,143.000,594.000000
19189011.000000,6,143.000,143.000,0.000,0.000,0.000,0.000,38.000,0.000,88.000,24.000,143.000,579.000000
19204546.000000,6,142.000,143.000,3.000,0.000,0.000,0.000,0.000,0.000,104.000,70.000,143.000,605.000000
19220093.000000,6,143.000,143.000,0.000,0.000,0.000,0.000,0.000,0.000,95.000,64.000,143.000,588.000000
19227873.000000,6,142.000,143.000,0.000,0.000,0.000,0.000,0.000,0.000,94.000,68.000,142.000,589.000000
19229263.000000,6,143.000,143.000,0.000,0.000,0.000,0.000,2.000,0.000,97.000,67.000,143.000,595.000000
19230602.000000,6,143.000,143.000,0.000,0.000,0.000,0.000,4.000,0.000,96.000,65.000,143.000,594.000000
19231925.000000,6,143.000,142.000,0.000,0.000,0.000,0.000,0.000,0.000,96.000,65.000,143.000,589.000000
19233322.000000,6,143.000,143.000,0.000,0.000,0.000,0.000,0.000,0.000,97.000,68.000,143.000,594.000000
19234671.000000,6,143.000,143.000,0.000,0.000,0.000,0.000,1.000,0.000,95.000,63.000,143.000,588.000000
19235998.000000,6,143.000,143.000,0.000,0.000,0.000,0.000,0.000,0.000,98.000,70.000,143.000,597.000000
19237343.000000,6,142.000,143.000,0.000,0.000,0.000,0.000,0.000,0.000,94.000,68.000,142.000,589.000000
19238734.000000,6,143.000,143.000,0.000,0.000,0.000,32.000,32.000,0.000,50.000,33.000,143.000,576.000000
19240099.000000,6,143.000,138.000,0.000,0.000,0.000,75.000,28.000,0.000,0.000,33.000,143.000,560.000000
19241450.000000,6,143.000,133.000,0.000,0.000,0.000,48.000,0.000,0.000,20.000,64.000,143.000,551.000000
19242784.000000,6,143.000,143.000,0.000,0.000,0.000,4.000,15.000,0.000,66.000,53.000,143.000,567.000000
19244134.000000,6,143.000,132.000,0.000,0.000,0.000,72.000,21.000,0.000,0.000,40.000,143.000,551.000000
19245511.000000,6,142.000,143.000,0.000,0.000,0.000,15.000,5.000,0.000,51.000,63.000,143.000,562.000000
19246903.000000,6,143.000,142.000,0.000,0.000,0.000,0.000,0.000,0.000,64.000,68.000,142.000,559.000000
19248278.000000,6,143.000,143.000,0.000,0.000,0.000,0.000,0.000,0.000,71.000,71.000,143.000,571.000000
19249662.000000,6,143.000,143.000,0.000,0.000,0.000,53.000,0.000,0.000,17.000,69.000,143.000,568.000000
19251047.000000,6,140.000,128.000,0.000,0.000,0.000,67.000,0.000,0.000,7.000,70.000,143.000,555.000000
19252447.000000,6,142.000,143.000,0.000,0.000,0.000,0.000,0.000,0.000,67.000,70.000,143.000,565.000000
19253785.000000,6,143.000,142.000,0.000,0.000,0.000,61.000,0.000,0.000,7.000,71.000,143.000,567.000000
19255158.000000,6,143.000,120.000,0.000,0.000,0.000,88.000,0.000,0.000,0.000,73.000,143.000,567.000000
19256485.000000,6,141.000,134.000,10.000,0.000,0.000,20.000,0.000,0.000,51.000,78.000,142.000,576.000000
19257820.000000,6,139.000,125.000,0.000,0.000,0.000,7.000,0.000,0.000,62.000,82.000,143.000,558.000000
19259158.000000,6,143.000,121.000,0.000,0.000,0.000,73.000,0.000,0.000,0.000,74.000,143.000,554.000000
19260486.000000,6,142.000,136.000,0.000,0.000,0.000,54.000,0.000,0.000,15.000,72.000,143.000,562.000000
19261819.000000,6,143.000,143.000,0.000,0.000,0.000,0.000,0.000,0.000,65.000,73.000,143.000,567.000000
19263194.000000,6,143.000,143.000,0.000,0.000,0.000,42.000,0.000,0.000,22.000,69.000,143.000,562.000000
19264582.000000,6,142.000,142.000,0.000,0.000,0.000,6.000,0.000,0.000,64.000,74.000,143.000,571.000000
19265980.000000,6,143.000,143.000,0.000,0.000,0.000,0.000,0.000,0.000,67.000,74.000,142.000,569.000000
19267362.000000,6,143.000,143.000,0.000,0.000,0.000,4.000,0.000,0.000,65.000,76.000,143.000,574.000000
19268762.000000,6,143.000,132.000,0.000,0.000,0.000,71.000,0.000,0.000,0.000,76.000,143.000,565.000000
19270145.000000,6,142.000,142.000,0.000,0.000,0.000,47.000,0.000,0.000,15.000,79.000,143.000,568.000000
19271524.000000,6,143.000,143.000,0.000,0.000,0.000,0.000,0.000,0.000,66.000,86.000,143.000,581.000000
19272891.000000,6,143.000,131.000,0.000,0.000,0.000,26.000,0.000,0.000,40.000,75.000,143.000,558.000000
19274228.000000,6,143.000,118.000,0.000,0.000,0.000,76.000,0.000,0.000,0.000,78.000,143.000,558.000000
19275582.000000,6,139.000,129.000,0.000,0.000,0.000,49.000,0.000,0.000,20.000,76.000,142.000,555.000000
19276969.000000,6,142.000,138.000,0.000,0.000,0.000,18.000,0.000,0.000,47.000,75.000,143.000,563.000000
