16075199.000000,1,0.000,0.000,0.000,0.000,0.000,0.000,0.000,0.000,0.000,0.000,0.000,0.000000
16076561.000000,1,108.000,106.000,91.000,95.000,75.000,59.000,12.000,0.000,0.000,11.000,106.000,663.000000
16077926.000000,1,106.000,95.000,93.000,89.000,73.000,57.000,26.000,0.000,0.000,0.000,106.000,645.000000
16079270.000000,1,114.000,114.000,94.000,106.000,81.000,60.000,47.000,0.000,0.000,0.000,98.000,714.000000
16080622.000000,1,110.000,121.000,96.000,111.000,83.000,66.000,43.000,0.000,0.000,0.000,101.000,731.000000
16081969.000000,1,106.000,125.000,93.000,125.000,86.000,76.000,10.000,0.000,0.000,15.000,93.000,729.000000
16083291.000000,1,105.000,118.000,92.000,114.000,81.000,73.000,0.000,0.000,0.000,48.000,91.000,722.000000
16084626.000000,1,106.000,125.000,99.000,107.000,77.000,73.000,10.000,0.000,0.000,30.000,92.000,719.000000
16085980.000000,1,108.000,123.000,103.000,107.000,78.000,70.000,48.000,0.000,0.000,0.000,92.000,729.000000
16087290.000000,1,128.000,124.000,103.000,119.000,73.000,61.000,42.000,0.000,0.000,0.000,104.000,754.000000
16088630.000000,1,128.000,125.000,102.000,125.000,73.000,64.000,3.000,0.000,0.000,36.000,99.000,755.000000
16089966.000000,1,122.000,124.000,103.000,109.000,72.000,61.000,0.000,0.000,0.000,55.000,96.000,742.000000
16091271.000000,1,124.000,124.000,114.000,106.000,70.000,59.000,17.000,0.000,0.000,9.000,104.000,727.000000
16092616.000000,1,117.000,108.000,101.000,106.000,77.000,53.000,52.000,0.000,0.000,0.000,105.000,719.000000
16093958.000000,1,125.000,114.000,107.000,106.000,74.000,60.000,22.000,0.000,0.000,10.000,103.000,721.000000
16095329.000000,1,123.000,121.000,105.000,113.000,75.000,64.000,0.000,0.000,0.000,58.000,88.000,747.000000
16096652.000000,1,119.000,112.000,103.000,106.000,76.000,64.000,19.000,0.000,0.000,18.000,101.000,718.000000
16097985.000000,1,107.000,114.000,98.000,104.000,77.000,71.000,29.000,0.000,0.000,9.000,97.000,706.000000
16099328.000000,1,102.000,114.000,93.000,101.000,77.000,63.000,43.000,0.000,0.000,2.000,102.000,697.000000
16100689.000000,1,117.000,124.000,103.000,108.000,71.000,65.000,36.000,0.000,0.000,3.000,102.000,729.000000
16102035.000000,1,124.000,118.000,100.000,115.000,70.000,63.000,0.000,0.000,0.000,47.000,103.000,740.000000
16103360.000000,1,114.000,108.000,96.000,103.000,75.000,62.000,25.000,0.000,0.000,12.000,105.000,700.000000
16104671.000000,1,96.000,109.000,88.000,97.000,81.000,61.000,57.000,0.000,0.000,0.000,94.000,683.000000
16105996.000000,1,122.000,117.000,102.000,108.000,67.000,65.000,34.000,0.000,0.000,3.000,105.000,723.000000
16107311.000000,1,117.000,124.000,105.000,122.000,73.000,64.000,0.000,0.000,0.000,31.000,104.000,740.000000
16108661.000000,1,99.000,111.000,93.000,101.000,76.000,64.000,0.000,0.000,0.000,48.000,100.000,692.000000
16110007.000000,1,113.000,118.000,99.000,110.000,77.000,69.000,6.000,0.000,0.000,44.000,93.000,729.000000
16111332.000000,1,109.000,125.000,101.000,112.000,76.000,70.000,44.000,0.000,0.000,0.000,98.000,735.000000
16112669.000000,1,122.000,109.000,103.000,103.000,67.000,65.000,32.000,0.000,0.000,0.000,106.000,707.000000
16114026.000000,1,115.000,106.000,97.000,100.000,65.000,56.000,42.000,0.000,0.000,0.000,106.000,687.000000
16115361.000000,1,106.000,111.000,104.000,87.000,73.000,35.000,37.000,0.000,0.000,0.000,125.000,678.000000
16116658.000000,1,107.000,99.000,102.000,91.000,72.000,21.000,31.000,0.000,11.000,0.000,123.000,657.000000
16117990.000000,1,98.000,100.000,93.000,99.000,69.000,63.000,18.000,0.000,0.000,0.000,101.000,641.000000
16119340.000000,1,105.000,99.000,101.000,85.000,80.000,20.000,31.000,0.000,15.000,0.000,121.000,657.000000
16120692.000000,1,100.000,93.000,92.000,82.000,71.000,8.000,5.000,0.000,21.000,32.000,125.000,629.000000
16122028.000000,1,112.000,101.000,102.000,82.000,70.000,41.000,32.000,0.000,0.000,7.000,117.000,664.000000
16123356.000000,1,111.000,95.000,98.000,79.000,69.000,41.000,26.000,0.000,0.000,15.000,106.000,640.000000
16124712.000000,1,110.000,107.000,102.000,80.000,73.000,43.000,34.000,0.000,0.000,2.000,109.000,660.000000
16126071.000000,1,99.000,88.000,94.000,77.000,69.000,41.000,3.000,0.000,0.000,38.000,112.000,621.000000
16127406.000000,1,119.000,101.000,103.000,83.000,69.000,40.000,44.000,0.000,0.000,0.000,110.000,669.000000
16128754.000000,1,108.000,102.000,97.000,83.000,69.000,9.000,30.000,0.000,20.000,0.000,125.000,643.000000
16130112.000000,1,105.000,93.000,105.000,81.000,63.000,49.000,28.000,0.000,0.000,0.000,111.000,635.000000
16131462.000000,1,105.000,93.000,103.000,84.000,71.000,41.000,30.000,0.000,0.000,0.000,121.000,648.000000
16132807.000000,1,104.000,100.000,101.000,83.000,72.000,35.000,33.000,0.000,0.000,0.000,125.000,653.000000
16134153.000000,1,103.000,101.000,99.000,85.000,68.000,32.000,32.000,0.000,4.000,0.000,118.000,642.000000
16135509.000000,1,106.000,99.000,107.000,87.000,72.000,35.000,30.000,0.000,7.000,0.000,112.000,655.000000
16136847.000000,1,105.000,100.000,100.000,73.000,78.000,9.000,32.000,0.000,27.000,0.000,122.000,646.000000
16138180.000000,1,115.000,103.000,103.000,84.000,65.000,38.000,19.000,0.000,0.000,22.000,111.000,660.000000
16139527.000000,1,100.000,98.000,91.000,94.000,60.000,57.000,0.000,0.000,0.000,27.000,105.000,632.000000
16140875.000000,1,102.000,93.000,104.000,89.000,69.000,38.000,27.000,0.000,0.000,0.000,120.000,642.000000
16142216.000000,1,104.000,99.000,95.000,87.000,70.000,28.000,34.000,0.000,0.000,0.000,125.000,642.000000
16143556.000000,1,104.000,111.000,93.000,86.000,68.000,26.000,34.000,0.000,0.000,0.000,125.000,647.000000
16144911.000000,1,102.000,95.000,93.000,84.000,68.000,8.000,6.000,0.000,17.000,23.000,125.000,621.000000
16146252.000000,1,103.000,94.000,102.000,83.000,65.000,34.000,21.000,0.000,0.000,7.000,125.000,634.000000
16147600.000000,1,102.000,93.000,109.000,80.000,68.000,38.000,28.000,0.000,0.000,0.000,125.000,643.000000
16148963.000000,1,105.000,93.000,101.000,83.000,68.000,46.000,30.000,0.000,0.000,0.000,116.000,642.000000
16150321.000000,1,106.000,104.000,96.000,87.000,68.000,19.000,32.000,0.000,14.000,0.000,121.000,647.000000
16151663.000000,1,103.000,93.000,102.000,84.000,66.000,34.000,20.000,0.000,3.000,1.000,118.000,624.000000
16153006.000000,1,105.000,97.000,93.000,76.000,63.000,34.000,36.000,0.000,0.000,0.000,114.000,618.000000
16154338.000000,1,105.000,93.000,96.000,73.000,63.000,30.000,42.000,0.000,0.000,0.000,125.000,627.000000
16155686.000000,1,105.000,109.000,95.000,75.000,62.000,16.000,41.000,0.000,1.000,0.000,125.000,629.000000
16157039.000000,1,105.000,106.000,96.000,75.000,62.000,15.000,41.000,0.000,7.000,0.000,125.000,632.000000
16158388.000000,1,116.000,102.000,104.000,76.000,68.000,35.000,49.000,0.000,0.000,0.000,107.000,657.000000
16159740.000000,1,125.000,99.000,102.000,78.000,66.000,31.000,40.000,0.000,0.000,0.000,117.000,658.000000
16161112.000000,1,117.000,93.000,103.000,74.000,66.000,37.000,48.000,0.000,0.000,0.000,111.000,649.000000
16162442.000000,1,104.000,92.000,94.000,72.000,65.000,33.000,45.000,0.000,0.000,0.000,107.000,612.000000
16163787.000000,1,104.000,94.000,94.000,73.000,64.000,36.000,47.000,0.000,0.000,0.000,106.000,618.000000
16165142.000000,1,112.000,95.000,95.000,79.000,65.000,41.000,46.000,0.000,0.000,0.000,109.000,642.000000
16166504.000000,1,112.000,99.000,95.000,79.000,68.000,32.000,43.000,0.000,10.000,0.000,110.000,648.000000
16167866.000000,1,105.000,99.000,92.000,70.000,68.000,0.000,44.000,0.000,39.000,0.000,111.000,628.000000
16169210.000000,1,118.000,101.000,103.000,82.000,67.000,29.000,43.000,0.000,1.000,0.000,112.000,656.000000
16170552.000000,1,114.000,101.000,97.000,79.000,64.000,31.000,40.000,0.000,0.000,0.000,125.000,651.000000
16171904.000000,1,106.000,97.000,99.000,80.000,66.000,32.000,36.000,0.000,0.000,0.000,124.000,640.000000
16173253.000000,1,106.000,95.000,109.000,80.000,64.000,38.000,42.000,0.000,0.000,0.000,107.000,641.000000
16174602.000000,1,124.000,104.000,106.000,78.000,65.000,37.000,40.000,0.000,0.000,0.000,123.000,677.000000
16175941.000000,1,117.000,94.000,105.000,74.000,66.000,38.000,39.000,0.000,0.000,0.000,125.000,658.000000
16177277.000000,1,109.000,97.000,102.000,76.000,73.000,36.000,44.000,0.000,2.000,0.000,106.000,645.000000
16178613.000000,1,112.000,106.000,93.000,72.000,72.000,0.000,39.000,0.000,40.000,0.000,116.000,650.000000
16179936.000000,1,116.000,101.000,105.000,79.000,68.000,41.000,43.000,0.000,3.000,0.000,107.000,663.000000
16181312.000000,1,113.000,96.000,104.000,75.000,68.000,44.000,40.000,0.000,0.000,0.000,107.000,647.000000
16182668.000000,1,108.000,96.000,104.000,76.000,69.000,32.000,39.000,0.000,0.000,0.000,115.000,639.000000
16184021.000000,1,110.000,108.000,102.000,78.000,70.000,33.000,42.000,0.000,0.000,0.000,125.000,668.000000
16185369.000000,1,113.000,109.000,106.000,78.000,72.000,39.000,43.000,0.000,0.000,0.000,120.000,680.000000
16186717.000000,1,116.000,101.000,103.000,78.000,73.000,41.000,46.000,0.000,0.000,0.000,106.000,664.000000
16188069.000000,1,115.000,101.000,105.000,81.000,72.000,40.000,44.000,0.000,0.000,0.000,106.000,664.000000
16189405.000000,1,120.000,94.000,106.000,79.000,73.000,42.000,44.000,0.000,0.000,0.000,107.000,665.000000
16190754.000000,1,106.000,92.000,101.000,75.000,69.000,32.000,44.000,0.000,3.000,0.000,114.000,636.000000
16192110.000000,2,26.000,23.000,26.000,18.000,17.000,51.000,30.000,0.000,0.000,0.000,106.000,297.000000
16193477.000000,2,0.000,0.000,0.000,0.000,0.000,56.000,10.000,0.000,0.000,17.000,104.000,187.000000
16194843.000000,2,27.000,12.000,0.000,0.000,0.000,52.000,0.000,0.000,0.000,45.000,105.000,241.000000
16196187.000000,2,35.000,16.000,0.000,0.000,0.000,49.000,10.000,0.000,0.000,17.000,111.000,238.000000
16197547.000000,2,26.000,0.000,0.000,0.000,0.000,59.000,14.000,0.000,0.000,21.000,104.000,224.000000
16198913.000000,2,57.000,6.000,0.000,0.000,0.000,57.000,0.000,0.000,0.000,53.000,98.000,271.000000
16200302.000000,2,0.000,0.000,0.000,0.000,0.000,68.000,0.000,0.000,0.000,42.000,95.000,205.000000
16201667.000000,2,0.000,0.000,0.000,0.000,0.000,67.000,0.000,0.000,0.000,51.000,94.000,212.000000
16203013.000000,2,19.000,0.000,0.000,0.000,0.000,57.000,0.000,0.000,0.000,66.000,90.000,232.000000
16204369.000000,2,64.000,30.000,2.000,0.000,0.000,41.000,0.000,0.000,0.000,44.000,108.000,289.000000
16205705.000000,2,73.000,4.000,3.000,0.000,0.000,55.000,38.000,0.000,0.000,0.000,104.000,277.000000
16207065.000000,2,29.000,0.000,0.000,0.000,0.000,58.000,35.000,0.000,0.000,0.000,104.000,226.000000
16208421.000000,2,0.000,0.000,0.000,0.000,0.000,60.000,17.000,0.000,0.000,6.000,104.000,187.000000
16209782.000000,2,2.000,0.000,0.000,0.000,0.000,63.000,4.000,0.000,0.000,27.000,106.000,202.000000
16211135.000000,2,0.000,0.000,0.000,0.000,0.000,64.000,0.000,0.000,0.000,57.000,92.000,213.000000
16212485.000000,2,32.000,3.000,0.000,0.000,0.000,46.000,0.000,0.000,0.000,71.000,93.000,245.000000
16213819.000000,2,0.000,0.000,0.000,0.000,0.000,54.000,2.000,0.000,0.000,28.000,107.000,191.000000
16215186.000000,2,0.000,0.000,0.000,0.000,0.000,56.000,36.000,0.000,0.000,0.000,106.000,198.000000
16216554.000000,2,0.000,0.000,0.000,0.000,0.000,49.000,39.000,0.000,0.000,0.000,107.000,195.000000
16217921.000000,2,0.000,0.000,0.000,0.000,0.000,47.000,33.000,0.000,0.000,0.000,107.000,187.000000
16219303.000000,2,5.000,0.000,0.000,0.000,0.000,63.000,6.000,0.000,0.000,24.000,106.000,204.000000
16220649.000000,2,27.000,7.000,0.000,0.000,0.000,60.000,0.000,0.000,0.000,54.000,97.000,245.000000
16222013.000000,2,30.000,2.000,0.000,0.000,0.000,50.000,12.000,0.000,0.000,21.000,107.000,222.000000
16223378.000000,2,0.000,0.000,0.000,0.000,0.000,57.000,40.000,0.000,0.000,0.000,103.000,200.000000
16224738.000000,2,5.000,0.000,0.000,0.000,0.000,51.000,44.000,0.000,0.000,0.000,106.000,206.000000
16226082.000000,2,0.000,0.000,0.000,0.000,0.000,58.000,7.000,0.000,0.000,23.000,103.000,191.000000
16227433.000000,2,0.000,0.000,0.000,0.000,0.000,66.000,1.000,0.000,0.000,34.000,99.000,200.000000
16228765.000000,2,11.000,0.000,0.000,0.000,0.000,58.000,18.000,0.000,0.000,1.000,105.000,193.000000
16230122.000000,2,0.000,0.000,0.000,0.000,0.000,61.000,23.000,0.000,0.000,0.000,103.000,187.000000
16231477.000000,2,0.000,0.000,0.000,0.000,0.000,55.000,21.000,0.000,0.000,5.000,106.000,187.000000
16232820.000000,2,34.000,0.000,0.000,0.000,0.000,60.000,0.000,0.000,0.000,31.000,105.000,230.000000
16234198.000000,2,45.000,3.000,0.000,0.000,0.000,55.000,0.000,0.000,0.000,30.000,106.000,239.000000
16235563.000000,2,23.000,0.000,0.000,0.000,0.000,52.000,0.000,0.000,0.000,29.000,107.000,211.000000
16236923.000000,2,49.000,0.000,0.000,0.000,0.000,56.000,0.000,0.000,0.000,40.000,105.000,250.000000
16238298.000000,2,47.000,3.000,0.000,0.000,0.000,54.000,0.000,0.000,0.000,49.000,105.000,258.000000
16239662.000000,2,44.000,0.000,0.000,0.000,0.000,52.000,0.000,0.000,0.000,59.000,100.000,255.000000
16241028.000000,2,21.000,0.000,0.000,0.000,0.000,43.000,0.000,0.000,0.000,59.000,101.000,224.000000
16242392.000000,2,77.000,7.000,0.000,0.000,0.000,63.000,28.000,0.000,0.000,4.000,103.000,282.000000
16243757.000000,2,2.000,0.000,0.000,0.000,0.000,51.000,0.000,0.000,0.000,36.000,106.000,195.000000
16245093.000000,2,36.000,0.000,0.000,0.000,0.000,53.000,0.000,0.000,0.000,44.000,105.000,238.000000
16246465.000000,2,64.000,0.000,0.000,0.000,0.000,51.000,0.000,0.000,0.000,45.000,104.000,264.000000
16247807.000000,2,71.000,0.000,0.000,0.000,0.000,68.000,0.000,0.000,0.000,44.000,98.000,281.000000
16249170.000000,2,71.000,0.000,0.000,0.000,0.000,61.000,0.000,0.000,0.000,42.000,102.000,276.000000
16250512.000000,2,66.000,9.000,0.000,0.000,0.000,55.000,0.000,0.000,0.000,42.000,103.000,275.000000
16257390.000000,2,15.000,0.000,0.000,0.000,0.000,44.000,0.000,0.000,0.000,53.000,102.000,214.000000
16258754.000000,2,8.000,0.000,0.000,0.000,0.000,46.000,0.000,0.000,0.000,62.000,100.000,216.000000
16260138.000000,2,22.000,0.000,0.000,0.000,0.000,47.000,0.000,0.000,0.000,58.000,101.000,228.000000
16261476.000000,2,41.000,0.000,0.000,0.000,0.000,54.000,17.000,0.000,0.000,12.000,105.000,229.000000
16262810.000000,2,20.000,0.000,0.000,0.000,0.000,49.000,7.000,0.000,0.000,22.000,106.000,204.000000
16264139.000000,2,53.000,4.000,0.000,0.000,0.000,52.000,0.000,0.000,0.000,43.000,103.000,255.000000
16265473.000000,2,35.000,0.000,0.000,0.000,0.000,51.000,0.000,0.000,0.000,55.000,100.000,241.000000
16266829.000000,2,63.000,0.000,0.000,0.000,0.000,57.000,13.000,0.000,0.000,28.000,100.000,261.000000
16268144.000000,2,46.000,0.000,0.000,0.000,0.000,55.000,4.000,0.000,0.000,32.000,105.000,242.000000
16269475.000000,2,0.000,0.000,0.000,0.000,0.000,49.000,0.000,0.000,0.000,42.000,105.000,196.000000
16270777.000000,2,3.000,0.000,0.000,0.000,0.000,34.000,0.000,0.000,0.000,71.000,96.000,204.000000
16272116.000000,2,51.000,0.000,0.000,0.000,0.000,53.000,0.000,0.000,0.000,46.000,101.000,251.000000
16273447.000000,2,3.000,0.000,0.000,0.000,0.000,52.000,0.000,0.000,0.000,39.000,106.000,200.000000
16274770.000000,2,59.000,11.000,0.000,0.000,0.000,63.000,0.000,0.000,0.000,46.000,103.000,282.000000
16276128.000000,2,69.000,0.000,0.000,0.000,0.000,46.000,0.000,0.000,0.000,51.000,104.000,270.000000
16277460.000000,2,67.000,0.000,0.000,0.000,0.000,58.000,0.000,0.000,0.000,51.000,107.000,283.000000
16278776.000000,2,51.000,0.000,0.000,0.000,0.000,59.000,0.000,0.000,0.000,46.000,108.000,264.000000
16280113.000000,2,16.000,0.000,0.000,0.000,0.000,54.000,0.000,0.000,0.000,37.000,105.000,212.000000
16281442.000000,2,25.000,0.000,0.000,0.000,0.000,55.000,0.000,0.000,0.000,45.000,102.000,227.000000
16282788.000000,2,43.000,14.000,0.000,0.000,0.000,6.000,1.000,0.000,60.000,28.000,100.000,252.000000
16284113.000000,2,43.000,4.000,0.000,0.000,0.000,0.000,23.000,0.000,59.000,0.000,103.000,232.000000
16285451.000000,2,39.000,7.000,0.000,0.000,0.000,0.000,27.000,0.000,63.000,1.000,101.000,238.000000
16286768.000000,2,49.000,14.000,0.000,0.000,0.000,0.000,0.000,0.000,75.000,42.000,90.000,270.000000
16288097.000000,2,28.000,0.000,0.000,0.000,0.000,5.000,3.000,0.000,70.000,41.000,84.000,231.000000
16289435.000000,2,0.000,0.000,0.000,0.000,0.000,53.000,10.000,0.000,0.000,3.000,106.000,172.000000
16290776.000000,2,0.000,0.000,0.000,0.000,0.000,59.000,12.000,0.000,0.000,14.000,106.000,191.000000
16292108.000000,2,10.000,0.000,0.000,0.000,0.000,53.000,0.000,0.000,0.000,35.000,105.000,203.000000
16293421.000000,2,5.000,0.000,0.000,0.000,0.000,46.000,0.000,0.000,0.000,44.000,106.000,201.000000
16294745.000000,2,17.000,0.000,0.000,0.000,0.000,25.000,0.000,0.000,15.000,55.000,100.000,212.000000
16296059.000000,2,39.000,0.000,0.000,0.000,0.000,0.000,43.000,0.000,71.000,0.000,94.000,247.000000
16297377.000000,2,36.000,4.000,0.000,0.000,0.000,0.000,36.000,0.000,60.000,0.000,105.000,241.000000
16298722.000000,2,42.000,0.000,0.000,0.000,0.000,0.000,21.000,0.000,59.000,7.000,104.000,233.000000
16300049.000000,2,52.000,17.000,0.000,0.000,0.000,0.000,6.000,0.000,75.000,17.000,94.000,261.000000
16301382.000000,2,48.000,18.000,0.000,0.000,0.000,0.000,3.000,0.000,71.000,49.000,85.000,274.000000
16302700.000000,2,44.000,17.000,3.000,0.000,0.000,0.000,9.000,0.000,63.000,27.000,99.000,262.000000
16304010.000000,2,46.000,10.000,0.000,0.000,0.000,0.000,0.000,0.000,60.000,23.000,104.000,243.000000
16305308.000000,2,43.000,0.000,0.000,0.000,0.000,21.000,1.000,0.000,33.000,27.000,111.000,236.000000
16306619.000000,2,29.000,3.000,0.000,0.000,0.000,37.000,0.000,0.000,0.000,32.000,121.000,222.000000
16307943.000000,2,13.000,0.000,0.000,0.000,0.000,55.000,27.000,0.000,0.000,1.000,105.000,201.000000
16309269.000000,2,0.000,0.000,0.000,0.000,0.000,34.000,3.000,0.000,2.000,28.000,122.000,189.000000
16310590.000000,2,9.000,0.000,0.000,0.000,0.000,33.000,9.000,0.000,3.000,21.000,125.000,200.000000
16311927.000000,2,4.000,0.000,0.000,0.000,0.000,44.000,27.000,0.000,0.000,7.000,117.000,199.000000
16313233.000000,3,71.000,10.000,0.000,0.000,0.000,81.000,8.000,0.000,0.000,18.000,85.000,273.000000
16314570.000000,3,74.000,89.000,0.000,0.000,0.000,78.000,0.000,0.000,0.000,46.000,88.000,375.000000
16315908.000000,3,80.000,70.000,0.000,0.000,0.000,80.000,6.000,0.000,0.000,21.000,88.000,345.000000
16317240.000000,3,108.000,0.000,0.000,0.000,0.000,93.000,1.000,0.000,0.000,32.000,76.000,310.000000
16318551.000000,3,99.000,0.000,0.000,0.000,0.000,86.000,48.000,0.000,0.000,0.000,76.000,309.000000
16319882.000000,3,91.000,0.000,0.000,0.000,0.000,84.000,40.000,0.000,0.000,0.000,85.000,300.000000
16321221.000000,3,55.000,22.000,0.000,0.000,0.000,75.000,5.000,0.000,0.000,34.000,90.000,281.000000
16322573.000000,3,70.000,74.000,0.000,0.000,0.000,83.000,2.000,0.000,0.000,39.000,84.000,352.000000
16323903.000000,3,87.000,0.000,0.000,0.000,0.000,84.000,39.000,0.000,0.000,0.000,85.000,295.000000
16325226.000000,3,94.000,0.000,0.000,0.000,0.000,87.000,36.000,0.000,0.000,0.000,81.000,298.000000
16326560.000000,3,92.000,0.000,0.000,0.000,0.000,93.000,12.000,0.000,0.000,16.000,78.000,291.000000
16327885.000000,3,95.000,8.000,0.000,0.000,0.000,89.000,0.000,0.000,0.000,41.000,79.000,312.000000
16329220.000000,3,86.000,17.000,0.000,0.000,0.000,85.000,0.000,0.000,0.000,50.000,77.000,315.000000
16330545.000000,3,80.000,39.000,0.000,0.000,0.000,83.000,0.000,0.000,0.000,49.000,80.000,331.000000
16331878.000000,3,69.000,80.000,9.000,0.000,0.000,86.000,7.000,0.000,0.000,32.000,81.000,364.000000
16333228.000000,3,95.000,0.000,0.000,0.000,0.000,90.000,37.000,0.000,0.000,0.000,79.000,301.000000
16334538.000000,3,69.000,0.000,0.000,0.000,0.000,81.000,33.000,0.000,0.000,3.000,85.000,271.000000
16335881.000000,3,10.000,11.000,0.000,0.000,0.000,62.000,0.000,0.000,0.000,29.000,104.000,216.000000
16337197.000000,3,85.000,35.000,0.000,0.000,0.000,83.000,0.000,0.000,0.000,29.000,84.000,316.000000
16338506.000000,3,89.000,11.000,0.000,0.000,0.000,85.000,0.000,0.000,0.000,44.000,79.000,308.000000
16339830.000000,3,105.000,0.000,0.000,0.000,0.000,78.000,0.000,0.000,0.000,40.000,90.000,313.000000
16341150.000000,3,103.000,0.000,0.000,0.000,0.000,82.000,0.000,0.000,0.000,29.000,86.000,300.000000
16342475.000000,3,105.000,0.000,0.000,0.000,0.000,89.000,24.000,0.000,0.000,4.000,79.000,301.000000
16343783.000000,3,82.000,15.000,0.000,0.000,0.000,86.000,31.000,0.000,0.000,2.000,83.000,299.000000
16345114.000000,3,93.000,20.000,0.000,0.000,0.000,85.000,1.000,0.000,0.000,22.000,84.000,305.000000
16346432.000000,3,95.000,0.000,0.000,0.000,0.000,92.000,9.000,0.000,0.000,21.000,76.000,293.000000
16347772.000000,3,95.000,0.000,0.000,0.000,0.000,93.000,31.000,0.000,0.000,0.000,77.000,296.000000
16349105.000000,3,93.000,0.000,0.000,0.000,0.000,93.000,5.000,0.000,0.000,1.000,78.000,270.000000
16350431.000000,3,86.000,0.000,0.000,0.000,0.000,91.000,32.000,0.000,0.000,0.000,80.000,289.000000
16351757.000000,3,93.000,0.000,0.000,0.000,0.000,86.000,48.000,0.000,0.000,0.000,78.000,305.000000
16353074.000000,3,118.000,0.000,0.000,0.000,0.000,91.000,16.000,0.000,0.000,15.000,77.000,317.000000
16354376.000000,3,109.000,0.000,0.000,0.000,0.000,99.000,14.000,0.000,0.000,0.000,73.000,295.000000
16355701.000000,3,110.000,0.000,0.000,0.000,0.000,92.000,14.000,0.000,0.000,12.000,77.000,305.000000
16357038.000000,3,121.000,0.000,0.000,0.000,0.000,79.000,4.000,0.000,0.000,25.000,91.000,320.000000
16358342.000000,3,105.000,0.000,0.000,0.000,0.000,90.000,1.000,0.000,0.000,38.000,78.000,312.000000
16359687.000000,3,88.000,0.000,0.000,0.000,0.000,80.000,6.000,0.000,0.000,18.000,91.000,283.000000
16361014.000000,3,66.000,12.000,0.000,0.000,0.000,74.000,0.000,0.000,0.000,29.000,93.000,274.000000
16362351.000000,3,105.000,0.000,0.000,0.000,0.000,88.000,0.000,0.000,0.000,29.000,79.000,301.000000
16363678.000000,3,107.000,0.000,0.000,0.000,0.000,94.000,8.000,0.000,0.000,12.000,73.000,294.000000
16365024.000000,3,102.000,9.000,0.000,0.000,0.000,105.000,0.000,0.000,0.000,18.000,58.000,292.000000
16366358.000000,3,117.000,0.000,0.000,0.000,0.000,97.000,1.000,0.000,0.000,3.000,71.000,289.000000
16367676.000000,3,105.000,52.000,0.000,0.000,0.000,80.000,0.000,0.000,0.000,36.000,87.000,360.000000
16368999.000000,3,90.000,44.000,0.000,0.000,0.000,81.000,6.000,0.000,0.000,22.000,88.000,331.000000
16370337.000000,3,105.000,0.000,0.000,0.000,0.000,88.000,0.000,0.000,0.000,46.000,77.000,316.000000
16371662.000000,3,105.000,0.000,0.000,0.000,0.000,83.000,0.000,0.000,0.000,46.000,78.000,312.000000
16373009.000000,3,27.000,0.000,0.000,0.000,0.000,71.000,2.000,0.000,0.000,31.000,94.000,225.000000
16374323.000000,3,82.000,33.000,0.000,0.000,0.000,80.000,0.000,0.000,0.000,29.000,89.000,313.000000
16375646.000000,3,101.000,0.000,0.000,0.000,0.000,98.000,0.000,0.000,0.000,31.000,71.000,301.000000
16376957.000000,3,103.000,0.000,0.000,0.000,0.000,87.000,0.000,0.000,0.000,34.000,82.000,306.000000
16378286.000000,3,106.000,0.000,0.000,0.000,0.000,84.000,0.000,0.000,0.000,41.000,80.000,311.000000
16379630.000000,3,111.000,0.000,0.000,0.000,0.000,86.000,0.000,0.000,0.000,48.000,79.000,324.000000
16380939.000000,3,112.000,0.000,0.000,0.000,0.000,92.000,0.000,0.000,0.000,28.000,79.000,311.000000
16382261.000000,3,102.000,8.000,0.000,0.000,0.000,92.000,0.000,0.000,0.000,34.000,74.000,310.000000
16383578.000000,3,103.000,0.000,0.000,0.000,0.000,90.000,0.000,0.000,0.000,35.000,79.000,307.000000
16384887.000000,3,108.000,0.000,0.000,0.000,0.000,84.000,0.000,0.000,0.000,29.000,85.000,306.000000
16386223.000000,3,97.000,0.000,0.000,0.000,0.000,93.000,0.000,0.000,0.000,27.000,76.000,293.000000
16387544.000000,3,116.000,0.000,0.000,0.000,0.000,81.000,0.000,0.000,0.000,37.000,90.000,324.000000
16388871.000000,3,107.000,0.000,0.000,0.000,0.000,84.000,0.000,0.000,0.000,31.000,84.000,306.000000
16390189.000000,3,104.000,0.000,0.000,0.000,0.000,85.000,0.000,0.000,0.000,36.000,83.000,308.000000
16391493.000000,3,101.000,3.000,0.000,0.000,0.000,92.000,0.000,0.000,0.000,26.000,76.000,298.000000
16392815.000000,3,108.000,0.000,0.000,0.000,0.000,88.000,0.000,0.000,0.000,35.000,82.000,313.000000
16394153.000000,3,88.000,41.000,0.000,0.000,0.000,88.000,37.000,0.000,0.000,2.000,77.000,333.000000
16395483.000000,3,94.000,34.000,0.000,0.000,0.000,79.000,41.000,0.000,0.000,0.000,87.000,335.000000
16396815.000000,3,112.000,5.000,0.000,0.000,0.000,80.000,10.000,0.000,0.000,18.000,90.000,315.000000
16398169.000000,3,114.000,0.000,0.000,0.000,0.000,89.000,26.000,0.000,0.000,3.000,79.000,311.000000
16399529.000000,3,101.000,0.000,0.000,0.000,0.000,103.000,40.000,0.000,0.000,0.000,68.000,312.000000
16400874.000000,3,88.000,18.000,0.000,0.000,0.000,88.000,33.000,0.000,0.000,0.000,80.000,307.000000
16402220.000000,3,102.000,0.000,0.000,0.000,0.000,99.000,29.000,0.000,0.000,0.000,67.000,297.000000
16403533.000000,3,115.000,0.000,0.000,0.000,0.000,98.000,27.000,0.000,0.000,3.000,69.000,312.000000
16404855.000000,3,117.000,0.000,0.000,0.000,0.000,88.000,38.000,0.000,0.000,1.000,81.000,325.000000
16406192.000000,3,105.000,0.000,0.000,0.000,0.000,91.000,54.000,0.000,0.000,0.000,70.000,320.000000
16407515.000000,3,117.000,3.000,0.000,0.000,0.000,88.000,44.000,0.000,0.000,0.000,79.000,331.000000
16408833.000000,3,81.000,83.000,0.000,0.000,0.000,83.000,46.000,0.000,0.000,0.000,81.000,374.000000
16410164.000000,3,103.000,61.000,0.000,0.000,0.000,99.000,33.000,0.000,0.000,0.000,66.000,362.000000
16411500.000000,3,76.000,98.000,0.000,0.000,0.000,86.000,44.000,0.000,0.000,0.000,81.000,385.000000
16412839.000000,3,112.000,58.000,0.000,0.000,0.000,99.000,33.000,0.000,0.000,0.000,66.000,368.000000
16414155.000000,3,79.000,72.000,0.000,0.000,0.000,79.000,49.000,0.000,2.000,0.000,77.000,358.000000
16415494.000000,3,78.000,83.000,0.000,0.000,0.000,72.000,47.000,0.000,0.000,0.000,92.000,372.000000
16416823.000000,3,105.000,25.000,0.000,0.000,0.000,99.000,34.000,0.000,0.000,0.000,69.000,332.000000
16418158.000000,3,110.000,0.000,0.000,0.000,0.000,93.000,46.000,0.000,0.000,0.000,68.000,317.000000
16419499.000000,3,108.000,0.000,0.000,0.000,0.000,98.000,45.000,0.000,0.000,0.000,66.000,317.000000
16420842.000000,3,104.000,0.000,0.000,0.000,0.000,101.000,34.000,0.000,0.000,0.000,69.000,308.000000
16422175.000000,3,104.000,0.000,0.000,0.000,0.000,93.000,37.000,0.000,0.000,0.000,74.000,308.000000
16423518.000000,3,106.000,0.000,0.000,0.000,0.000,97.000,40.000,0.000,0.000,0.000,71.000,314.000000
16424844.000000,3,109.000,0.000,0.000,0.000,0.000,104.000,46.000,0.000,0.000,0.000,61.000,320.000000
16426178.000000,3,124.000,0.000,0.000,0.000,0.000,92.000,35.000,0.000,0.000,0.000,74.000,325.000000
16427504.000000,3,106.000,0.000,0.000,0.000,0.000,96.000,43.000,0.000,0.000,0.000,68.000,313.000000
16428868.000000,3,102.000,0.000,0.000,0.000,0.000,98.000,39.000,0.000,0.000,0.000,71.000,310.000000
16430211.000000,3,117.000,0.000,0.000,0.000,0.000,103.000,38.000,0.000,0.000,0.000,62.000,320.000000
16431541.000000,3,105.000,0.000,0.000,0.000,0.000,97.000,21.000,0.000,0.000,5.000,71.000,299.000000
16432865.000000,4,119.000,11.000,0.000,0.000,0.000,84.000,17.000,0.000,0.000,9.000,82.000,322.000000
16434226.000000,4,106.000,51.000,0.000,0.000,0.000,27.000,35.000,0.000,0.000,0.000,125.000,344.000000
16435574.000000,4,106.000,37.000,0.000,0.000,0.000,34.000,16.000,0.000,0.000,7.000,125.000,325.000000
16436905.000000,4,106.000,0.000,0.000,0.000,0.000,36.000,5.000,0.000,0.000,13.000,125.000,285.000000
16438216.000000,4,105.000,0.000,0.000,0.000,0.000,53.000,23.000,0.000,0.000,3.000,105.000,289.000000
16439558.000000,4,105.000,31.000,0.000,0.000,0.000,12.000,38.000,0.000,15.000,0.000,114.000,315.000000
16440887.000000,4,107.000,56.000,0.000,0.000,0.000,0.000,29.000,0.000,39.000,0.000,125.000,356.000000
16442224.000000,4,103.000,19.000,0.000,0.000,0.000,0.000,41.000,0.000,31.000,0.000,112.000,306.000000
16443562.000000,4,104.000,0.000,0.000,0.000,0.000,20.000,19.000,0.000,4.000,5.000,125.000,277.000000
16444896.000000,4,100.000,0.000,0.000,0.000,0.000,24.000,29.000,0.000,0.000,0.000,125.000,278.000000
16446219.000000,4,103.000,6.000,0.000,0.000,0.000,21.000,30.000,0.000,8.000,0.000,125.000,293.000000
16447552.000000,4,106.000,53.000,51.000,0.000,0.000,16.000,30.000,0.000,9.000,0.000,125.000,390.000000
16448892.000000,4,104.000,32.000,0.000,0.000,0.000,49.000,43.000,0.000,0.000,0.000,106.000,334.000000
16450223.000000,4,105.000,49.000,0.000,0.000,0.000,33.000,42.000,0.000,0.000,0.000,119.000,348.000000
16451544.000000,4,116.000,0.000,0.000,0.000,0.000,32.000,21.000,0.000,0.000,10.000,125.000,304.000000
16452883.000000,4,108.000,0.000,0.000,0.000,0.000,51.000,0.000,0.000,0.000,33.000,108.000,300.000000
16454238.000000,4,104.000,0.000,0.000,0.000,0.000,37.000,19.000,0.000,3.000,13.000,112.000,288.000000
16455576.000000,4,100.000,38.000,7.000,0.000,0.000,0.000,29.000,0.000,27.000,1.000,125.000,327.000000
16456927.000000,4,105.000,25.000,11.000,0.000,0.000,4.000,25.000,0.000,29.000,5.000,125.000,329.000000
16458274.000000,4,103.000,20.000,0.000,0.000,0.000,45.000,30.000,0.000,0.000,1.000,112.000,311.000000
16459633.000000,4,105.000,0.000,0.000,0.000,0.000,51.000,12.000,0.000,0.000,4.000,106.000,278.000000
16460994.000000,4,106.000,21.000,4.000,0.000,0.000,22.000,39.000,0.000,8.000,0.000,110.000,310.000000
16462332.000000,4,105.000,56.000,48.000,0.000,0.000,7.000,24.000,0.000,22.000,5.000,125.000,392.000000
16463664.000000,4,106.000,15.000,14.000,0.000,0.000,0.000,0.000,0.000,36.000,47.000,112.000,330.000000
16465002.000000,4,106.000,0.000,0.000,0.000,0.000,0.000,9.000,0.000,37.000,29.000,112.000,293.000000
16466337.000000,4,106.000,9.000,0.000,0.000,0.000,2.000,49.000,0.000,26.000,0.000,112.000,304.000000
16467670.000000,4,104.000,42.000,0.000,0.000,0.000,25.000,49.000,0.000,1.000,0.000,106.000,327.000000
16469009.000000,4,103.000,43.000,0.000,0.000,0.000,37.000,51.000,0.000,0.000,0.000,106.000,340.000000
16470353.000000,4,105.000,5.000,0.000,0.000,0.000,32.000,9.000,0.000,0.000,16.000,122.000,289.000000
16471694.000000,4,105.000,8.000,0.000,0.000,0.000,2.000,0.000,0.000,13.000,35.000,125.000,288.000000
16473014.000000,4,100.000,58.000,0.000,0.000,0.000,11.000,9.000,0.000,1.000,13.000,125.000,317.000000
16474338.000000,4,106.000,54.000,21.000,5.000,0.000,49.000,27.000,0.000,0.000,0.000,112.000,374.000000
16475686.000000,4,106.000,61.000,50.000,24.000,0.000,12.000,7.000,0.000,17.000,18.000,124.000,419.000000
16477046.000000,4,103.000,60.000,51.000,0.000,0.000,0.000,0.000,0.000,34.000,35.000,125.000,408.000000
16478381.000000,4,94.000,12.000,7.000,0.000,0.000,0.000,0.000,0.000,45.000,42.000,110.000,310.000000
16479733.000000,4,104.000,28.000,0.000,0.000,0.000,0.000,26.000,0.000,40.000,10.000,114.000,322.000000
16481090.000000,4,98.000,0.000,0.000,0.000,0.000,0.000,11.000,0.000,51.000,17.000,106.000,283.000000
16482442.000000,4,105.000,10.000,0.000,0.000,0.000,5.000,19.000,0.000,33.000,7.000,116.000,295.000000
16483769.000000,4,102.000,30.000,0.000,0.000,0.000,6.000,7.000,0.000,31.000,18.000,125.000,319.000000
16485107.000000,4,98.000,42.000,0.000,0.000,0.000,0.000,1.000,0.000,45.000,27.000,110.000,323.000000
16486463.000000,4,102.000,12.000,0.000,0.000,0.000,1.000,9.000,0.000,28.000,4.000,125.000,281.000000
16487783.000000,4,107.000,16.000,0.000,0.000,0.000,0.000,0.000,0.000,39.000,42.000,115.000,319.000000
16489132.000000,4,109.000,29.000,0.000,0.000,0.000,9.000,12.000,0.000,25.000,33.000,112.000,329.000000
16490466.000000,4,98.000,21.000,0.000,0.000,0.000,11.000,54.000,0.000,22.000,0.000,105.000,311.000000
16491806.000000,4,102.000,13.000,0.000,0.000,0.000,0.000,14.000,0.000,38.000,11.000,110.000,288.000000
16493154.000000,4,108.000,0.000,0.000,0.000,0.000,13.000,0.000,0.000,18.000,24.000,125.000,288.000000
16494502.000000,4,105.000,47.000,0.000,0.000,0.000,0.000,0.000,0.000,46.000,28.000,109.000,335.000000
16495820.000000,4,104.000,50.000,0.000,0.000,0.000,0.000,0.000,0.000,41.000,29.000,117.000,341.000000
16497190.000000,4,105.000,43.000,0.000,0.000,0.000,4.000,0.000,0.000,28.000,24.000,125.000,329.000000
16498569.000000,4,99.000,4.000,0.000,0.000,0.000,17.000,13.000,0.000,10.000,13.000,125.000,281.000000
16499920.000000,4,102.000,45.000,0.000,0.000,0.000,0.000,7.000,0.000,46.000,17.000,116.000,333.000000
16501240.000000,4,102.000,28.000,0.000,0.000,0.000,0.000,10.000,0.000,34.000,27.000,119.000,320.000000
16502596.000000,4,96.000,39.000,0.000,0.000,0.000,19.000,0.000,0.000,16.000,50.000,105.000,325.000000
16503930.000000,4,101.000,57.000,3.000,0.000,0.000,39.000,7.000,0.000,0.000,17.000,125.000,349.000000
16505274.000000,4,103.000,56.000,50.000,0.000,0.000,27.000,0.000,0.000,5.000,29.000,119.000,389.000000
16506637.000000,4,107.000,56.000,50.000,0.000,0.000,0.000,0.000,0.000,26.000,29.000,125.000,393.000000
16508006.000000,4,103.000,59.000,29.000,0.000,0.000,30.000,6.000,0.000,1.000,18.000,125.000,371.000000
16509353.000000,4,104.000,59.000,48.000,0.000,0.000,4.000,0.000,0.000,18.000,35.000,125.000,393.000000
16510708.000000,4,103.000,60.000,48.000,0.000,0.000,1.000,0.000,0.000,10.000,38.000,117.000,377.000000
16512052.000000,4,102.000,57.000,40.000,0.000,0.000,31.000,2.000,0.000,0.000,7.000,125.000,364.000000
16513419.000000,4,104.000,34.000,25.000,0.000,0.000,24.000,23.000,0.000,4.000,16.000,117.000,347.000000
16514768.000000,4,105.000,0.000,0.000,0.000,0.000,20.000,61.000,0.000,7.000,0.000,104.000,297.000000
16516114.000000,4,101.000,9.000,0.000,0.000,0.000,0.000,50.000,0.000,35.000,0.000,106.000,301.000000
16517477.000000,4,103.000,0.000,0.000,0.000,0.000,0.000,55.000,0.000,27.000,0.000,106.000,291.000000
16518819.000000,4,98.000,0.000,0.000,0.000,0.000,0.000,34.000,0.000,43.000,0.000,107.000,282.000000
16520169.000000,4,96.000,0.000,0.000,0.000,0.000,0.000,31.000,0.000,56.000,0.000,105.000,288.000000
16521521.000000,4,103.000,0.000,0.000,0.000,0.000,13.000,49.000,0.000,21.000,0.000,108.000,294.000000
16522877.000000,4,93.000,0.000,0.000,0.000,0.000,7.000,41.000,0.000,31.000,0.000,106.000,278.000000
16524203.000000,4,76.000,0.000,0.000,0.000,0.000,0.000,13.000,0.000,45.000,17.000,106.000,257.000000
16525551.000000,4,105.000,16.000,0.000,0.000,0.000,3.000,42.000,0.000,31.000,0.000,116.000,313.000000
16526884.000000,4,102.000,0.000,0.000,0.000,0.000,43.000,50.000,0.000,0.000,0.000,109.000,304.000000
16528233.000000,4,106.000,0.000,0.000,0.000,0.000,14.000,45.000,0.000,18.000,0.000,106.000,289.000000
16529584.000000,4,99.000,0.000,0.000,0.000,0.000,0.000,33.000,0.000,47.000,0.000,107.000,286.000000
16530959.000000,4,91.000,7.000,0.000,0.000,0.000,0.000,37.000,0.000,45.000,0.000,105.000,285.000000
16532309.000000,4,102.000,0.000,0.000,0.000,0.000,21.000,44.000,0.000,10.000,0.000,112.000,289.000000
16533685.000000,4,93.000,0.000,0.000,0.000,0.000,0.000,43.000,0.000,45.000,0.000,106.000,287.000000
16535030.000000,4,102.000,0.000,0.000,0.000,0.000,0.000,20.000,0.000,70.000,10.000,99.000,301.000000
16536370.000000,4,106.000,0.000,0.000,0.000,0.000,0.000,40.000,0.000,50.000,0.000,105.000,301.000000
16537728.000000,4,95.000,0.000,0.000,0.000,0.000,0.000,43.000,0.000,37.000,0.000,117.000,292.000000
16539068.000000,4,93.000,0.000,0.000,0.000,0.000,0.000,31.000,0.000,62.000,3.000,102.000,291.000000
16540412.000000,4,94.000,0.000,0.000,0.000,0.000,0.000,0.000,0.000,78.000,27.000,93.000,292.000000
16541753.000000,4,106.000,0.000,0.000,0.000,0.000,0.000,30.000,0.000,58.000,1.000,104.000,299.000000
16543096.000000,4,98.000,0.000,0.000,0.000,0.000,0.000,43.000,0.000,43.000,0.000,107.000,291.000000
16544443.000000,4,94.000,11.000,0.000,0.000,0.000,0.000,14.000,0.000,69.000,15.000,100.000,303.000000
16545809.000000,4,95.000,0.000,0.000,0.000,0.000,0.000,0.000,0.000,78.000,26.000,94.000,293.000000
16547164.000000,4,115.000,0.000,0.000,0.000,0.000,0.000,23.000,0.000,67.000,0.000,100.000,305.000000
16548532.000000,4,118.000,0.000,0.000,0.000,0.000,0.000,35.000,0.000,47.000,0.000,105.000,305.000000
16549905.000000,4,91.000,13.000,0.000,0.000,0.000,0.000,30.000,0.000,58.000,4.000,106.000,302.000000
16551259.000000,4,91.000,0.000,0.000,0.000,0.000,0.000,0.000,0.000,72.000,37.000,93.000,293.000000
16552622.000000,4,113.000,0.000,0.000,0.000,0.000,0.000,19.000,0.000,63.000,9.000,102.000,306.000000
16553977.000000,4,106.000,0.000,0.000,0.000,0.000,0.000,29.000,0.000,50.000,0.000,107.000,292.000000
16555319.000000,4,93.000,0.000,0.000,0.000,0.000,0.000,11.000,0.000,65.000,10.000,105.000,284.000000
16556667.000000,4,101.000,0.000,0.000,0.000,0.000,0.000,18.000,0.000,64.000,6.000,105.000,294.000000
16558005.000000,5,108.000,26.000,18.000,0.000,0.000,15.000,11.000,0.000,45.000,7.000,102.000,332.000000
16559367.000000,5,122.000,116.000,85.000,0.000,0.000,70.000,21.000,0.000,0.000,8.000,99.000,521.000000
16560738.000000,5,125.000,111.000,77.000,0.000,0.000,70.000,0.000,0.000,0.000,41.000,94.000,518.000000
16562095.000000,5,124.000,125.000,78.000,0.000,0.000,67.000,0.000,0.000,0.000,51.000,94.000,539.000000
16563443.000000,5,125.000,125.000,75.000,11.000,0.000,62.000,2.000,0.000,0.000,44.000,99.000,543.000000
16564779.000000,5,113.000,111.000,81.000,21.000,0.000,63.000,49.000,0.000,0.000,0.000,96.000,534.000000
16566123.000000,5,117.000,103.000,85.000,0.000,0.000,60.000,38.000,0.000,0.000,0.000,103.000,506.000000
16567512.000000,5,114.000,105.000,90.000,0.000,0.000,62.000,32.000,0.000,0.000,9.000,106.000,518.000000
16568865.000000,5,107.000,110.000,83.000,0.000,0.000,59.000,0.000,0.000,0.000,45.000,105.000,509.000000
16570226.000000,5,107.000,122.000,79.000,0.000,0.000,57.000,0.000,0.000,0.000,51.000,102.000,518.000000
16571557.000000,5,117.000,111.000,85.000,0.000,0.000,70.000,0.000,0.000,0.000,44.000,94.000,521.000000
16572916.000000,5,124.000,124.000,84.000,2.000,0.000,71.000,8.000,0.000,0.000,13.000,97.000,523.000000
16574274.000000,5,109.000,125.000,90.000,0.000,0.000,71.000,46.000,0.000,0.000,0.000,93.000,534.000000
16575628.000000,5,113.000,125.000,88.000,0.000,0.000,71.000,20.000,0.000,0.000,14.000,93.000,524.000000
16576960.000000,5,125.000,125.000,78.000,0.000,0.000,69.000,0.000,0.000,0.000,49.000,93.000,539.000000
16578314.000000,5,125.000,125.000,78.000,0.000,0.000,73.000,0.000,0.000,0.000,54.000,87.000,542.000000
16579651.000000,5,119.000,125.000,79.000,0.000,0.000,76.000,23.000,0.000,0.000,13.000,93.000,528.000000
16581000.000000,5,106.000,125.000,84.000,10.000,0.000,68.000,43.000,0.000,0.000,0.000,93.000,529.000000
16582361.000000,5,108.000,119.000,60.000,59.000,0.000,63.000,23.000,0.000,0.000,15.000,106.000,553.000000
16583708.000000,5,106.000,125.000,85.000,0.000,0.000,62.000,0.000,0.000,0.000,45.000,110.000,533.000000
16585052.000000,5,106.000,105.000,81.000,0.000,0.000,61.000,0.000,0.000,0.000,54.000,100.000,507.000000
16586414.000000,5,108.000,118.000,82.000,0.000,0.000,73.000,5.000,0.000,0.000,29.000,92.000,507.000000
16587790.000000,5,105.000,125.000,86.000,0.000,0.000,78.000,36.000,0.000,0.000,0.000,91.000,521.000000
16589153.000000,5,105.000,125.000,89.000,0.000,0.000,76.000,43.000,0.000,0.000,0.000,92.000,530.000000
16590510.000000,5,106.000,125.000,84.000,0.000,0.000,75.000,8.000,0.000,0.000,18.000,92.000,508.000000
16591850.000000,5,114.000,125.000,78.000,0.000,0.000,73.000,0.000,0.000,0.000,51.000,92.000,533.000000
16593174.000000,5,125.000,125.000,77.000,0.000,0.000,74.000,18.000,0.000,0.000,18.000,94.000,531.000000
16594548.000000,5,114.000,109.000,79.000,9.000,0.000,65.000,23.000,0.000,0.000,9.000,100.000,508.000000
16595899.000000,5,102.000,107.000,78.000,0.000,0.000,63.000,18.000,0.000,0.000,16.000,104.000,488.000000
16597258.000000,5,111.000,95.000,91.000,0.000,0.000,63.000,42.000,0.000,0.000,0.000,107.000,509.000000
16598618.000000,5,121.000,89.000,92.000,0.000,0.000,49.000,38.000,0.000,0.000,0.000,105.000,494.000000
16599979.000000,5,100.000,108.000,101.000,0.000,0.000,75.000,34.000,0.000,0.000,0.000,94.000,512.000000
16601341.000000,5,125.000,101.000,91.000,0.000,0.000,69.000,11.000,0.000,0.000,18.000,103.000,518.000000
16602672.000000,5,105.000,114.000,87.000,0.000,0.000,72.000,19.000,0.000,0.000,15.000,94.000,506.000000
16603995.000000,5,125.000,94.000,88.000,0.000,0.000,66.000,12.000,0.000,0.000,17.000,107.000,509.000000
16605371.000000,5,124.000,94.000,90.000,0.000,0.000,67.000,25.000,0.000,0.000,6.000,106.000,512.000000
16606735.000000,5,113.000,93.000,84.000,0.000,0.000,59.000,10.000,0.000,0.000,19.000,106.000,484.000000
16608071.000000,5,114.000,90.000,84.000,2.000,0.000,50.000,16.000,0.000,0.000,9.000,107.000,472.000000
16609431.000000,5,94.000,104.000,93.000,0.000,0.000,76.000,32.000,0.000,0.000,0.000,92.000,491.000000
16610785.000000,5,113.000,93.000,86.000,0.000,0.000,64.000,23.000,0.000,0.000,5.000,103.000,487.000000
16612121.000000,5,110.000,89.000,85.000,0.000,0.000,62.000,11.000,0.000,0.000,27.000,101.000,485.000000
16613477.000000,5,118.000,103.000,87.000,0.000,0.000,62.000,49.000,0.000,0.000,0.000,98.000,517.000000
16614822.000000,5,111.000,91.000,86.000,0.000,0.000,59.000,2.000,0.000,0.000,26.000,105.000,480.000000
16616175.000000,5,109.000,90.000,82.000,0.000,0.000,50.000,4.000,0.000,0.000,21.000,106.000,462.000000
16617528.000000,5,105.000,87.000,82.000,0.000,0.000,65.000,14.000,0.000,0.000,12.000,101.000,466.000000
16618865.000000,5,99.000,103.000,84.000,0.000,0.000,68.000,0.000,0.000,0.000,34.000,95.000,483.000000
16620215.000000,5,116.000,114.000,81.000,0.000,0.000,76.000,5.000,0.000,0.000,25.000,93.000,510.000000
16621573.000000,5,108.000,100.000,84.000,0.000,0.000,58.000,17.000,0.000,0.000,5.000,104.000,476.000000
16622898.000000,5,110.000,106.000,84.000,0.000,0.000,73.000,8.000,0.000,0.000,14.000,94.000,489.000000
16624244.000000,5,125.000,98.000,82.000,0.000,0.000,70.000,19.000,0.000,0.000,19.000,94.000,507.000000
16625599.000000,5,120.000,97.000,85.000,0.000,0.000,64.000,35.000,0.000,0.000,0.000,102.000,503.000000
16626964.000000,5,112.000,90.000,82.000,0.000,0.000,55.000,12.000,0.000,0.000,12.000,106.000,469.000000
16628308.000000,5,119.000,102.000,84.000,0.000,0.000,64.000,21.000,0.000,0.000,3.000,101.000,494.000000
16629664.000000,5,124.000,101.000,84.000,0.000,0.000,61.000,12.000,0.000,0.000,6.000,104.000,492.000000
16631014.000000,5,98.000,102.000,83.000,0.000,0.000,71.000,29.000,0.000,0.000,1.000,96.000,480.000000
16632345.000000,5,116.000,99.000,84.000,0.000,0.000,69.000,13.000,0.000,0.000,16.000,98.000,495.000000
16633680.000000,5,102.000,108.000,70.000,26.000,0.000,71.000,35.000,0.000,0.000,4.000,97.000,513.000000
16635004.000000,5,109.000,92.000,85.000,0.000,0.000,60.000,44.000,0.000,0.000,0.000,103.000,493.000000
16636338.000000,5,103.000,103.000,81.000,0.000,0.000,71.000,44.000,0.000,0.000,0.000,93.000,495.000000
16637704.000000,5,107.000,83.000,84.000,1.000,0.000,21.000,49.000,0.000,13.000,0.000,106.000,464.000000
16639073.000000,5,104.000,91.000,73.000,12.000,0.000,45.000,44.000,0.000,1.000,0.000,105.000,475.000000
16640424.000000,5,104.000,81.000,79.000,8.000,0.000,35.000,49.000,0.000,0.000,0.000,106.000,462.000000
16641759.000000,5,105.000,88.000,74.000,22.000,0.000,52.000,48.000,0.000,0.000,0.000,104.000,493.000000
16643112.000000,5,90.000,97.000,70.000,8.000,0.000,70.000,43.000,0.000,0.000,0.000,95.000,473.000000
16644454.000000,5,100.000,97.000,68.000,0.000,0.000,67.000,46.000,0.000,0.000,0.000,99.000,477.000000
16645808.000000,5,113.000,95.000,72.000,1.000,0.000,50.000,53.000,0.000,0.000,0.000,105.000,489.000000
16647165.000000,5,117.000,87.000,75.000,0.000,0.000,39.000,53.000,0.000,0.000,0.000,106.000,477.000000
16648504.000000,5,104.000,86.000,76.000,0.000,0.000,59.000,51.000,0.000,0.000,0.000,103.000,479.000000
16649865.000000,5,86.000,103.000,71.000,4.000,0.000,72.000,45.000,0.000,0.000,0.000,92.000,473.000000
16651233.000000,5,107.000,92.000,68.000,0.000,0.000,62.000,50.000,0.000,0.000,0.000,98.000,477.000000
16652560.000000,5,106.000,90.000,70.000,0.000,0.000,50.000,55.000,0.000,0.000,0.000,105.000,476.000000
16653907.000000,5,107.000,85.000,75.000,9.000,0.000,45.000,50.000,0.000,0.000,0.000,105.000,476.000000
16655263.000000,5,105.000,85.000,75.000,13.000,0.000,34.000,49.000,0.000,3.000,0.000,106.000,470.000000
16656593.000000,5,106.000,83.000,77.000,12.000,0.000,34.000,51.000,0.000,0.000,0.000,105.000,468.000000
16657941.000000,5,104.000,87.000,72.000,0.000,0.000,58.000,49.000,0.000,0.000,0.000,107.000,477.000000
16659272.000000,5,106.000,93.000,69.000,0.000,0.000,40.000,49.000,0.000,0.000,0.000,105.000,462.000000
16660612.000000,5,103.000,82.000,71.000,0.000,0.000,50.000,45.000,0.000,0.000,0.000,107.000,458.000000
16661959.000000,5,104.000,85.000,74.000,0.000,0.000,66.000,43.000,0.000,0.000,0.000,101.000,473.000000
16663312.000000,5,106.000,87.000,75.000,0.000,0.000,47.000,54.000,0.000,0.000,0.000,107.000,476.000000
16664662.000000,5,106.000,89.000,79.000,0.000,0.000,46.000,55.000,0.000,0.000,0.000,104.000,479.000000
16666025.000000,5,104.000,86.000,77.000,0.000,0.000,39.000,56.000,0.000,0.000,0.000,104.000,466.000000
16667355.000000,5,96.000,97.000,73.000,0.000,0.000,61.000,49.000,0.000,0.000,0.000,100.000,476.000000
16668674.000000,5,104.000,99.000,73.000,0.000,0.000,65.000,51.000,0.000,0.000,0.000,95.000,487.000000
16670033.000000,5,121.000,98.000,85.000,0.000,0.000,55.000,56.000,0.000,0.000,0.000,104.000,519.000000
16671384.000000,5,113.000,92.000,81.000,0.000,0.000,41.000,53.000,0.000,0.000,0.000,104.000,484.000000
16672712.000000,6,108.000,90.000,38.000,0.000,0.000,42.000,36.000,0.000,0.000,0.000,105.000,419.000000
16674051.000000,6,112.000,84.000,0.000,0.000,0.000,56.000,15.000,0.000,0.000,19.000,104.000,390.000000
16675406.000000,6,116.000,88.000,0.000,0.000,0.000,52.000,0.000,0.000,0.000,54.000,102.000,412.000000
16676754.000000,6,106.000,94.000,0.000,0.000,0.000,33.000,0.000,0.000,0.000,40.000,108.000,381.000000
16678110.000000,6,106.000,96.000,0.000,0.000,0.000,45.000,0.000,0.000,0.000,35.000,115.000,397.000000
16679451.000000,6,123.000,83.000,0.000,0.000,0.000,54.000,0.000,0.000,0.000,62.000,96.000,418.000000
16680781.000000,6,125.000,82.000,0.000,0.000,0.000,50.000,0.000,0.000,0.000,58.000,101.000,416.000000
16682120.000000,6,113.000,89.000,0.000,0.000,0.000,53.000,0.000,0.000,0.000,50.000,106.000,411.000000
16683449.000000,6,125.000,84.000,5.000,0.000,0.000,43.000,0.000,0.000,0.000,46.000,105.000,408.000000
16684795.000000,6,107.000,91.000,15.000,0.000,0.000,34.000,26.000,0.000,0.000,10.000,122.000,405.000000
16686131.000000,6,104.000,53.000,86.000,0.000,0.000,31.000,38.000,0.000,0.000,0.000,111.000,423.000000
16687478.000000,6,106.000,57.000,70.000,0.000,0.000,40.000,0.000,0.000,0.000,38.000,118.000,429.000000
16688811.000000,6,123.000,87.000,0.000,0.000,0.000,62.000,0.000,0.000,0.000,44.000,105.000,421.000000
16690189.000000,6,125.000,82.000,11.000,0.000,0.000,59.000,0.000,0.000,0.000,46.000,98.000,421.000000
16691515.000000,6,125.000,77.000,40.000,3.000,0.000,34.000,0.000,0.000,2.000,39.000,114.000,434.000000
16692851.000000,6,113.000,91.000,7.000,0.000,0.000,40.000,0.000,0.000,0.000,39.000,116.000,406.000000
16694199.000000,6,118.000,85.000,0.000,0.000,0.000,50.000,0.000,0.000,0.000,58.000,103.000,414.000000
16695554.000000,6,125.000,84.000,0.000,0.000,0.000,51.000,0.000,0.000,0.000,59.000,98.000,417.000000
16696920.000000,6,108.000,88.000,0.000,0.000,0.000,53.000,34.000,0.000,0.000,2.000,105.000,390.000000
16698274.000000,6,106.000,99.000,0.000,0.000,0.000,53.000,52.000,0.000,0.000,0.000,105.000,415.000000
16699614.000000,6,119.000,91.000,0.000,0.000,0.000,53.000,18.000,0.000,0.000,15.000,106.000,402.000000
16700967.000000,6,125.000,79.000,0.000,0.000,0.000,48.000,0.000,0.000,0.000,51.000,105.000,408.000000
16702298.000000,6,125.000,84.000,0.000,0.000,0.000,43.000,0.000,0.000,0.000,65.000,107.000,424.000000
16703631.000000,6,125.000,83.000,0.000,0.000,0.000,52.000,0.000,0.000,0.000,51.000,104.000,415.000000
16704965.000000,6,115.000,84.000,0.000,0.000,0.000,52.000,29.000,0.000,0.000,3.000,107.000,390.000000
16706296.000000,6,106.000,86.000,0.000,0.000,0.000,50.000,47.000,0.000,0.000,0.000,107.000,396.000000
16707637.000000,6,105.000,88.000,8.000,0.000,0.000,44.000,54.000,0.000,0.000,0.000,104.000,403.000000
16709014.000000,6,107.000,53.000,0.000,0.000,0.000,25.000,7.000,0.000,12.000,38.000,108.000,350.000000
16710344.000000,6,105.000,93.000,0.000,0.000,0.000,40.000,0.000,0.000,0.000,50.000,107.000,395.000000
16711710.000000,6,119.000,71.000,82.000,0.000,0.000,38.000,18.000,0.000,0.000,19.000,115.000,462.000000
16713082.000000,6,103.000,72.000,125.000,0.000,0.000,16.000,4.000,0.000,14.000,25.000,125.000,484.000000
16714410.000000,6,125.000,110.000,27.000,0.000,0.000,43.000,22.000,0.000,1.000,4.000,115.000,447.000000
16715775.000000,6,125.000,124.000,0.000,0.000,0.000,15.000,4.000,0.000,15.000,24.000,121.000,428.000000
16717143.000000,6,107.000,118.000,0.000,0.000,0.000,20.000,0.000,0.000,5.000,36.000,125.000,411.000000
16718473.000000,6,105.000,123.000,0.000,0.000,0.000,39.000,0.000,0.000,0.000,31.000,125.000,423.000000
16719834.000000,6,106.000,108.000,0.000,0.000,0.000,10.000,0.000,0.000,18.000,47.000,115.000,404.000000
16721172.000000,6,105.000,117.000,0.000,0.000,0.000,21.000,9.000,0.000,4.000,27.000,119.000,402.000000
16722521.000000,6,105.000,111.000,0.000,0.000,0.000,11.000,4.000,0.000,19.000,27.000,125.000,402.000000
16723845.000000,6,109.000,122.000,0.000,0.000,0.000,29.000,16.000,0.000,6.000,11.000,125.000,418.000000
16725215.000000,6,99.000,125.000,0.000,0.000,0.000,33.000,1.000,0.000,0.000,40.000,115.000,413.000000
16726587.000000,6,104.000,112.000,34.000,0.000,0.000,15.000,24.000,0.000,18.000,12.000,120.000,439.000000
16727958.000000,6,110.000,113.000,7.000,0.000,0.000,0.000,1.000,0.000,35.000,37.000,125.000,428.000000
16729300.000000,6,104.000,105.000,0.000,0.000,0.000,28.000,17.000,0.000,8.000,10.000,125.000,397.000000
16730659.000000,6,103.000,106.000,0.000,0.000,0.000,18.000,0.000,0.000,12.000,30.000,125.000,394.000000
16732006.000000,6,104.000,107.000,0.000,0.000,0.000,33.000,0.000,0.000,3.000,28.000,125.000,400.000000
16733356.000000,6,103.000,105.000,0.000,0.000,0.000,1.000,0.000,0.000,55.000,44.000,103.000,411.000000
16734702.000000,6,113.000,102.000,7.000,0.000,0.000,0.000,26.000,0.000,60.000,8.000,103.000,419.000000
16736053.000000,6,104.000,106.000,0.000,0.000,0.000,0.000,15.000,0.000,58.000,9.000,106.000,398.000000
16737378.000000,6,105.000,116.000,3.000,0.000,0.000,0.000,0.000,0.000,72.000,38.000,94.000,428.000000
16738723.000000,6,106.000,107.000,0.000,0.000,0.000,0.000,0.000,0.000,64.000,30.000,101.000,408.000000
16740081.000000,6,101.000,106.000,0.000,0.000,0.000,0.000,0.000,0.000,63.000,33.000,102.000,405.000000
16741427.000000,6,106.000,117.000,0.000,0.000,0.000,0.000,1.000,0.000,67.000,32.000,101.000,424.000000
16742768.000000,6,107.000,124.000,0.000,0.000,0.000,0.000,1.000,0.000,62.000,30.000,101.000,425.000000
16744110.000000,6,106.000,115.000,0.000,0.000,0.000,0.000,0.000,0.000,64.000,24.000,102.000,411.000000
16745457.000000,6,113.000,120.000,0.000,0.000,0.000,0.000,0.000,0.000,64.000,30.000,102.000,429.000000
16746802.000000,6,108.000,114.000,0.000,0.000,0.000,0.000,1.000,0.000,62.000,24.000,102.000,411.000000
16748128.000000,6,105.000,105.000,0.000,0.000,0.000,0.000,0.000,0.000,64.000,38.000,100.000,412.000000
16749469.000000,6,104.000,104.000,0.000,0.000,0.000,0.000,0.000,0.000,62.000,35.000,102.000,407.000000
16750806.000000,6,107.000,104.000,0.000,0.000,0.000,13.000,14.000,0.000,33.000,18.000,115.000,404.000000
16752142.000000,6,107.000,94.000,0.000,0.000,0.000,43.000,6.000,0.000,0.000,14.000,118.000,382.000000
16753478.000000,6,107.000,105.000,0.000,0.000,0.000,26.000,0.000,0.000,9.000,28.000,120.000,395.000000
16754800.000000,6,106.000,118.000,0.000,0.000,0.000,2.000,6.000,0.000,33.000,26.000,125.000,416.000000
16756128.000000,6,110.000,96.000,0.000,0.000,0.000,38.000,7.000,0.000,0.000,13.000,125.000,389.000000
16757449.000000,6,105.000,102.000,0.000,0.000,0.000,7.000,1.000,0.000,24.000,33.000,125.000,397.000000
16758805.000000,6,110.000,105.000,0.000,0.000,0.000,0.000,0.000,0.000,29.000,35.000,125.000,404.000000
16760130.000000,6,100.000,103.000,0.000,0.000,0.000,0.000,0.000,0.000,38.000,38.000,114.000,393.000000
16761460.000000,6,105.000,99.000,0.000,0.000,0.000,27.000,0.000,0.000,7.000,38.000,118.000,394.000000
16762786.000000,6,107.000,94.000,0.000,0.000,0.000,36.000,0.000,0.000,3.000,37.000,107.000,384.000000
16764116.000000,6,103.000,105.000,0.000,0.000,0.000,0.000,0.000,0.000,32.000,40.000,114.000,394.000000
16765469.000000,6,105.000,95.000,0.000,0.000,0.000,32.000,0.000,0.000,2.000,38.000,122.000,394.000000
16766814.000000,6,110.000,85.000,0.000,0.000,0.000,56.000,0.000,0.000,0.000,41.000,105.000,397.000000
16768130.000000,6,103.000,99.000,7.000,0.000,0.000,10.000,0.000,0.000,28.000,45.000,110.000,402.000000
16769455.000000,6,105.000,93.000,0.000,0.000,0.000,3.000,0.000,0.000,32.000,51.000,108.000,392.000000
16770792.000000,6,115.000,92.000,0.000,0.000,0.000,42.000,0.000,0.000,0.000,41.000,116.000,406.000000
16772116.000000,6,104.000,99.000,0.000,0.000,0.000,28.000,0.000,0.000,6.000,40.000,117.000,394.000000
16773455.000000,6,102.000,105.000,0.000,0.000,0.000,0.000,0.000,0.000,30.000,41.000,125.000,403.000000
16774802.000000,6,106.000,102.000,0.000,0.000,0.000,18.000,0.000,0.000,9.000,38.000,125.000,398.000000
16776138.000000,6,94.000,105.000,0.000,0.000,0.000,2.000,0.000,0.000,34.000,41.000,117.000,393.000000
16777478.000000,6,104.000,103.000,0.000,0.000,0.000,0.000,0.000,0.000,34.000,42.000,111.000,394.000000
16778820.000000,6,108.000,104.000,0.000,0.000,0.000,2.000,0.000,0.000,35.000,45.000,109.000,403.000000
16780167.000000,6,107.000,94.000,0.000,0.000,0.000,38.000,0.000,0.000,0.000,45.000,112.000,396.000000
16781518.000000,6,100.000,99.000,0.000,0.000,0.000,19.000,0.000,0.000,6.000,46.000,109.000,379.000000
16782867.000000,6,99.000,106.000,0.000,0.000,0.000,0.000,0.000,0.000,31.000,53.000,105.000,394.000000
16784175.000000,6,107.000,98.000,0.000,0.000,0.000,12.000,0.000,0.000,20.000,44.000,115.000,396.000000
16785543.000000,6,100.000,86.000,0.000,0.000,0.000,44.000,0.000,0.000,0.000,44.000,110.000,384.000000
16786881.000000,6,104.000,100.000,0.000,0.000,0.000,26.000,0.000,0.000,8.000,46.000,107.000,391.000000
16788202.000000,6,100.000,109.000,0.000,0.000,0.000,8.000,0.000,0.000,22.000,43.000,106.000,388.000000
