17512505.000000,1,0.000,0.000,0.000,0.000,0.000,0.000,0.000,0.000,0.000,0.000,0.000,0.000000
17513832.000000,1,24.000,22.000,21.000,22.000,18.000,15.000,4.000,0.000,0.000,4.000,24.000,154.000000
17515191.000000,1,22.000,21.000,20.000,20.000,17.000,14.000,8.000,0.000,0.000,0.000,22.000,144.000000
17516546.000000,1,23.000,23.000,21.000,22.000,18.000,15.000,12.000,0.000,0.000,0.000,21.000,155.000000
17517873.000000,1,23.000,24.000,21.000,23.000,19.000,16.000,11.000,0.000,0.000,0.000,21.000,158.000000
17519217.000000,1,22.000,24.000,20.000,23.000,20.000,17.000,3.000,0.000,0.000,5.000,20.000,154.000000
17520571.000000,1,22.000,23.000,20.000,23.000,18.000,17.000,0.000,0.000,0.000,12.000,20.000,155.000000
17521927.000000,1,22.000,24.000,21.000,22.000,18.000,17.000,3.000,0.000,0.000,7.000,21.000,155.000000
17523289.000000,1,23.000,24.000,21.000,22.000,18.000,16.000,12.000,0.000,0.000,0.000,20.000,156.000000
17524646.000000,1,25.000,24.000,22.000,24.000,17.000,15.000,11.000,0.000,0.000,0.000,21.000,159.000000
17526013.000000,1,25.000,23.000,22.000,23.000,17.000,15.000,1.000,0.000,0.000,10.000,21.000,157.000000
17527358.000000,1,24.000,24.000,22.000,22.000,17.000,15.000,0.000,0.000,0.000,13.000,21.000,158.000000
17528718.000000,1,25.000,24.000,22.000,23.000,16.000,15.000,6.000,0.000,0.000,3.000,22.000,156.000000
17530091.000000,1,23.000,22.000,21.000,22.000,18.000,13.000,13.000,0.000,0.000,0.000,22.000,154.000000
17531460.000000,1,24.000,23.000,22.000,22.000,18.000,15.000,5.000,0.000,0.000,3.000,21.000,153.000000
17532788.000000,1,24.000,24.000,22.000,23.000,17.000,15.000,0.000,0.000,0.000,15.000,20.000,160.000000
17534121.000000,1,24.000,23.000,21.000,22.000,17.000,15.000,6.000,0.000,0.000,4.000,22.000,154.000000
17535464.000000,1,22.000,22.000,21.000,22.000,18.000,17.000,7.000,0.000,0.000,3.000,20.000,152.000000
17536790.000000,1,22.000,23.000,20.000,22.000,18.000,15.000,11.000,0.000,0.000,0.000,22.000,153.000000
17538125.000000,1,23.000,23.000,21.000,22.000,16.000,16.000,9.000,0.000,0.000,1.000,21.000,152.000000
17539486.000000,1,25.000,24.000,22.000,22.000,17.000,15.000,0.000,0.000,0.000,12.000,21.000,158.000000
17540824.000000,1,23.000,22.000,20.000,22.000,18.000,15.000,7.000,0.000,0.000,3.000,21.000,151.000000
17542164.000000,1,20.000,22.000,20.000,21.000,18.000,15.000,14.000,0.000,0.000,0.000,21.000,151.000000
17543510.000000,1,24.000,23.000,22.000,22.000,15.000,15.000,9.000,0.000,0.000,1.000,21.000,152.000000
17544848.000000,1,24.000,24.000,21.000,23.000,17.000,16.000,0.000,0.000,0.000,9.000,22.000,156.000000
17546177.000000,1,21.000,23.000,21.000,21.000,18.000,15.000,0.000,0.000,0.000,12.000,20.000,151.000000
17547512.000000,1,23.000,23.000,21.000,23.000,18.000,16.000,2.000,0.000,0.000,10.000,21.000,157.000000
17548862.000000,1,23.000,24.000,21.000,23.000,18.000,17.000,11.000,0.000,0.000,0.000,20.000,157.000000
17550212.000000,1,23.000,23.000,22.000,22.000,16.000,15.000,9.000,0.000,0.000,0.000,22.000,152.000000
17551579.000000,1,23.000,22.000,20.000,20.000,15.000,14.000,11.000,0.000,0.000,0.000,21.000,146.000000
17552944.000000,1,23.000,21.000,22.000,20.000,18.000,9.000,10.000,0.000,0.000,0.000,23.000,146.000000
17554295.000000,1,22.000,21.000,22.000,20.000,17.000,6.000,8.000,0.000,4.000,0.000,23.000,143.000000
17555659.000000,1,21.000,22.000,20.000,21.000,16.000,16.000,7.000,0.000,0.000,0.000,22.000,145.000000
17557029.000000,1,23.000,21.000,21.000,19.000,18.000,4.000,9.000,0.000,5.000,0.000,23.000,143.000000
17558386.000000,1,21.000,20.000,20.000,18.000,17.000,3.000,1.000,0.000,5.000,9.000,23.000,137.000000
17559745.000000,1,23.000,21.000,22.000,19.000,16.000,11.000,9.000,0.000,0.000,2.000,23.000,146.000000
17561097.000000,1,22.000,21.000,21.000,19.000,17.000,10.000,6.000,0.000,0.000,5.000,23.000,144.000000
17562466.000000,1,23.000,21.000,21.000,18.000,17.000,11.000,9.000,0.000,0.000,1.000,23.000,144.000000
17563824.000000,1,21.000,20.000,21.000,17.000,16.000,11.000,1.000,0.000,0.000,9.000,22.000,138.000000
17565199.000000,1,23.000,21.000,22.000,19.000,16.000,10.000,12.000,0.000,0.000,0.000,23.000,146.000000
17566595.000000,1,22.000,21.000,20.000,19.000,17.000,3.000,8.000,0.000,6.000,0.000,23.000,139.000000
17567951.000000,1,22.000,21.000,22.000,18.000,15.000,13.000,8.000,0.000,0.000,0.000,23.000,142.000000
17569314.000000,1,22.000,20.000,21.000,19.000,17.000,10.000,8.000,0.000,0.000,0.000,23.000,140.000000
17570658.000000,1,22.000,21.000,21.000,18.000,16.000,9.000,9.000,0.000,0.000,0.000,23.000,139.000000
17572011.000000,1,22.000,21.000,22.000,19.000,17.000,9.000,8.000,0.000,2.000,0.000,23.000,143.000000
17573369.000000,1,22.000,21.000,21.000,20.000,16.000,9.000,8.000,0.000,2.000,0.000,23.000,142.000000
17574751.000000,1,22.000,21.000,22.000,17.000,18.000,3.000,9.000,0.000,7.000,0.000,23.000,142.000000
17576102.000000,1,23.000,21.000,22.000,19.000,16.000,10.000,5.000,0.000,0.000,6.000,23.000,145.000000
17577460.000000,1,21.000,21.000,20.000,20.000,14.000,14.000,0.000,0.000,0.000,8.000,22.000,140.000000
17578790.000000,1,23.000,21.000,21.000,20.000,17.000,10.000,8.000,0.000,0.000,0.000,23.000,143.000000
17580158.000000,1,21.000,20.000,21.000,19.000,16.000,8.000,9.000,0.000,0.000,0.000,23.000,137.000000
17581516.000000,1,22.000,22.000,21.000,20.000,16.000,7.000,9.000,0.000,0.000,0.000,23.000,140.000000
17582856.000000,1,22.000,20.000,20.000,18.000,16.000,3.000,2.000,0.000,5.000,7.000,24.000,137.000000
17584215.000000,1,22.000,21.000,21.000,19.000,16.000,10.000,6.000,0.000,0.000,2.000,23.000,140.000000
17585583.000000,1,21.000,20.000,21.000,18.000,16.000,9.000,8.000,0.000,0.000,0.000,23.000,136.000000
17586940.000000,1,22.000,20.000,21.000,19.000,16.000,12.000,9.000,0.000,0.000,0.000,23.000,142.000000
17588306.000000,1,23.000,22.000,21.000,19.000,16.000,5.000,8.000,0.000,4.000,0.000,23.000,141.000000
17589668.000000,1,21.000,20.000,22.000,19.000,16.000,10.000,6.000,0.000,1.000,1.000,23.000,139.000000
17591020.000000,1,23.000,21.000,20.000,17.000,15.000,8.000,10.000,0.000,0.000,0.000,23.000,137.000000
17592397.000000,1,22.000,20.000,21.000,17.000,15.000,9.000,11.000,0.000,0.000,0.000,24.000,139.000000
17593775.000000,1,23.000,21.000,20.000,18.000,15.000,5.000,11.000,0.000,2.000,0.000,23.000,138.000000
17595117.000000,1,23.000,21.000,21.000,17.000,16.000,5.000,10.000,0.000,3.000,0.000,23.000,139.000000
17596466.000000,1,22.000,21.000,22.000,18.000,16.000,9.000,13.000,0.000,0.000,0.000,23.000,144.000000
17597818.000000,1,24.000,21.000,21.000,18.000,16.000,9.000,10.000,0.000,0.000,0.000,22.000,141.000000
17599174.000000,1,23.000,21.000,21.000,17.000,15.000,9.000,12.000,0.000,0.000,0.000,23.000,141.000000
17600541.000000,1,21.000,20.000,21.000,17.000,16.000,9.000,12.000,0.000,0.000,0.000,23.000,139.000000
17601909.000000,1,22.000,20.000,21.000,17.000,15.000,10.000,12.000,0.000,0.000,0.000,22.000,139.000000
17603252.000000,1,23.000,21.000,20.000,18.000,16.000,11.000,12.000,0.000,0.000,0.000,23.000,144.000000
17604603.000000,1,23.000,21.000,21.000,18.000,16.000,7.000,11.000,0.000,3.000,0.000,22.000,142.000000
17605981.000000,1,22.000,21.000,20.000,16.000,16.000,0.000,11.000,0.000,10.000,0.000,23.000,139.000000
17607348.000000,1,23.000,21.000,21.000,19.000,16.000,8.000,11.000,0.000,1.000,0.000,23.000,143.000000
17608698.000000,1,22.000,21.000,21.000,18.000,16.000,9.000,10.000,0.000,0.000,0.000,23.000,140.000000
17610054.000000,1,23.000,22.000,21.000,18.000,15.000,9.000,10.000,0.000,0.000,0.000,23.000,141.000000
17611395.000000,1,23.000,20.000,21.000,18.000,16.000,10.000,10.000,0.000,0.000,0.000,23.000,141.000000
17612761.000000,1,23.000,21.000,23.000,18.000,16.000,9.000,11.000,0.000,0.000,0.000,23.000,144.000000
17614113.000000,1,23.000,21.000,22.000,17.000,15.000,10.000,10.000,0.000,0.000,0.000,23.000,141.000000
17615485.000000,1,23.000,21.000,22.000,18.000,17.000,10.000,11.000,0.000,1.000,0.000,22.000,145.000000
17616830.000000,1,22.000,22.000,20.000,17.000,17.000,0.000,11.000,0.000,10.000,0.000,23.000,142.000000
17618201.000000,1,24.000,20.000,22.000,18.000,16.000,11.000,11.000,0.000,1.000,0.000,23.000,146.000000
17619564.000000,1,22.000,21.000,22.000,17.000,17.000,11.000,10.000,0.000,0.000,0.000,22.000,142.000000
17620928.000000,1,23.000,20.000,22.000,18.000,16.000,9.000,10.000,0.000,0.000,0.000,23.000,141.000000
17622281.000000,1,23.000,22.000,21.000,18.000,16.000,9.000,11.000,0.000,0.000,0.000,23.000,143.000000
17623645.000000,1,23.000,21.000,21.000,18.000,17.000,10.000,11.000,0.000,0.000,0.000,22.000,143.000000
17624994.000000,1,23.000,21.000,22.000,18.000,17.000,11.000,12.000,0.000,0.000,0.000,23.000,147.000000
17626383.000000,1,23.000,22.000,22.000,18.000,17.000,10.000,11.000,0.000,0.000,0.000,23.000,146.000000
17627755.000000,1,23.000,20.000,21.000,18.000,17.000,11.000,11.000,0.000,0.000,0.000,23.000,144.000000
17629106.000000,1,22.000,20.000,21.000,18.000,17.000,9.000,12.000,0.000,1.000,0.000,22.000,142.000000
17630476.000000,2,6.000,5.000,5.000,4.000,4.000,13.000,8.000,0.000,0.000,0.000,23.000,68.000000
17631842.000000,2,0.000,0.000,0.000,0.000,0.000,14.000,3.000,0.000,0.000,5.000,22.000,44.000000
17633189.000000,2,8.000,4.000,0.000,0.000,0.000,13.000,0.000,0.000,0.000,12.000,22.000,59.000000
17634552.000000,2,8.000,3.000,0.000,0.000,0.000,12.000,3.000,0.000,0.000,4.000,23.000,53.000000
17635919.000000,2,7.000,0.000,0.000,0.000,0.000,14.000,4.000,0.000,0.000,6.000,22.000,53.000000
17637280.000000,2,13.000,3.000,0.000,0.000,0.000,14.000,0.000,0.000,0.000,13.000,21.000,64.000000
17638663.000000,2,0.000,0.000,0.000,0.000,0.000,17.000,0.000,0.000,0.000,11.000,21.000,49.000000
17640028.000000,2,0.000,0.000,0.000,0.000,0.000,16.000,0.000,0.000,0.000,13.000,20.000,49.000000
17641388.000000,2,5.000,0.000,0.000,0.000,0.000,14.000,0.000,0.000,0.000,16.000,20.000,55.000000
17642730.000000,2,16.000,8.000,1.000,0.000,0.000,10.000,0.000,0.000,0.000,10.000,23.000,68.000000
17644102.000000,2,17.000,1.000,1.000,0.000,0.000,14.000,11.000,0.000,0.000,0.000,22.000,66.000000
17645441.000000,2,7.000,0.000,0.000,0.000,0.000,14.000,9.000,0.000,0.000,0.000,22.000,52.000000
17646809.000000,2,0.000,0.000,0.000,0.000,0.000,15.000,5.000,0.000,0.000,2.000,22.000,44.000000
17648184.000000,2,1.000,0.000,0.000,0.000,0.000,15.000,2.000,0.000,0.000,8.000,21.000,47.000000
17649552.000000,2,0.000,0.000,0.000,0.000,0.000,16.000,0.000,0.000,0.000,14.000,20.000,50.000000
17650911.000000,2,8.000,2.000,0.000,0.000,0.000,11.000,0.000,0.000,0.000,16.000,20.000,57.000000
17652285.000000,2,0.000,0.000,0.000,0.000,0.000,14.000,1.000,0.000,0.000,8.000,23.000,46.000000
17653648.000000,2,0.000,0.000,0.000,0.000,0.000,13.000,10.000,0.000,0.000,0.000,22.000,45.000000
17655014.000000,2,0.000,0.000,0.000,0.000,0.000,12.000,10.000,0.000,0.000,0.000,22.000,44.000000
17656386.000000,2,0.000,0.000,0.000,0.000,0.000,13.000,9.000,0.000,0.000,0.000,23.000,45.000000
17657741.000000,2,3.000,0.000,0.000,0.000,0.000,15.000,1.000,0.000,0.000,7.000,22.000,48.000000
17659070.000000,2,7.000,2.000,0.000,0.000,0.000,14.000,0.000,0.000,0.000,14.000,20.000,57.000000
17660417.000000,2,8.000,1.000,0.000,0.000,0.000,13.000,4.000,0.000,0.000,5.000,23.000,54.000000
17661774.000000,2,0.000,0.000,0.000,0.000,0.000,13.000,10.000,0.000,0.000,0.000,22.000,45.000000
17663153.000000,2,2.000,0.000,0.000,0.000,0.000,13.000,11.000,0.000,0.000,0.000,22.000,48.000000
17664515.000000,2,0.000,0.000,0.000,0.000,0.000,15.000,2.000,0.000,0.000,7.000,22.000,46.000000
17665884.000000,2,0.000,0.000,0.000,0.000,0.000,15.000,1.000,0.000,0.000,9.000,22.000,47.000000
17667257.000000,2,4.000,0.000,0.000,0.000,0.000,14.000,6.000,0.000,0.000,1.000,22.000,47.000000
17668619.000000,2,0.000,0.000,0.000,0.000,0.000,15.000,7.000,0.000,0.000,0.000,22.000,44.000000
17669979.000000,2,0.000,0.000,0.000,0.000,0.000,14.000,6.000,0.000,0.000,2.000,22.000,44.000000
17671345.000000,2,9.000,0.000,0.000,0.000,0.000,15.000,0.000,0.000,0.000,9.000,22.000,55.000000
17672706.000000,2,11.000,2.000,0.000,0.000,0.000,13.000,0.000,0.000,0.000,8.000,22.000,56.000000
17674072.000000,2,7.000,0.000,0.000,0.000,0.000,13.000,0.000,0.000,0.000,8.000,23.000,51.000000
17675446.000000,2,12.000,0.000,0.000,0.000,0.000,14.000,0.000,0.000,0.000,10.000,22.000,58.000000
17676814.000000,2,12.000,1.000,0.000,0.000,0.000,13.000,0.000,0.000,0.000,13.000,22.000,61.000000
17678173.000000,2,10.000,0.000,0.000,0.000,0.000,13.000,0.000,0.000,0.000,14.000,21.000,58.000000
17679545.000000,2,5.000,0.000,0.000,0.000,0.000,12.000,0.000,0.000,0.000,14.000,21.000,52.000000
17680893.000000,2,18.000,3.000,0.000,0.000,0.000,15.000,8.000,0.000,0.000,1.000,22.000,67.000000
17682267.000000,2,0.000,0.000,0.000,0.000,0.000,12.000,0.000,0.000,0.000,10.000,22.000,44.000000
17683637.000000,2,10.000,0.000,0.000,0.000,0.000,14.000,0.000,0.000,0.000,11.000,22.000,57.000000
17685004.000000,2,16.000,0.000,0.000,0.000,0.000,13.000,0.000,0.000,0.000,12.000,22.000,63.000000
17686362.000000,2,16.000,0.000,0.000,0.000,0.000,16.000,0.000,0.000,0.000,11.000,21.000,64.000000
17687718.000000,2,17.000,0.000,0.000,0.000,0.000,14.000,0.000,0.000,0.000,11.000,22.000,64.000000
17689087.000000,2,16.000,3.000,0.000,0.000,0.000,14.000,0.000,0.000,0.000,11.000,22.000,66.000000
17690469.000000,2,3.000,0.000,0.000,0.000,0.000,11.000,0.000,0.000,0.000,13.000,22.000,49.000000
17691841.000000,2,3.000,0.000,0.000,0.000,0.000,12.000,0.000,0.000,0.000,15.000,21.000,51.000000
17693198.000000,2,6.000,0.000,0.000,0.000,0.000,12.000,0.000,0.000,0.000,14.000,21.000,53.000000
17694563.000000,2,10.000,0.000,0.000,0.000,0.000,13.000,5.000,0.000,0.000,2.000,23.000,53.000000
17695926.000000,2,5.000,0.000,0.000,0.000,0.000,13.000,2.000,0.000,0.000,7.000,22.000,49.000000
17697296.000000,2,14.000,2.000,0.000,0.000,0.000,12.000,0.000,0.000,0.000,11.000,23.000,62.000000
17698654.000000,2,10.000,0.000,0.000,0.000,0.000,13.000,0.000,0.000,0.000,13.000,21.000,57.000000
17700007.000000,2,16.000,0.000,0.000,0.000,0.000,14.000,4.000,0.000,0.000,7.000,22.000,63.000000
17701366.000000,2,11.000,0.000,0.000,0.000,0.000,14.000,1.000,0.000,0.000,9.000,22.000,57.000000
17702727.000000,2,0.000,0.000,0.000,0.000,0.000,12.000,0.000,0.000,0.000,11.000,22.000,45.000000
17704106.000000,2,1.000,0.000,0.000,0.000,0.000,9.000,0.000,0.000,0.000,17.000,21.000,48.000000
17705441.000000,2,13.000,0.000,0.000,0.000,0.000,14.000,0.000,0.000,0.000,11.000,22.000,60.000000
17706818.000000,2,0.000,0.000,0.000,0.000,0.000,13.000,0.000,0.000,0.000,10.000,22.000,45.000000
17708185.000000,2,14.000,3.000,0.000,0.000,0.000,15.000,0.000,0.000,0.000,12.000,21.000,65.000000
17709559.000000,2,17.000,0.000,0.000,0.000,0.000,12.000,0.000,0.000,0.000,13.000,23.000,65.000000
17710914.000000,2,16.000,0.000,0.000,0.000,0.000,14.000,0.000,0.000,0.000,13.000,21.000,64.000000
17712273.000000,2,12.000,0.000,0.000,0.000,0.000,15.000,0.000,0.000,0.000,11.000,21.000,59.000000
17713640.000000,2,5.000,0.000,0.000,0.000,0.000,13.000,0.000,0.000,0.000,10.000,23.000,51.000000
17715017.000000,2,7.000,0.000,0.000,0.000,0.000,14.000,0.000,0.000,0.000,11.000,22.000,54.000000
17716381.000000,2,12.000,5.000,0.000,0.000,0.000,1.000,1.000,0.000,15.000,8.000,20.000,62.000000
17717735.000000,2,11.000,2.000,0.000,0.000,0.000,0.000,7.000,0.000,14.000,0.000,22.000,56.000000
17719109.000000,2,9.000,3.000,0.000,0.000,0.000,0.000,8.000,0.000,16.000,1.000,22.000,59.000000
17720467.000000,2,13.000,4.000,0.000,0.000,0.000,0.000,0.000,0.000,17.000,11.000,19.000,64.000000
17721841.000000,2,8.000,0.000,0.000,0.000,0.000,2.000,1.000,0.000,15.000,10.000,19.000,55.000000
17723190.000000,2,0.000,0.000,0.000,0.000,0.000,13.000,6.000,0.000,0.000,2.000,23.000,44.000000
17724555.000000,2,0.000,0.000,0.000,0.000,0.000,15.000,4.000,0.000,0.000,4.000,22.000,45.000000
17725930.000000,2,4.000,0.000,0.000,0.000,0.000,13.000,0.000,0.000,0.000,9.000,22.000,48.000000
17727288.000000,2,3.000,0.000,0.000,0.000,0.000,12.000,0.000,0.000,0.000,12.000,22.000,49.000000
17728646.000000,2,7.000,0.000,0.000,0.000,0.000,6.000,0.000,0.000,4.000,12.000,22.000,51.000000
17730015.000000,2,10.000,0.000,0.000,0.000,0.000,0.000,12.000,0.000,17.000,0.000,20.000,59.000000
17731393.000000,2,10.000,2.000,0.000,0.000,0.000,0.000,9.000,0.000,15.000,0.000,22.000,58.000000
17732755.000000,2,11.000,0.000,0.000,0.000,0.000,0.000,6.000,0.000,14.000,2.000,22.000,55.000000
17734111.000000,2,12.000,6.000,0.000,0.000,0.000,0.000,3.000,0.000,17.000,6.000,20.000,64.000000
17735474.000000,2,13.000,5.000,0.000,0.000,0.000,0.000,1.000,0.000,17.000,13.000,19.000,68.000000
17736848.000000,2,11.000,5.000,2.000,0.000,0.000,0.000,3.000,0.000,15.000,7.000,21.000,64.000000
17738198.000000,2,11.000,5.000,0.000,0.000,0.000,0.000,0.000,0.000,15.000,7.000,22.000,60.000000
17739574.000000,2,12.000,0.000,0.000,0.000,0.000,6.000,1.000,0.000,9.000,8.000,22.000,58.000000
17740938.000000,2,9.000,1.000,0.000,0.000,0.000,10.000,0.000,0.000,0.000,9.000,23.000,52.000000
17742286.000000,2,4.000,0.000,0.000,0.000,0.000,13.000,8.000,0.000,0.000,0.000,22.000,47.000000
17743659.000000,2,0.000,0.000,0.000,0.000,0.000,9.000,1.000,0.000,1.000,8.000,23.000,42.000000
17745047.000000,2,3.000,0.000,0.000,0.000,0.000,9.000,3.000,0.000,1.000,6.000,24.000,46.000000
17746413.000000,2,1.000,0.000,0.000,0.000,0.000,12.000,8.000,0.000,0.000,2.000,22.000,45.000000
17747795.000000,3,15.000,3.000,0.000,0.000,0.000,18.000,2.000,0.000,0.000,6.000,20.000,64.000000
17749151.000000,3,18.000,19.000,0.000,0.000,0.000,18.000,0.000,0.000,0.000,12.000,19.000,86.000000
17750519.000000,3,18.000,15.000,0.000,0.000,0.000,18.000,2.000,0.000,0.000,6.000,19.000,78.000000
17751881.000000,3,21.000,0.000,0.000,0.000,0.000,20.000,1.000,0.000,0.000,8.000,18.000,68.000000
17753224.000000,3,21.000,0.000,0.000,0.000,0.000,20.000,12.000,0.000,0.000,0.000,17.000,70.000000
17754567.000000,3,21.000,0.000,0.000,0.000,0.000,19.000,10.000,0.000,0.000,0.000,19.000,69.000000
17755931.000000,3,12.000,6.000,0.000,0.000,0.000,17.000,2.000,0.000,0.000,9.000,20.000,66.000000
17757299.000000,3,17.000,17.000,0.000,0.000,0.000,19.000,1.000,0.000,0.000,10.000,19.000,83.000000
17758637.000000,3,19.000,0.000,0.000,0.000,0.000,19.000,10.000,0.000,0.000,0.000,19.000,67.000000
17760003.000000,3,20.000,0.000,0.000,0.000,0.000,19.000,10.000,0.000,0.000,0.000,18.000,67.000000
17761373.000000,3,21.000,0.000,0.000,0.000,0.000,20.000,3.000,0.000,0.000,5.000,18.000,67.000000
17762750.000000,3,21.000,3.000,0.000,0.000,0.000,20.000,0.000,0.000,0.000,11.000,18.000,73.000000
17764097.000000,3,19.000,5.000,0.000,0.000,0.000,19.000,0.000,0.000,0.000,12.000,18.000,73.000000
17765443.000000,3,18.000,9.000,0.000,0.000,0.000,18.000,0.000,0.000,0.000,13.000,18.000,76.000000
17766788.000000,3,17.000,18.000,3.000,0.000,0.000,20.000,2.000,0.000,0.000,8.000,18.000,86.000000
17768131.000000,3,20.000,0.000,0.000,0.000,0.000,19.000,11.000,0.000,0.000,0.000,18.000,68.000000
17769469.000000,3,16.000,0.000,0.000,0.000,0.000,19.000,8.000,0.000,0.000,1.000,19.000,63.000000
17770838.000000,3,3.000,3.000,0.000,0.000,0.000,15.000,0.000,0.000,0.000,8.000,22.000,51.000000
17772201.000000,3,19.000,9.000,0.000,0.000,0.000,19.000,0.000,0.000,0.000,9.000,19.000,75.000000
17773566.000000,3,20.000,4.000,0.000,0.000,0.000,19.000,0.000,0.000,0.000,11.000,18.000,72.000000
17774936.000000,3,21.000,0.000,0.000,0.000,0.000,18.000,0.000,0.000,0.000,10.000,20.000,69.000000
17776282.000000,3,21.000,0.000,0.000,0.000,0.000,19.000,0.000,0.000,0.000,8.000,19.000,67.000000
17777648.000000,3,22.000,0.000,0.000,0.000,0.000,19.000,7.000,0.000,0.000,1.000,19.000,68.000000
17779012.000000,3,18.000,4.000,0.000,0.000,0.000,19.000,8.000,0.000,0.000,1.000,18.000,68.000000
17780383.000000,3,21.000,4.000,0.000,0.000,0.000,20.000,1.000,0.000,0.000,7.000,19.000,72.000000
17781748.000000,3,21.000,0.000,0.000,0.000,0.000,20.000,3.000,0.000,0.000,5.000,18.000,67.000000
17783099.000000,3,20.000,0.000,0.000,0.000,0.000,20.000,8.000,0.000,0.000,0.000,17.000,65.000000
17784447.000000,3,21.000,0.000,0.000,0.000,0.000,20.000,5.000,0.000,0.000,3.000,19.000,68.000000
17785813.000000,3,19.000,0.000,0.000,0.000,0.000,19.000,9.000,0.000,0.000,0.000,18.000,65.000000
17787178.000000,3,20.000,0.000,0.000,0.000,0.000,20.000,12.000,0.000,0.000,0.000,17.000,69.000000
17788545.000000,3,23.000,0.000,0.000,0.000,0.000,20.000,5.000,0.000,0.000,5.000,18.000,71.000000
17789921.000000,3,22.000,0.000,0.000,0.000,0.000,20.000,7.000,0.000,0.000,0.000,17.000,66.000000
17791294.000000,3,23.000,0.000,0.000,0.000,0.000,20.000,4.000,0.000,0.000,4.000,18.000,69.000000
17792657.000000,3,23.000,0.000,0.000,0.000,0.000,18.000,2.000,0.000,0.000,6.000,20.000,69.000000
17794030.000000,3,22.000,0.000,0.000,0.000,0.000,20.000,0.000,0.000,0.000,10.000,18.000,70.000000
17795381.000000,3,19.000,0.000,0.000,0.000,0.000,18.000,2.000,0.000,0.000,6.000,19.000,64.000000
17796739.000000,3,14.000,4.000,0.000,0.000,0.000,17.000,0.000,0.000,0.000,8.000,21.000,64.000000
17798099.000000,3,23.000,0.000,0.000,0.000,0.000,19.000,0.000,0.000,0.000,8.000,18.000,68.000000
17799459.000000,3,22.000,0.000,0.000,0.000,0.000,21.000,4.000,0.000,0.000,5.000,17.000,69.000000
17800822.000000,3,21.000,4.000,0.000,0.000,0.000,22.000,0.000,0.000,0.000,7.000,14.000,68.000000
17802196.000000,3,23.000,0.000,0.000,0.000,0.000,21.000,3.000,0.000,0.000,4.000,17.000,68.000000
17803524.000000,3,21.000,12.000,0.000,0.000,0.000,18.000,0.000,0.000,0.000,10.000,20.000,81.000000
17804889.000000,3,20.000,9.000,0.000,0.000,0.000,18.000,2.000,0.000,0.000,6.000,19.000,74.000000
17806263.000000,3,21.000,0.000,0.000,0.000,0.000,19.000,0.000,0.000,0.000,12.000,18.000,70.000000
17807629.000000,3,22.000,0.000,0.000,0.000,0.000,20.000,0.000,0.000,0.000,12.000,18.000,72.000000
17808987.000000,3,6.000,0.000,0.000,0.000,0.000,16.000,1.000,0.000,0.000,8.000,20.000,51.000000
17810349.000000,3,19.000,8.000,0.000,0.000,0.000,18.000,0.000,0.000,0.000,8.000,20.000,73.000000
17811732.000000,3,21.000,0.000,0.000,0.000,0.000,21.000,0.000,0.000,0.000,8.000,16.000,66.000000
17813083.000000,3,22.000,0.000,0.000,0.000,0.000,19.000,0.000,0.000,0.000,9.000,19.000,69.000000
17814449.000000,3,22.000,0.000,0.000,0.000,0.000,19.000,0.000,0.000,0.000,11.000,18.000,70.000000
17815806.000000,3,23.000,0.000,0.000,0.000,0.000,20.000,0.000,0.000,0.000,12.000,18.000,73.000000
17817159.000000,3,23.000,0.000,0.000,0.000,0.000,20.000,0.000,0.000,0.000,8.000,18.000,69.000000
17818515.000000,3,21.000,2.000,0.000,0.000,0.000,20.000,0.000,0.000,0.000,9.000,17.000,69.000000
17819876.000000,3,22.000,0.000,0.000,0.000,0.000,19.000,0.000,0.000,0.000,9.000,18.000,68.000000
17821255.000000,3,23.000,0.000,0.000,0.000,0.000,19.000,0.000,0.000,0.000,8.000,19.000,69.000000
17822600.000000,3,20.000,0.000,0.000,0.000,0.000,21.000,0.000,0.000,0.000,8.000,18.000,67.000000
17823966.000000,3,23.000,0.000,0.000,0.000,0.000,18.000,0.000,0.000,0.000,10.000,19.000,70.000000
17825349.000000,3,22.000,0.000,0.000,0.000,0.000,19.000,0.000,0.000,0.000,8.000,19.000,68.000000
17826709.000000,3,23.000,0.000,0.000,0.000,0.000,19.000,0.000,0.000,0.000,10.000,19.000,71.000000
17828081.000000,3,21.000,1.000,0.000,0.000,0.000,20.000,0.000,0.000,0.000,7.000,17.000,66.000000
17829445.000000,3,21.000,0.000,0.000,0.000,0.000,20.000,0.000,0.000,0.000,9.000,18.000,68.000000
17830810.000000,3,20.000,10.000,0.000,0.000,0.000,19.000,10.000,0.000,0.000,1.000,19.000,79.000000
17832198.000000,3,20.000,7.000,0.000,0.000,0.000,18.000,11.000,0.000,0.000,0.000,19.000,75.000000
17833587.000000,3,23.000,2.000,0.000,0.000,0.000,18.000,3.000,0.000,0.000,6.000,20.000,72.000000
17834948.000000,3,23.000,0.000,0.000,0.000,0.000,20.000,8.000,0.000,0.000,0.000,18.000,69.000000
17836316.000000,3,21.000,0.000,0.000,0.000,0.000,21.000,10.000,0.000,0.000,0.000,16.000,68.000000
17837681.000000,3,20.000,6.000,0.000,0.000,0.000,19.000,9.000,0.000,0.000,0.000,18.000,72.000000
17839072.000000,3,21.000,0.000,0.000,0.000,0.000,22.000,8.000,0.000,0.000,0.000,16.000,67.000000
17840430.000000,3,24.000,0.000,0.000,0.000,0.000,20.000,7.000,0.000,0.000,1.000,16.000,68.000000
17841798.000000,3,22.000,0.000,0.000,0.000,0.000,20.000,10.000,0.000,0.000,1.000,18.000,71.000000
17843160.000000,3,22.000,0.000,0.000,0.000,0.000,20.000,14.000,0.000,0.000,0.000,17.000,73.000000
17844532.000000,3,23.000,1.000,0.000,0.000,0.000,19.000,11.000,0.000,0.000,0.000,18.000,72.000000
17845875.000000,3,18.000,18.000,0.000,0.000,0.000,19.000,12.000,0.000,0.000,0.000,18.000,85.000000
17847243.000000,3,22.000,15.000,0.000,0.000,0.000,22.000,9.000,0.000,0.000,0.000,16.000,84.000000
17848598.000000,3,17.000,21.000,0.000,0.000,0.000,18.000,11.000,0.000,0.000,0.000,18.000,85.000000
17849962.000000,3,23.000,14.000,0.000,0.000,0.000,22.000,9.000,0.000,0.000,0.000,16.000,84.000000
17851321.000000,3,17.000,16.000,0.000,0.000,0.000,16.000,12.000,0.000,1.000,0.000,18.000,80.000000
17852669.000000,3,18.000,19.000,0.000,0.000,0.000,17.000,12.000,0.000,0.000,0.000,19.000,85.000000
17854026.000000,3,22.000,6.000,0.000,0.000,0.000,21.000,9.000,0.000,0.000,0.000,16.000,74.000000
17855386.000000,3,23.000,0.000,0.000,0.000,0.000,21.000,12.000,0.000,0.000,0.000,16.000,72.000000
17856758.000000,3,23.000,0.000,0.000,0.000,0.000,21.000,12.000,0.000,0.000,0.000,16.000,72.000000
17858108.000000,3,22.000,0.000,0.000,0.000,0.000,21.000,9.000,0.000,0.000,0.000,16.000,68.000000
17859464.000000,3,21.000,0.000,0.000,0.000,0.000,20.000,9.000,0.000,0.000,0.000,17.000,67.000000
17860813.000000,3,22.000,0.000,0.000,0.000,0.000,20.000,11.000,0.000,0.000,0.000,17.000,70.000000
17862187.000000,3,23.000,0.000,0.000,0.000,0.000,22.000,12.000,0.000,0.000,0.000,15.000,72.000000
17863545.000000,3,23.000,0.000,0.000,0.000,0.000,20.000,9.000,0.000,0.000,0.000,17.000,69.000000
17864895.000000,3,22.000,0.000,0.000,0.000,0.000,20.000,11.000,0.000,0.000,0.000,16.000,69.000000
17866263.000000,3,22.000,0.000,0.000,0.000,0.000,21.000,10.000,0.000,0.000,0.000,17.000,70.000000
17867645.000000,3,23.000,0.000,0.000,0.000,0.000,22.000,10.000,0.000,0.000,0.000,15.000,70.000000
17869012.000000,3,22.000,0.000,0.000,0.000,0.000,21.000,6.000,0.000,0.000,2.000,17.000,68.000000
17870366.000000,4,23.000,3.000,0.000,0.000,0.000,17.000,6.000,0.000,0.000,2.000,18.000,69.000000
17871739.000000,4,22.000,13.000,0.000,0.000,0.000,8.000,9.000,0.000,0.000,0.000,23.000,75.000000
17873091.000000,4,23.000,9.000,0.000,0.000,0.000,9.000,5.000,0.000,0.000,3.000,24.000,73.000000
17874467.000000,4,22.000,0.000,0.000,0.000,0.000,10.000,3.000,0.000,0.000,4.000,23.000,62.000000
17875821.000000,4,22.000,0.000,0.000,0.000,0.000,13.000,7.000,0.000,0.000,1.000,22.000,65.000000
17877176.000000,4,23.000,8.000,0.000,0.000,0.000,3.000,10.000,0.000,5.000,0.000,23.000,72.000000
17878516.000000,4,23.000,14.000,0.000,0.000,0.000,0.000,8.000,0.000,10.000,0.000,24.000,79.000000
17879904.000000,4,22.000,5.000,0.000,0.000,0.000,0.000,10.000,0.000,8.000,0.000,23.000,68.000000
17881257.000000,4,21.000,0.000,0.000,0.000,0.000,6.000,7.000,0.000,2.000,2.000,23.000,61.000000
17882625.000000,4,22.000,0.000,0.000,0.000,0.000,7.000,8.000,0.000,0.000,0.000,23.000,60.000000
17883996.000000,4,21.000,2.000,0.000,0.000,0.000,7.000,8.000,0.000,2.000,0.000,23.000,63.000000
17885359.000000,4,23.000,13.000,13.000,0.000,0.000,5.000,9.000,0.000,3.000,0.000,24.000,90.000000
17886717.000000,4,22.000,11.000,0.000,0.000,0.000,12.000,11.000,0.000,0.000,0.000,22.000,78.000000
17888077.000000,4,22.000,12.000,0.000,0.000,0.000,9.000,11.000,0.000,0.000,0.000,23.000,77.000000
17889432.000000,4,23.000,0.000,0.000,0.000,0.000,9.000,5.000,0.000,0.000,3.000,23.000,63.000000
17890796.000000,4,23.000,0.000,0.000,0.000,0.000,13.000,0.000,0.000,0.000,9.000,23.000,68.000000
17892142.000000,4,22.000,0.000,0.000,0.000,0.000,9.000,6.000,0.000,1.000,4.000,23.000,65.000000
17893486.000000,4,21.000,11.000,2.000,0.000,0.000,0.000,8.000,0.000,8.000,1.000,23.000,74.000000
17894873.000000,4,22.000,6.000,3.000,0.000,0.000,2.000,7.000,0.000,8.000,1.000,23.000,72.000000
17896223.000000,4,22.000,5.000,0.000,0.000,0.000,11.000,8.000,0.000,0.000,1.000,23.000,70.000000
17897580.000000,4,22.000,0.000,0.000,0.000,0.000,13.000,4.000,0.000,0.000,3.000,23.000,65.000000
17898950.000000,4,22.000,6.000,2.000,0.000,0.000,6.000,11.000,0.000,3.000,0.000,22.000,72.000000
17900296.000000,4,23.000,14.000,12.000,0.000,0.000,2.000,6.000,0.000,7.000,2.000,24.000,90.000000
17901651.000000,4,22.000,3.000,4.000,0.000,0.000,0.000,0.000,0.000,9.000,12.000,22.000,72.000000
17902998.000000,4,22.000,0.000,0.000,0.000,0.000,0.000,3.000,0.000,10.000,7.000,23.000,65.000000
17904366.000000,4,22.000,4.000,0.000,0.000,0.000,1.000,13.000,0.000,8.000,0.000,23.000,71.000000
17905721.000000,4,22.000,11.000,0.000,0.000,0.000,8.000,12.000,0.000,0.000,0.000,22.000,75.000000
17907079.000000,4,22.000,12.000,0.000,0.000,0.000,10.000,12.000,0.000,0.000,0.000,23.000,79.000000
17908451.000000,4,22.000,1.000,0.000,0.000,0.000,8.000,3.000,0.000,0.000,5.000,23.000,62.000000
17909815.000000,4,22.000,3.000,0.000,0.000,0.000,0.000,0.000,0.000,6.000,10.000,24.000,65.000000
17911189.000000,4,22.000,14.000,0.000,0.000,0.000,7.000,4.000,0.000,2.000,4.000,23.000,76.000000
17912532.000000,4,22.000,13.000,6.000,2.000,0.000,12.000,7.000,0.000,0.000,0.000,22.000,84.000000
17913909.000000,4,22.000,15.000,12.000,7.000,0.000,4.000,3.000,0.000,5.000,6.000,24.000,98.000000
17915267.000000,4,22.000,15.000,13.000,0.000,0.000,0.000,0.000,0.000,9.000,9.000,23.000,91.000000
17916640.000000,4,21.000,3.000,2.000,0.000,0.000,0.000,0.000,0.000,12.000,11.000,22.000,71.000000
17918014.000000,4,21.000,8.000,0.000,0.000,0.000,0.000,7.000,0.000,11.000,2.000,23.000,72.000000
17919361.000000,4,21.000,0.000,0.000,0.000,0.000,0.000,3.000,0.000,12.000,5.000,23.000,64.000000
17920722.000000,4,21.000,3.000,0.000,0.000,0.000,2.000,6.000,0.000,9.000,2.000,23.000,66.000000
17922076.000000,4,22.000,9.000,0.000,0.000,0.000,2.000,2.000,0.000,9.000,6.000,23.000,73.000000
17923442.000000,4,21.000,10.000,0.000,0.000,0.000,0.000,1.000,0.000,11.000,8.000,23.000,74.000000
17924793.000000,4,21.000,3.000,0.000,0.000,0.000,1.000,5.000,0.000,8.000,2.000,23.000,63.000000
17926145.000000,4,22.000,5.000,0.000,0.000,0.000,0.000,0.000,0.000,10.000,12.000,23.000,72.000000
17927531.000000,4,21.000,8.000,0.000,0.000,0.000,3.000,4.000,0.000,7.000,7.000,23.000,73.000000
17928876.000000,4,21.000,5.000,0.000,0.000,0.000,3.000,13.000,0.000,6.000,0.000,22.000,70.000000
17930224.000000,4,21.000,4.000,0.000,0.000,0.000,0.000,4.000,0.000,10.000,3.000,23.000,65.000000
17931576.000000,4,22.000,0.000,0.000,0.000,0.000,4.000,0.000,0.000,6.000,8.000,23.000,63.000000
17932950.000000,4,22.000,12.000,0.000,0.000,0.000,0.000,0.000,0.000,11.000,8.000,23.000,76.000000
17934298.000000,4,21.000,13.000,0.000,0.000,0.000,0.000,0.000,0.000,11.000,7.000,23.000,75.000000
17935644.000000,4,22.000,11.000,0.000,0.000,0.000,1.000,0.000,0.000,7.000,7.000,23.000,71.000000
17936991.000000,4,21.000,2.000,0.000,0.000,0.000,6.000,4.000,0.000,4.000,4.000,23.000,64.000000
17938367.000000,4,21.000,12.000,0.000,0.000,0.000,0.000,3.000,0.000,11.000,5.000,23.000,75.000000
17939731.000000,4,21.000,7.000,0.000,0.000,0.000,0.000,2.000,0.000,9.000,8.000,23.000,70.000000
17941108.000000,4,21.000,10.000,0.000,0.000,0.000,6.000,0.000,0.000,4.000,12.000,22.000,75.000000
17942473.000000,4,21.000,14.000,1.000,0.000,0.000,10.000,3.000,0.000,0.000,6.000,23.000,78.000000
17943818.000000,4,22.000,14.000,13.000,0.000,0.000,7.000,0.000,0.000,2.000,8.000,24.000,90.000000
17945181.000000,4,22.000,14.000,12.000,0.000,0.000,0.000,0.000,0.000,7.000,8.000,23.000,86.000000
17946544.000000,4,21.000,15.000,8.000,0.000,0.000,8.000,2.000,0.000,1.000,6.000,23.000,84.000000
17947923.000000,4,22.000,14.000,12.000,0.000,0.000,2.000,0.000,0.000,6.000,9.000,23.000,88.000000
17949274.000000,4,21.000,14.000,12.000,0.000,0.000,4.000,0.000,0.000,3.000,10.000,23.000,87.000000
17950625.000000,4,22.000,14.000,10.000,0.000,0.000,9.000,2.000,0.000,0.000,5.000,23.000,85.000000
17951979.000000,4,22.000,9.000,7.000,0.000,0.000,7.000,6.000,0.000,2.000,5.000,23.000,81.000000
17953359.000000,4,22.000,0.000,0.000,0.000,0.000,5.000,15.000,0.000,3.000,0.000,22.000,67.000000
17954734.000000,4,21.000,3.000,0.000,0.000,0.000,0.000,12.000,0.000,9.000,0.000,22.000,67.000000
17956085.000000,4,22.000,0.000,0.000,0.000,0.000,0.000,14.000,0.000,8.000,0.000,23.000,67.000000
17957478.000000,4,21.000,0.000,0.000,0.000,0.000,0.000,9.000,0.000,11.000,0.000,23.000,64.000000
17958847.000000,4,21.000,0.000,0.000,0.000,0.000,0.000,8.000,0.000,14.000,0.000,22.000,65.000000
17960206.000000,4,21.000,0.000,0.000,0.000,0.000,4.000,13.000,0.000,5.000,0.000,22.000,65.000000
17961561.000000,4,20.000,0.000,0.000,0.000,0.000,2.000,10.000,0.000,9.000,0.000,23.000,64.000000
17962912.000000,4,18.000,0.000,0.000,0.000,0.000,0.000,4.000,0.000,11.000,5.000,23.000,61.000000
17964259.000000,4,22.000,4.000,0.000,0.000,0.000,2.000,11.000,0.000,9.000,0.000,23.000,71.000000
17965626.000000,4,21.000,0.000,0.000,0.000,0.000,11.000,12.000,0.000,0.000,0.000,22.000,66.000000
17967001.000000,4,23.000,0.000,0.000,0.000,0.000,4.000,12.000,0.000,6.000,0.000,23.000,68.000000
17968362.000000,4,21.000,0.000,0.000,0.000,0.000,0.000,8.000,0.000,12.000,0.000,22.000,63.000000
17969727.000000,4,20.000,2.000,0.000,0.000,0.000,0.000,11.000,0.000,11.000,0.000,23.000,67.000000
17971085.000000,4,22.000,0.000,0.000,0.000,0.000,6.000,11.000,0.000,3.000,0.000,23.000,65.000000
17972444.000000,4,20.000,0.000,0.000,0.000,0.000,0.000,11.000,0.000,12.000,0.000,22.000,65.000000
17973794.000000,4,21.000,0.000,0.000,0.000,0.000,0.000,5.000,0.000,16.000,3.000,21.000,66.000000
17975168.000000,4,22.000,0.000,0.000,0.000,0.000,0.000,10.000,0.000,12.000,0.000,22.000,66.000000
17976538.000000,4,20.000,0.000,0.000,0.000,0.000,0.000,12.000,0.000,10.000,0.000,23.000,65.000000
17977889.000000,4,21.000,0.000,0.000,0.000,0.000,0.000,8.000,0.000,15.000,1.000,21.000,66.000000
17979255.000000,4,20.000,0.000,0.000,0.000,0.000,0.000,0.000,0.000,18.000,8.000,21.000,67.000000
17980621.000000,4,23.000,0.000,0.000,0.000,0.000,0.000,9.000,0.000,14.000,1.000,21.000,68.000000
17982002.000000,4,20.000,0.000,0.000,0.000,0.000,0.000,11.000,0.000,11.000,0.000,23.000,65.000000
17983378.000000,4,20.000,3.000,0.000,0.000,0.000,0.000,3.000,0.000,16.000,5.000,21.000,68.000000
17984751.000000,4,21.000,0.000,0.000,0.000,0.000,0.000,0.000,0.000,18.000,8.000,20.000,67.000000
17986097.000000,4,23.000,0.000,0.000,0.000,0.000,0.000,7.000,0.000,16.000,1.000,21.000,68.000000
17987459.000000,4,23.000,0.000,0.000,0.000,0.000,0.000,9.000,0.000,12.000,0.000,23.000,67.000000
17988839.000000,4,19.000,4.000,0.000,0.000,0.000,0.000,8.000,0.000,14.000,2.000,22.000,69.000000
17990215.000000,4,20.000,0.000,0.000,0.000,0.000,0.000,0.000,0.000,17.000,10.000,20.000,67.000000
17991599.000000,4,23.000,0.000,0.000,0.000,0.000,0.000,6.000,0.000,15.000,2.000,22.000,68.000000
17992964.000000,4,22.000,0.000,0.000,0.000,0.000,0.000,8.000,0.000,13.000,0.000,22.000,65.000000
17994325.000000,4,20.000,0.000,0.000,0.000,0.000,0.000,3.000,0.000,15.000,4.000,22.000,64.000000
17995679.000000,4,21.000,0.000,0.000,0.000,0.000,0.000,6.000,0.000,15.000,2.000,22.000,66.000000
17997038.000000,5,23.000,6.000,5.000,0.000,0.000,4.000,3.000,0.000,11.000,4.000,21.000,77.000000
17998402.000000,5,24.000,24.000,19.000,0.000,0.000,17.000,6.000,0.000,0.000,2.000,21.000,113.000000
17999743.000000,5,24.000,22.000,17.000,0.000,0.000,16.000,0.000,0.000,0.000,11.000,21.000,111.000000
18001113.000000,5,24.000,24.000,18.000,0.000,0.000,16.000,0.000,0.000,0.000,13.000,21.000,116.000000
18002466.000000,5,25.000,25.000,18.000,3.000,0.000,15.000,1.000,0.000,0.000,10.000,21.000,118.000000
18003839.000000,5,23.000,22.000,18.000,5.000,0.000,15.000,13.000,0.000,0.000,0.000,21.000,117.000000
18005208.000000,5,23.000,22.000,19.000,0.000,0.000,15.000,10.000,0.000,0.000,0.000,21.000,110.000000
18006587.000000,5,23.000,21.000,20.000,0.000,0.000,15.000,7.000,0.000,0.000,3.000,22.000,111.000000
18007956.000000,5,23.000,23.000,19.000,0.000,0.000,14.000,0.000,0.000,0.000,12.000,22.000,113.000000
18009317.000000,5,22.000,23.000,18.000,0.000,0.000,14.000,0.000,0.000,0.000,12.000,21.000,110.000000
18010682.000000,5,24.000,23.000,19.000,0.000,0.000,17.000,0.000,0.000,0.000,11.000,21.000,115.000000
18012050.000000,5,23.000,24.000,19.000,1.000,0.000,16.000,4.000,0.000,0.000,5.000,21.000,113.000000
18013414.000000,5,23.000,23.000,20.000,0.000,0.000,17.000,12.000,0.000,0.000,0.000,20.000,115.000000
18014774.000000,5,23.000,24.000,19.000,0.000,0.000,17.000,5.000,0.000,0.000,5.000,21.000,114.000000
18016118.000000,5,23.000,24.000,18.000,0.000,0.000,16.000,0.000,0.000,0.000,12.000,20.000,113.000000
18017453.000000,5,23.000,23.000,18.000,0.000,0.000,18.000,0.000,0.000,0.000,13.000,19.000,114.000000
18018810.000000,5,23.000,25.000,18.000,0.000,0.000,17.000,7.000,0.000,0.000,4.000,21.000,115.000000
18020183.000000,5,22.000,23.000,18.000,3.000,0.000,16.000,11.000,0.000,0.000,0.000,20.000,113.000000
18021558.000000,5,23.000,23.000,15.000,13.000,0.000,15.000,5.000,0.000,0.000,4.000,22.000,120.000000
18022915.000000,5,22.000,23.000,19.000,0.000,0.000,16.000,0.000,0.000,0.000,12.000,21.000,113.000000
18024273.000000,5,22.000,22.000,19.000,0.000,0.000,14.000,0.000,0.000,0.000,14.000,21.000,112.000000
18025639.000000,5,22.000,23.000,18.000,0.000,0.000,18.000,2.000,0.000,0.000,7.000,20.000,110.000000
18026982.000000,5,22.000,24.000,20.000,0.000,0.000,17.000,10.000,0.000,0.000,0.000,20.000,113.000000
18028346.000000,5,22.000,23.000,19.000,0.000,0.000,18.000,11.000,0.000,0.000,0.000,20.000,113.000000
18029700.000000,5,22.000,23.000,19.000,0.000,0.000,17.000,2.000,0.000,0.000,6.000,21.000,110.000000
18031041.000000,5,23.000,24.000,18.000,0.000,0.000,17.000,0.000,0.000,0.000,13.000,20.000,115.000000
18032407.000000,5,24.000,24.000,18.000,0.000,0.000,18.000,5.000,0.000,0.000,4.000,20.000,113.000000
18033772.000000,5,23.000,22.000,18.000,3.000,0.000,15.000,6.000,0.000,0.000,3.000,21.000,111.000000
18035130.000000,5,21.000,23.000,18.000,0.000,0.000,15.000,6.000,0.000,0.000,4.000,22.000,109.000000
18036490.000000,5,23.000,20.000,20.000,0.000,0.000,16.000,10.000,0.000,0.000,0.000,21.000,110.000000
18037866.000000,5,23.000,20.000,20.000,0.000,0.000,12.000,10.000,0.000,0.000,0.000,23.000,108.000000
18039233.000000,5,21.000,22.000,21.000,0.000,0.000,17.000,9.000,0.000,0.000,0.000,20.000,110.000000
18040591.000000,5,24.000,22.000,20.000,0.000,0.000,16.000,3.000,0.000,0.000,6.000,21.000,112.000000
18041949.000000,5,22.000,22.000,19.000,0.000,0.000,17.000,6.000,0.000,0.000,4.000,20.000,110.000000
18043338.000000,5,24.000,21.000,20.000,0.000,0.000,16.000,3.000,0.000,0.000,5.000,21.000,110.000000
18044719.000000,5,23.000,20.000,20.000,0.000,0.000,16.000,7.000,0.000,0.000,2.000,22.000,110.000000
18046070.000000,5,23.000,20.000,18.000,0.000,0.000,15.000,3.000,0.000,0.000,6.000,22.000,107.000000
18047439.000000,5,23.000,20.000,20.000,1.000,0.000,12.000,5.000,0.000,0.000,3.000,22.000,106.000000
18048818.000000,5,20.000,22.000,19.000,0.000,0.000,18.000,8.000,0.000,0.000,0.000,20.000,107.000000
18050182.000000,5,23.000,20.000,20.000,0.000,0.000,15.000,7.000,0.000,0.000,2.000,22.000,109.000000
18051557.000000,5,22.000,20.000,19.000,0.000,0.000,15.000,4.000,0.000,0.000,7.000,21.000,108.000000
18052911.000000,5,23.000,21.000,19.000,0.000,0.000,16.000,12.000,0.000,0.000,0.000,21.000,112.000000
18054263.000000,5,23.000,20.000,19.000,0.000,0.000,14.000,0.000,0.000,0.000,8.000,22.000,106.000000
18055634.000000,5,22.000,19.000,19.000,0.000,0.000,12.000,2.000,0.000,0.000,6.000,23.000,103.000000
18057004.000000,5,23.000,20.000,19.000,0.000,0.000,16.000,4.000,0.000,0.000,4.000,22.000,108.000000
18058340.000000,5,21.000,21.000,18.000,0.000,0.000,16.000,0.000,0.000,0.000,9.000,21.000,106.000000
18059693.000000,5,23.000,23.000,19.000,0.000,0.000,17.000,2.000,0.000,0.000,8.000,20.000,112.000000
18061051.000000,5,22.000,21.000,19.000,0.000,0.000,15.000,6.000,0.000,0.000,1.000,22.000,106.000000
18062419.000000,5,22.000,21.000,18.000,0.000,0.000,17.000,2.000,0.000,0.000,6.000,20.000,106.000000
18063799.000000,5,24.000,21.000,19.000,0.000,0.000,16.000,6.000,0.000,0.000,4.000,21.000,111.000000
18065163.000000,5,23.000,21.000,19.000,0.000,0.000,15.000,9.000,0.000,0.000,0.000,21.000,108.000000
18066519.000000,5,22.000,20.000,19.000,0.000,0.000,14.000,4.000,0.000,0.000,4.000,23.000,106.000000
18067882.000000,5,23.000,21.000,18.000,0.000,0.000,15.000,7.000,0.000,0.000,2.000,21.000,107.000000
18069268.000000,5,24.000,21.000,19.000,0.000,0.000,15.000,3.000,0.000,0.000,4.000,22.000,108.000000
18070637.000000,5,21.000,22.000,19.000,0.000,0.000,17.000,8.000,0.000,0.000,0.000,20.000,107.000000
18072002.000000,5,23.000,21.000,19.000,0.000,0.000,16.000,4.000,0.000,0.000,5.000,21.000,109.000000
18073369.000000,5,22.000,22.000,16.000,6.000,0.000,16.000,9.000,0.000,0.000,1.000,21.000,113.000000
18074741.000000,5,22.000,20.000,19.000,0.000,0.000,15.000,12.000,0.000,0.000,0.000,22.000,110.000000
18076087.000000,5,22.000,22.000,18.000,0.000,0.000,16.000,11.000,0.000,0.000,0.000,20.000,109.000000
18077445.000000,5,22.000,19.000,19.000,1.000,0.000,6.000,13.000,0.000,4.000,0.000,23.000,107.000000
18078798.000000,5,21.000,19.000,17.000,4.000,0.000,12.000,11.000,0.000,0.000,0.000,22.000,106.000000
18080155.000000,5,22.000,19.000,18.000,1.000,0.000,9.000,12.000,0.000,0.000,0.000,23.000,104.000000
18081515.000000,5,22.000,20.000,17.000,6.000,0.000,14.000,12.000,0.000,0.000,0.000,21.000,112.000000
18082864.000000,5,20.000,21.000,17.000,2.000,0.000,16.000,11.000,0.000,0.000,0.000,21.000,108.000000
18084213.000000,5,21.000,21.000,16.000,0.000,0.000,16.000,12.000,0.000,0.000,0.000,21.000,107.000000
18085577.000000,5,23.000,20.000,17.000,1.000,0.000,12.000,13.000,0.000,0.000,0.000,21.000,107.000000
18086952.000000,5,23.000,19.000,17.000,0.000,0.000,10.000,13.000,0.000,0.000,0.000,23.000,105.000000
18088305.000000,5,22.000,20.000,18.000,0.000,0.000,15.000,13.000,0.000,0.000,0.000,21.000,109.000000
18089673.000000,5,20.000,22.000,16.000,2.000,0.000,17.000,12.000,0.000,0.000,0.000,20.000,109.000000
18091021.000000,5,22.000,20.000,17.000,0.000,0.000,15.000,12.000,0.000,0.000,0.000,21.000,107.000000
18092373.000000,5,23.000,19.000,16.000,0.000,0.000,12.000,14.000,0.000,0.000,0.000,22.000,106.000000
18093722.000000,5,23.000,20.000,18.000,3.000,0.000,11.000,12.000,0.000,0.000,0.000,22.000,109.000000
18095064.000000,5,22.000,18.000,17.000,4.000,0.000,9.000,13.000,0.000,1.000,0.000,22.000,106.000000
18096408.000000,5,22.000,19.000,18.000,3.000,0.000,10.000,13.000,0.000,0.000,0.000,23.000,108.000000
18097755.000000,5,22.000,19.000,17.000,0.000,0.000,14.000,12.000,0.000,0.000,0.000,21.000,105.000000
18099117.000000,5,22.000,21.000,16.000,0.000,0.000,10.000,12.000,0.000,0.000,0.000,22.000,103.000000
18100490.000000,5,22.000,18.000,17.000,0.000,0.000,13.000,12.000,0.000,0.000,0.000,23.000,105.000000
18101837.000000,5,21.000,19.000,17.000,0.000,0.000,16.000,11.000,0.000,0.000,0.000,21.000,105.000000
18103166.000000,5,22.000,19.000,17.000,0.000,0.000,11.000,13.000,0.000,0.000,0.000,22.000,104.000000
18104540.000000,5,22.000,20.000,18.000,0.000,0.000,12.000,14.000,0.000,0.000,0.000,22.000,108.000000
18105891.000000,5,22.000,19.000,18.000,0.000,0.000,11.000,13.000,0.000,0.000,0.000,22.000,105.000000
18107251.000000,5,20.000,21.000,17.000,0.000,0.000,15.000,13.000,0.000,0.000,0.000,21.000,107.000000
18108599.000000,5,22.000,21.000,17.000,0.000,0.000,15.000,13.000,0.000,0.000,0.000,20.000,108.000000
18109941.000000,5,23.000,20.000,19.000,0.000,0.000,14.000,13.000,0.000,0.000,0.000,22.000,111.000000
18111293.000000,5,23.000,21.000,18.000,0.000,0.000,10.000,14.000,0.000,0.000,0.000,22.000,108.000000
18112659.000000,6,22.000,20.000,9.000,0.000,0.000,11.000,9.000,0.000,0.000,0.000,22.000,93.000000
18114036.000000,6,23.000,19.000,0.000,0.000,0.000,14.000,4.000,0.000,0.000,6.000,22.000,88.000000
18115406.000000,6,23.000,19.000,0.000,0.000,0.000,13.000,0.000,0.000,0.000,13.000,22.000,90.000000
18116756.000000,6,22.000,21.000,0.000,0.000,0.000,9.000,0.000,0.000,0.000,10.000,23.000,85.000000
18118127.000000,6,22.000,21.000,0.000,0.000,0.000,11.000,0.000,0.000,0.000,10.000,22.000,86.000000
18119499.000000,6,24.000,18.000,0.000,0.000,0.000,13.000,0.000,0.000,0.000,15.000,21.000,91.000000
18120862.000000,6,25.000,19.000,0.000,0.000,0.000,13.000,0.000,0.000,0.000,14.000,22.000,93.000000
18122213.000000,6,23.000,19.000,0.000,0.000,0.000,13.000,0.000,0.000,0.000,12.000,22.000,89.000000
18123576.000000,6,24.000,19.000,2.000,0.000,0.000,11.000,0.000,0.000,0.000,12.000,22.000,90.000000
18124929.000000,6,22.000,20.000,6.000,0.000,0.000,9.000,8.000,0.000,0.000,2.000,23.000,90.000000
18126301.000000,6,21.000,13.000,20.000,0.000,0.000,9.000,9.000,0.000,0.000,0.000,23.000,95.000000
18127651.000000,6,23.000,15.000,16.000,0.000,0.000,10.000,0.000,0.000,0.000,11.000,23.000,98.000000
18129017.000000,6,24.000,19.000,0.000,0.000,0.000,15.000,0.000,0.000,0.000,11.000,21.000,90.000000
18130379.000000,6,23.000,18.000,3.000,0.000,0.000,15.000,0.000,0.000,0.000,12.000,22.000,93.000000
18131745.000000,6,24.000,17.000,10.000,2.000,0.000,9.000,0.000,0.000,1.000,10.000,23.000,96.000000
18133100.000000,6,23.000,21.000,2.000,0.000,0.000,10.000,0.000,0.000,0.000,10.000,22.000,88.000000
18134464.000000,6,23.000,19.000,0.000,0.000,0.000,13.000,0.000,0.000,0.000,14.000,22.000,91.000000
18135831.000000,6,23.000,19.000,0.000,0.000,0.000,13.000,0.000,0.000,0.000,14.000,21.000,90.000000
18137188.000000,6,22.000,19.000,0.000,0.000,0.000,13.000,10.000,0.000,0.000,1.000,22.000,87.000000
18138542.000000,6,22.000,21.000,0.000,0.000,0.000,13.000,13.000,0.000,0.000,0.000,22.000,91.000000
18139914.000000,6,23.000,20.000,0.000,0.000,0.000,13.000,4.000,0.000,0.000,5.000,22.000,87.000000
18141260.000000,6,23.000,18.000,0.000,0.000,0.000,12.000,0.000,0.000,0.000,13.000,22.000,88.000000
18142623.000000,6,24.000,19.000,0.000,0.000,0.000,11.000,0.000,0.000,0.000,15.000,22.000,91.000000
18143950.000000,6,23.000,19.000,0.000,0.000,0.000,14.000,0.000,0.000,0.000,13.000,21.000,90.000000
18145309.000000,6,23.000,19.000,0.000,0.000,0.000,12.000,9.000,0.000,0.000,1.000,23.000,87.000000
18146676.000000,6,22.000,19.000,0.000,0.000,0.000,13.000,11.000,0.000,0.000,0.000,22.000,87.000000
18148026.000000,6,22.000,19.000,3.000,0.000,0.000,11.000,14.000,0.000,0.000,0.000,23.000,92.000000
18149396.000000,6,23.000,13.000,0.000,0.000,0.000,7.000,1.000,0.000,4.000,10.000,22.000,80.000000
18150754.000000,6,22.000,20.000,0.000,0.000,0.000,10.000,0.000,0.000,0.000,13.000,22.000,87.000000
18152110.000000,6,23.000,16.000,16.000,0.000,0.000,10.000,5.000,0.000,0.000,5.000,23.000,98.000000
18153488.000000,6,20.000,16.000,24.000,0.000,0.000,4.000,2.000,0.000,4.000,7.000,24.000,101.000000
18154867.000000,6,24.000,23.000,6.000,0.000,0.000,12.000,7.000,0.000,1.000,1.000,23.000,97.000000
18156229.000000,6,25.000,23.000,0.000,0.000,0.000,3.000,1.000,0.000,5.000,7.000,23.000,87.000000
18157595.000000,6,22.000,23.000,0.000,0.000,0.000,6.000,0.000,0.000,1.000,10.000,23.000,85.000000
18158953.000000,6,22.000,24.000,0.000,0.000,0.000,10.000,0.000,0.000,0.000,8.000,23.000,87.000000
18160328.000000,6,22.000,22.000,0.000,0.000,0.000,3.000,0.000,0.000,5.000,12.000,23.000,87.000000
18161709.000000,6,22.000,23.000,0.000,0.000,0.000,6.000,3.000,0.000,2.000,7.000,23.000,86.000000
18163086.000000,6,22.000,23.000,0.000,0.000,0.000,3.000,1.000,0.000,6.000,8.000,23.000,86.000000
18164462.000000,6,23.000,24.000,0.000,0.000,0.000,8.000,5.000,0.000,1.000,3.000,23.000,87.000000
18165812.000000,6,21.000,23.000,0.000,0.000,0.000,9.000,0.000,0.000,0.000,11.000,23.000,87.000000
18167167.000000,6,22.000,21.000,9.000,0.000,0.000,4.000,7.000,0.000,5.000,3.000,23.000,94.000000
18168533.000000,6,23.000,23.000,1.000,0.000,0.000,0.000,0.000,0.000,10.000,10.000,24.000,91.000000
18169885.000000,6,22.000,23.000,0.000,0.000,0.000,8.000,6.000,0.000,2.000,3.000,23.000,87.000000
18171249.000000,6,23.000,22.000,0.000,0.000,0.000,5.000,0.000,0.000,4.000,9.000,23.000,86.000000
18172604.000000,6,22.000,23.000,0.000,0.000,0.000,9.000,0.000,0.000,1.000,8.000,24.000,87.000000
18173941.000000,6,21.000,22.000,0.000,0.000,0.000,0.000,0.000,0.000,14.000,11.000,21.000,89.000000
18175302.000000,6,23.000,22.000,2.000,0.000,0.000,0.000,7.000,0.000,15.000,2.000,22.000,93.000000
18176677.000000,6,22.000,23.000,0.000,0.000,0.000,0.000,5.000,0.000,14.000,3.000,22.000,89.000000
18178025.000000,6,23.000,23.000,1.000,0.000,0.000,0.000,0.000,0.000,17.000,10.000,20.000,94.000000
18179369.000000,6,22.000,23.000,0.000,0.000,0.000,0.000,0.000,0.000,15.000,8.000,22.000,90.000000
18180731.000000,6,22.000,22.000,0.000,0.000,0.000,0.000,0.000,0.000,16.000,9.000,22.000,91.000000
18182105.000000,6,22.000,23.000,0.000,0.000,0.000,0.000,1.000,0.000,15.000,9.000,21.000,91.000000
18183477.000000,6,23.000,23.000,0.000,0.000,0.000,0.000,0.000,0.000,15.000,9.000,21.000,91.000000
18184820.000000,6,22.000,23.000,0.000,0.000,0.000,0.000,0.000,0.000,16.000,8.000,22.000,91.000000
18186180.000000,6,23.000,22.000,0.000,0.000,0.000,0.000,0.000,0.000,15.000,9.000,22.000,91.000000
18187549.000000,6,21.000,23.000,0.000,0.000,0.000,0.000,1.000,0.000,15.000,8.000,21.000,89.000000
18188890.000000,6,22.000,23.000,0.000,0.000,0.000,0.000,0.000,0.000,15.000,10.000,21.000,91.000000
18190255.000000,6,22.000,22.000,0.000,0.000,0.000,0.000,0.000,0.000,15.000,9.000,22.000,90.000000
18191626.000000,6,22.000,22.000,0.000,0.000,0.000,4.000,4.000,0.000,8.000,5.000,22.000,87.000000
18193003.000000,6,23.000,21.000,0.000,0.000,0.000,11.000,3.000,0.000,0.000,5.000,23.000,86.000000
18194366.000000,6,22.000,21.000,0.000,0.000,0.000,7.000,0.000,0.000,3.000,7.000,23.000,83.000000
18195690.000000,6,23.000,23.000,0.000,0.000,0.000,1.000,2.000,0.000,9.000,7.000,23.000,88.000000
18197039.000000,6,23.000,21.000,0.000,0.000,0.000,10.000,3.000,0.000,0.000,5.000,24.000,86.000000
18198394.000000,6,22.000,21.000,0.000,0.000,0.000,2.000,1.000,0.000,7.000,9.000,23.000,85.000000
18199726.000000,6,22.000,22.000,0.000,0.000,0.000,0.000,0.000,0.000,8.000,10.000,23.000,85.000000
18201080.000000,6,21.000,22.000,0.000,0.000,0.000,0.000,0.000,0.000,10.000,10.000,23.000,86.000000
18202454.000000,6,22.000,21.000,0.000,0.000,0.000,8.000,0.000,0.000,2.000,10.000,23.000,86.000000
18203809.000000,6,22.000,20.000,0.000,0.000,0.000,9.000,0.000,0.000,1.000,9.000,23.000,84.000000
18205153.000000,6,22.000,23.000,0.000,0.000,0.000,0.000,0.000,0.000,9.000,11.000,23.000,88.000000
18206521.000000,6,22.000,20.000,0.000,0.000,0.000,9.000,0.000,0.000,1.000,10.000,23.000,85.000000
18207868.000000,6,22.000,19.000,0.000,0.000,0.000,14.000,0.000,0.000,0.000,10.000,22.000,87.000000
18209244.000000,6,22.000,22.000,2.000,0.000,0.000,2.000,0.000,0.000,8.000,12.000,22.000,90.000000
18210584.000000,6,21.000,20.000,0.000,0.000,0.000,1.000,0.000,0.000,8.000,12.000,23.000,85.000000
18211971.000000,6,23.000,19.000,0.000,0.000,0.000,11.000,0.000,0.000,0.000,11.000,23.000,87.000000
18213346.000000,6,22.000,21.000,0.000,0.000,0.000,7.000,0.000,0.000,2.000,10.000,23.000,85.000000
18214701.000000,6,22.000,22.000,0.000,0.000,0.000,0.000,0.000,0.000,9.000,11.000,23.000,87.000000
18216066.000000,6,22.000,22.000,0.000,0.000,0.000,6.000,0.000,0.000,2.000,10.000,23.000,85.000000
18217424.000000,6,20.000,22.000,0.000,0.000,0.000,0.000,0.000,0.000,10.000,11.000,23.000,86.000000
18218768.000000,6,22.000,22.000,0.000,0.000,0.000,0.000,0.000,0.000,9.000,11.000,23.000,87.000000
18220128.000000,6,22.000,21.000,0.000,0.000,0.000,1.000,0.000,0.000,8.000,11.000,23.000,86.000000
18221480.000000,6,22.000,21.000,0.000,0.000,0.000,10.000,0.000,0.000,0.000,12.000,23.000,88.000000
18222839.000000,6,21.000,21.000,0.000,0.000,0.000,5.000,0.000,0.000,2.000,11.000,22.000,82.000000
18224187.000000,6,21.000,22.000,0.000,0.000,0.000,0.000,0.000,0.000,9.000,14.000,23.000,89.000000
18225556.000000,6,22.000,21.000,0.000,0.000,0.000,4.000,0.000,0.000,5.000,11.000,23.000,86.000000
18226909.000000,6,22.000,19.000,0.000,0.000,0.000,11.000,0.000,0.000,0.000,11.000,22.000,85.000000
18228256.000000,6,22.000,21.000,0.000,0.000,0.000,7.000,0.000,0.000,3.000,12.000,23.000,88.000000
18229606.000000,6,21.000,22.000,0.000,0.000,0.000,3.000,0.000,0.000,6.000,11.000,23.000,86.000000
